0,4253734283,"BadrMedia","BadrmediaEng","GLOBAL JİHAD NEWS AND ANALYST",16,309,0,6,"","None","2015-11-23 01:24:26","None"
1,4252899736,"المسافر","almusafir622","",3,27,0,0,"","None","2015-11-22 22:36:11","None"
2,1001313522,"Abu Musab","musab2700","",81,381,0,100,"","None","2012-12-10 09:38:57","None"
3,3289977512,"Hamza al gharib","hamza_gharib","Si jamais ils vous attrapent, ils vous lapideront  ou vous feront  retourner à leur  religion,  et vous  ne  réussirez alors plus jamais.}  Sourate 18, V20",12,153,0,67,"Dar al kufur","None","2015-07-24 14:19:44","None"
4,4089837259,"Aarafat Rahman","aarafat_rahman","",8,67,0,2,"","None","2015-11-01 10:31:51","None"
5,4241119534,"Abu Ayman","kaluluu2","",11,134,0,28,"","None","2015-11-21 09:21:42","None"
6,3347257221,"Yusuf Al Britani","YusufAlBritani","#4th Online Geek. Curious and Passionate",1087,554,8,1177,"","Dublin","2015-06-27 06:51:28","None"
7,1887439562,"أم نسيبة","umm_nusaybah01","هي الدنيا ورب البيت تفنى.",216,279,0,294," ","None","2013-09-20 18:39:37","None"
8,2863434509,"ammar","AAmmarejaz159","",14,156,0,26,"","None","2014-11-06 05:59:08","None"
9,4071037823,"Daily Regress","Daily_Regress","The REAL story behind Daily Express headlines...well kind of",80,692,1,101,"","None","2015-10-29 23:05:11","None"
10,3267208170,"Red Viper","redviper931","",0,7,0,0,"","None","2015-07-03 16:29:37","None"
11,2740754872,"isa Khattab","isa_khattab3","",8,94,0,32,"","None","2014-08-12 11:57:13","None"
12,3121341826,"mohammed","2_mohammed_2990","Assalamu A'alikum , I'm on twitter just to keep up with what is happening in the Middle East ( Muslim world )",196,530,0,786,"","Belgrade","2015-03-27 13:24:28","None"
13,3029067389,"Dimeşk JN lover","tawh333d","",720,895,2,10534,"Orası Burası","None","2015-02-10 23:56:49","None"
14,2980863483,"Muhammed Ilâmi","muhammedisra02","https://t.co/5wzurUY2XP 'te Yazar.  // Columnist at https://t.co/7fa6g4hqca   // Journalist in Syria.",4493,397,33,6077,"Idlib","Bucharest","2015-01-16 09:51:37","https://t.co/5wzurUY2XP"
15,2590500822,"abu sumayah","abusumayah5","",6,103,0,3,"","None","2014-06-27 01:00:18","None"
16,4233694156,"Umm Sabir","WifeOfAShaheedd","I share my experiences and thoughts about being the wife of a shaheed.",127,145,0,87,"","None","2015-11-20 10:03:28","None"
17,388896551,"Shu-Shu","shaslivy","",716,742,26,14032,"","Sydney","2011-10-11 14:34:51","None"
18,2700527595,"Sufi Master","MasterSufi","",2,87,0,0,"","None","2014-07-11 21:44:19","None"
19,2572526017,"Fatima","FatimaEl83","",17,278,3,3,"","None","2014-06-17 08:27:43","None"
20,3312530046,"Sayf al-Dawla","IlllIlllIlIIIIl","I'm back",119,258,0,160,"","None","2015-08-11 16:14:12","None"
21,230585598,"Complicater","snazzyhandria","Truth Seeker. Conspiracy Theorist. Liberalist that Anti Liberalism,Comunism,Shia,Israel or Pro it all. Nationalist. Pro Sustainable. MentalDisorder. FreeMinded.",220,421,1,5092,"Indonesia","Jakarta","2010-12-26 01:54:10","None"
22,2171005436,"『MERT』مرت","mert_s_","AMACIMIZ İYİLERLE BİR OLUP GÜÇLÜ OLMAK",52492,42638,54,76392,"#SANCAK_TİM","None","2013-11-02 21:58:17","None"
23,4299750372,"عبدالرحیم بن شکیل","abdurraheem313","",8,69,0,5,"","None","2015-11-20 10:15:31","None"
24,4232839306,"Abou Henk La Haye","HenkLaHaye","",31,189,0,1,"","None","2015-11-20 07:32:31","None"
25,1055273504,"Md.Sahadot Hossain","sahadot3","",9,48,0,27,"","None","2013-01-02 14:42:41","None"
26,4231889427,"dumatolanjunud3","dumatolanjunud5","",88,154,3,74,"","None","2015-11-20 04:59:36","None"
27,3970904817,"1","kennillion","",0,240,0,0,"","Pacific Time (US & Canada)","2015-10-16 09:13:14","None"
28,53698631,"zaid aman","coolguyaman","",58,575,0,4805,"India","New Delhi","2009-07-04 16:03:46","None"
29,3341843392,"Amar Bashir","abuardaa","“Be like a warrior,⁰Take this life as a test,⁰Your treasure is good deeds,⁰Your enemy is Shaitan and nafs,⁰Your goal is Jannah.”",126,515,0,49,"Dunya","None","2015-06-22 17:57:45","None"
30,146761408,"Kassim","kassim_0156","I Me Myself",35,405,0,858,"High in Sky","Chennai","2010-05-22 07:55:27","None"
31,2787713910,"Pilate","Bringerpeace","Ex-Atheist turned Catholic. Here to learn about Islam and the mess called Syria/Iraq.",98,171,2,2414,"North Pole","Rome","2014-09-03 10:59:27","None"
32,3190422302,"abu musa al bengali","sabilillahz","",22,109,0,7,"","None","2015-05-10 04:38:55","None"
33,3946448961,"Bedir Medya","BedirMedya2","| Bizim savaşımız TEVHİD savaşıdır. |{ | Şeyh Enver Evlaki |}{ Zindan evladır zilletten, Zillete boyun eğmiş diz çökmüş bir milletten. }Şeyh Makdisi",1237,657,4,2086,"TORA BORA","Pacific Time (US & Canada)","2015-10-13 12:43:40","None"
34,4277285119,"Muhammed Ibn Huseyin","tawheednjihad","",22,194,0,0,"","None","2015-11-18 09:18:14","None"
35,463214017,"Abbas Ahmad","AbbasAhmad5","",55,197,0,819,"Islamabad, Pakistan","Islamabad","2012-01-13 21:18:32","None"
36,4157558659,"Global Media","GlobalMedia33","Breaking News from all over the world",20,651,0,41,"İstanbul, Türkiye","None","2015-11-07 13:29:03","None"
37,1266684973,"Ehmed JeHaxrD❎","EhmedJeHaxrD","",7,60,1,44,"Male' Maldives","Islamabad","2013-03-14 09:53:32","None"
38,3301425964,"Leila♡","Liila_622","",88,280,4,555,"Andalusia, Spain","None","2015-05-28 07:05:34","None"
39,2811991803,"amareli8","amareli8","",1,1,0,1,"","None","2014-10-06 23:59:55","None"
40,99196490,"Umm Zubaydah","NabilahHassin","Dont speak like you know everything , when actually you know NOTHING . Die in your rage :) Abu A :v",1364,547,2,34068,"Al-Ardh","Kuala Lumpur","2009-12-25 01:12:13","None"
41,1879506607,"Sven Tosun","SvenTosun","",59,582,0,165,"","Athens","2013-09-18 13:26:47","None"
42,2821365767,"minztee","minztee1","",0,422,0,0,"","Ljubljana","2014-10-10 18:06:20","None"
43,3947898076,"Ibn John","Ibn_John","Analysis only.",0,208,0,0,"In the sand.","None","2015-10-13 16:07:09","None"
44,4244600292,"Usayeed Safwaan","usayeedsafwaan2","#AQAP #AQIM #AQIS #TALIBAN #AlShabaab #Ansar_Al_Shariah #LIBYA #TUNISIA #YEMEN #Ansar_Al_Islam #IRAQ #Bangladesh #TTP #JN #Jund_Al_Islam #Emirate_Qawqaz #TIP",43,162,0,249,"Islamic Emirate Afghanistan","Astana","2015-11-15 10:39:04","None"
45,3892123834,"AliyuLwali","Aliyulawal2015","",52,570,0,24,"","None","2015-10-07 17:49:30","None"
46,3624870316,"Abou Hatim La Haye","AbeHatim7","",150,169,0,10,"","None","2015-09-11 22:30:38","None"
47,2609300456,"Beloved Witness","BelovedWitness","Witnessing the return and rise of Khilafa. insha'Allah (not affiliated to any group)",62,299,0,27,"Darul Kufur","Dublin","2014-07-07 09:38:49","None"
48,3172850925,"Mindvision","Mindv1sion","Oh Mankind, what has deluded you from conveying the truth ?  Media Analyst  | Islamic Reminders",1387,664,1,1597,"","Belgrade","2015-04-16 14:16:07","https://t.co/mKI4bRuAeW"
49,3277225548,"Shameer C K","CShameerck","",12,114,0,24,"","None","2015-07-12 08:25:15","None"
50,4241878692,"Ocean Lion","oceanlion13","",97,208,2,119,"","None","2015-11-15 04:44:41","None"
51,4214044574,"Abdul Matin","_abdul_matin_","",284,143,2,74,"","Pacific Time (US & Canada)","2015-11-12 16:11:12","None"
52,4192742543,"Abu Musliim","3u5lim","new account / random thoughts / reminders",101,226,0,53,"","None","2015-11-15 08:58:28","None"
53,4131641367,"sam adams","samadam63716119","",4,428,0,3,"","Pacific Time (US & Canada)","2015-11-07 04:33:29","None"
54,576606685,"45","Qr3sD","",439,123,1,3,"","Atlantic Time (Canada)","2012-05-10 21:53:51","None"
55,4238019793,"AJ","abujamaludeen02","",163,52,5,43,"","None","2015-11-14 20:05:29","None"
56,3741195977,"iSL@MiSfOR3V3R","MaalikR3l0aded","",109,1053,5,395,"","Pacific Time (US & Canada)","2015-09-22 18:02:31","None"
57,3036985010,"paolatranx","paolatranx","",40,248,2,1043,"","None","2015-02-22 21:52:24","None"
58,2598764052,"ah","Tameri93","",8,212,0,3,"","Athens","2014-07-02 00:23:18","None"
59,973787676," Ali","AlimAziz91","",43,767,0,16,"","Berlin","2012-11-27 12:24:49","None"
60,901560308,"Hamza LOUAIB","HamzaLOUAIB","",27,279,0,19,"","None","2012-10-24 10:11:18","None"
61,4178987121,"abu shishan","abu_shishan","",7,53,0,4,"","None","2015-11-13 13:33:00","None"
62,4204580355,"Jones D. Carl","JeffDeMoran","Military Expert.-Middle East and Terror Expert",56,855,1,109,"","None","2015-11-16 20:59:08","None"
63,4074932752,"Jack Yellow","JackYell001","Jack Vs Giant",39,354,0,0,"Up in The Clouds","Pacific Time (US & Canada)","2015-10-30 11:41:08","None"
64,4010771195,"Ilyas Ocean","OceanIlyas","oshan",19,121,0,4,"","None","2015-10-21 16:49:06","None"
65,4193871267,"Abu Bakr","abubakribnumar","New account. Here for news, following the Syrian conflict.  RT&fav ≠ Endorsement.",24,204,0,0,"","None","2015-11-15 12:41:42","None"
66,3983456350,"sheikh","hamzaA08","call me sheikh",26,87,0,17,"","None","2015-10-18 00:57:43","None"
67,2976628379,"Jundallah","Kalthoum_chs","Musulmane",264,585,1,888,"","None","2015-01-13 15:43:14","None"
68,4195406655,"Abu Walrus","AbuWalrus","Muslim | Quran and Sunnah | Turkish/American | Revert | English/Türkçe | Read Disclaimer(Formerly AbuLion)",117,461,0,818,"","Pacific Time (US & Canada)","2015-11-15 17:15:15","https://t.co/gJaZCwqPlO"
69,190280139,"Asghar Bukhari","AsgharBukhari","Please note all my tweets are my personal views and not the views of http://t.co/YZdm3Ro9",5479,2409,123,41723,"","London","2010-09-13 15:09:52","http://t.co/PwTBo3lj8A"
70,3342552075,"Dilara","DilaraKinay","Bu hayattaki en zor şey nedir diye sorsalar, bir an bile tereddüt etmeden insanlara kendini olduğun gibi kabul ettirmek derdim.",16485,14441,9,1549,"İstanbul, Türkiye","Pacific Time (US & Canada)","2015-06-23 11:54:05","None"
71,841357189,"Sağlam İrade","Saglam_Iradee","Abdülhamit Hana Sahip Çıkamamanın Bedelini 100 Yıl Kaybederek Ödedik. Bu Sefer Canımız Pahasına Erdoğan'ın Yanındayız...",92467,80728,19,18135,"Türkiye","Istanbul","2012-09-23 09:12:48","None"
72,1976322043,"Ebumerjem","EbumerjemIS","",34,110,2,16,"Benghazi","Belgrade","2013-10-20 20:16:51","None"
73,4191465609,"Ali Mahdi","abumuhammad9215","",55,624,0,67,"","None","2015-11-15 04:57:46","None"
74,2672827710,"karim","bougi2014","",65,444,2,6,"","None","2014-07-23 08:35:02","None"
75,1162910052,"ورده بسي","aiedanurul","I might be even wrong, rest Allah know best :')",320,468,1,5738,"Asylumers","None","2013-02-09 13:09:45","None"
76,2925150377,"Abu Sufyan al Azdi","_noworry","",226,1237,0,3129,"","Bucharest","2014-12-16 15:21:11","None"
77,3343151241,"Mohammad Awad","mohammad_awad89","#23| Outbound Responsible Leader. Hardworking & dedicated.",23,32,1,93,"Stockholm, Sverige","None","2015-06-23 21:58:52","None"
78,574569414,"RTErdog4n","isa_sahinturk","RTErdog4n askıda... GÖRENLER TAKİP ETSİN İNŞAALAH, GERİ TAKİP LİMİTİ BOŞALDIKÇA YAPACAĞIM.",19310,13200,67,2052,"TÜRKMEN DAĞI!","Istanbul","2012-05-08 13:45:50","None"
79,3315367114,"AKulaberoğlu","akulaberoglu53","#AK53 #ReisinToprağı #EvladıOsmanlı #KadirMısırlıoğluHayranı",6018,5220,2,794,"#OnlarKonuşurReisYapar","None","2015-06-09 16:40:46","None"
80,3720096315,"Abdurrahman Turki","abdrhmn_trk","...Allah, emrinde galibdir, fakat insanların çoğu bunu bilmezler.",39,42,0,23,"Halep, Suriye","Istanbul","2015-09-20 18:17:10","None"
81,4188256469,"ابو جابر الفلسطيني","NasrulMuminien","Tweets :  عربي | english | deutsch مترجم من العربية إلي الألمانية .Übersetzer vom Arabischen ins Deutsche",31,219,0,11,"لبنان صيدا ","None","2015-11-14 18:36:54","None"
82,4188004810,"AM","umarthebritish","",5,155,0,2,"","None","2015-11-14 17:40:43","None"
83,4187984303,"abu khuzaymah","abu_khuzaymata","If you are in, you are in.",26,366,0,25,"","None","2015-11-14 17:47:39","None"
84,4235572099,"PeaceForAll","PrayForPeacex","",9,66,0,11,"","None","2015-11-14 14:46:53","None"
85,485709591,"Hesabı Sorulur","gecmisinhesabi","",2415,2724,6,6343,"","Hawaii","2012-02-07 14:01:20","None"
86,4118114181,"AbuTariq Al Tanzania","AbuTariq002","where is ur Walaa & Baraa?????????",182,236,1,155,"Dar Lkufur","None","2015-11-05 08:47:03","None"
87,4180235560,"Nûr Al-Iman","NurAl__Iman","Un faible serviteur d'Allah.",67,270,0,209,"Dunya","None","2015-11-13 17:08:53","https://t.co/p66xft9xsU"
88,2515084801,"Zelkāhf","AkhiInBlack","أبوعُمير خان | بَدَأَ الإِسْلاَمُ غَرِيبًا وَسَيَعُودُ كَمَا بَدَأَ غَرِيبًا فَطُوبَى لِلْغُرَبَاءِ | مخطوب #إنتل #LFC",4256,997,7,56274,"Wilayah Zelkāhf","Kuala Lumpur","2014-05-22 10:22:13","https://t.co/8fWr0fs4Gr"
89,20511771,"Vinnie O'Dowd","VinnieoDowd","London-based journalist. Work appears on @Channel4News, BBC Newsnight surespot:vinnieod 00447454924493",1751,1938,36,4275,"London","London","2009-02-10 13:08:30","None"
90,3006292769,"Nasheed Hunter","NasheedHunter","salaam",25,65,0,322,"somewhere ","None","2015-01-30 19:53:13","https://t.co/GWOn5PvEsU"
91,3697778473,"uummaarr","uk7320942","",22,139,0,19,"","None","2015-09-26 23:46:56","None"
92,3227133942,"feeq3","feeq33","FOLLOWER OF NEWS(Dont be sad;indeed Allah is with us)",314,1815,4,5,"","None","2015-05-26 14:19:56","None"
93,4150928367,"abu soud al habash","SoudHabash","In luv with isis & hsm",19,253,0,107,"Darul kufr tz","None","2015-11-09 18:32:37","None"
94,4169800749,"Ислам Исламов","saadmuhacir","",63,66,0,102,"","Istanbul","2015-11-12 08:10:17","https://t.co/l0YHjBfUxa"
95,4172753535,"AllahMa3ana","Zara_Musaafirah","كن مسلماً وكفــــــــــــــــــــــــــــــــــــــــاك بين الناس فخراً  كن مسلمــــــــــــــــــــــــــــــــــــــــــــاً وكفاك عند الله ذخراً",30,280,0,10,"   عين الحلوة ","None","2015-11-12 17:24:54","None"
96,4172315104,"Borderless Loyalty","borderless_man","",4,238,1,0,"","None","2015-11-12 15:45:23","None"
97,2214442231,"Abu Muhammad","ns45678","",89,434,3,852,"","Athens","2013-11-25 17:52:34","None"
98,210951599,"Baghdad Invest","baghdadinvest","Blogging about current affairs in Iraq. Campaigning for a better #Iraq. For press enquiries please email info@baghdadinvest.com",36320,35784,499,24194,"Baghdad Iraq","Madrid","2010-11-01 21:52:49","http://t.co/wt1ShWdEvU"
99,4162701773,"M","RMonitoring","",2,258,0,0,"","None","2015-11-11 08:59:28","None"
100,2897253853,"KhorasanWatch","BrigadeTruth","| News and Information on War in Afghanistan | following/ posts/ RT are not direct indications of support or approval. Not affiliated with any group or entity.",310,84,6,1130,"Dar ul Kufr","None","2014-11-12 06:09:11","None"
101,2956708717,"abo hassan malacca","melakacabai84","Please don't block me follow issue ummah.i' m Muslim and I'm not teroris.",23,427,0,1015,"","None","2015-01-03 02:02:49","None"
102,4159702798,"WorldOfIslam","WorldOfIslam_1","Don't be humiliated and ask for peace, while you are on the Uppermost and Allah is with you. [Qur'an, 47:35]Not affiliated with any group, only with Islam.",22,67,0,172,"","None","2015-11-10 22:43:44","https://t.co/8vCRoX6gcz"
103,2463403406,"Dilshad Khan","dilshadabuhafs","",24,554,0,14,"","None","2014-04-25 15:55:24","None"
104,3243350291,"Mauro","MauroCandela70","",299,470,2,98,"","None","2015-05-09 12:20:54","None"
105,3164986266,"ibeliver","ibeliver2","",109,435,2,912,"","None","2015-04-20 08:09:19","None"
106,1604660268,"Ousman_r","Ousman_r","",1,27,0,0,"","None","2013-07-19 00:36:41","None"
107,3138216409,"abuyousef115","abuyousef250","",6,160,0,0,"","None","2015-04-04 00:23:28","None"
108,4181507180,"Suman Alfatih","suman_alfatih","",9,122,0,13,"","None","2015-11-09 17:34:31","None"
109,3376147805,"Abu Jisr","bridgeportjisr","it doesn't matter anymore life lost its color and people getting annoying Haram everywhere TIME to set the record straight with la ilah illa Allah ☝",238,237,0,281,"Islamic Earth of Galaxy","None","2015-07-14 18:16:00","None"
110,254530054,"Febry Prayugo","prayugo24","You know how they say 'you can't live without love'? Well, oxygen is even more important",261,557,8,7424,"Bumi Allah SWT","None","2011-02-19 13:26:19","None"
111,4096886959,"Sayfil 'Adl","SayfilA","Anti Khawarij (ISIS) for the haq and for the religion of Allah walaw karihal kafiroon.",69,152,0,449,"","None","2015-11-02 01:49:48","None"
112,4020708080,"Ghost veiled","Ghostveiled","",2,24,0,0,"","None","2015-10-26 04:38:20","None"
113,336488696,"Faruk_UYGUR","Faruk184","ITU Mechanical Engineering Department",42,186,0,31,"istanbul","None","2011-07-16 11:26:46","None"
114,1862930791,"Imran Mazumder","ImranMazumder3","",72,268,2,1,"","None","2013-09-14 06:41:24","None"
115,4114797922,"Bilel","Hedj_Vador","Fav/Retweet≠endorsement",71,473,3,903,"","Pacific Time (US & Canada)","2015-11-04 21:20:07","None"
116,349854757,"ismailovic","ismaeelovic","",0,2792,0,142,"","None","2011-08-06 20:23:32","None"
117,3235619544,"Imran Ahmed Rony","Ia8490835Rony","students",21,166,0,10,"Dhaka, Bangladesh","None","2015-06-04 03:59:02","None"
118,3020993885,"#euSOS KIDSfreeze","neengatunews","Apóie!Terras⛺ América d Sul Já! PolíticaPública⛺ MS⛺BR JÁ! Ttr@cimi e informe-se!  Transparência Total #CPIGENOCÍDIO INDÍGENA MS BR!",1605,3718,87,4739,"","None","2015-02-06 04:02:11","None"
119,4073502493,"Hafidh Nafi Nur","NafiHafidh","",10,52,0,3,"","None","2015-10-30 23:04:57","None"
120,4119512721,"Anonymous78","HackDemAll","Keep going, nothing to see here.",6,154,0,37,"","None","2015-11-05 13:24:17","None"
121,3243817256,"sham","nokolemail","",52,384,1,634,"earth","None","2015-06-13 03:00:28","None"
122,271124301,"imran","flexyy005","",96,43,1,2110,"","Casablanca","2011-03-23 22:23:39","None"
123,4086491052,"Junda Al-Mahdi","KhoibarYaaYahud","لا إ له إ لا الله   محمد رسول الله",26,51,0,53,"","None","2015-11-01 03:32:54","None"
124,596455783,"hammam","ad_fbr","Do'a kan dan nasehatialah aku!",1558,672,0,116,"","Jakarta","2012-06-01 13:16:04","None"
125,776525432,"vips","lafaussepiste","",36,486,4,2844,"","None","2012-08-23 18:41:11","None"
126,3611275349,"NordicWarriorxxx","Alex30Marko","anti-genocide,anti-dictatorship,Anti-russian,Anti-Assad,anti-communist,war-news from Syria,Ukraine and other news",610,229,2,3,"","None","2015-09-10 16:39:07","None"
127,2631551349,"muslim crescent","muslimcrescent1","",370,2387,5,2798,"","None","2014-06-22 14:41:35","None"
128,2755587187,"AL AFGHANI","alkabulee","Sahih Bukhari 9 88 204 If two Muslims take out their swords to fight each other, then both of them will be from amongst the people of the Hell",219,135,1,4167,"Afghanistan","Tehran","2014-08-22 16:30:11","None"
129,1550187145,"Abdul wahid","AbWahid55555","",0,192,0,4,"","None","2013-06-27 09:04:26","None"
130,1318163514,"Beyaz Minare Haber","BeyazMinare_","Yazar - Editör / Columnist - Editor",3311,411,9,4638,"Guantanamo","Kyiv","2013-03-31 11:09:53","http://t.co/HNt5HbiDx8"
131,2455366430,"tanveer ahmed","tanveer883","",99,1654,2,139,"Posadas, Argentina","None","2014-04-20 18:11:30","None"
132,2320872770,"المؤمنون يرون ربهم","HubbuSahabati","",73,216,0,734,"","Pacific Time (US & Canada)","2014-01-31 14:22:17","None"
133,4064193500,"News Time","TimesNews11","News First",78,777,0,51,"Israel","Pacific Time (US & Canada)","2015-10-30 03:00:08","None"
134,839655624,"Abdul Basit yxfzai","gr8YxfZai","",635,298,24,18706,"","Budapest","2012-09-22 12:26:38","None"
135,3367961747,"Abu Usama","AbuUsama7666","Allah hu akbar Islam will Rule in Sha Allah ☝️Here for news not associated with any banned outfit.",217,1178,1,2201,"Planet Earth","None","2015-07-09 17:28:42","None"
136,3071590982,"faaris","knowUrfoe","||Student||Networking Associate||",590,435,8,2429,"place called paradise on Earth","None","2015-03-10 15:00:29","https://t.co/3ku92Rn0dm"
137,2769480687,"Salahudin Al Shuhada","AboeGhaza","اللهم انصر من يجاهد في سبيلك إعلاءً لكلمتك اللهم أخلص نواياهم لك وعافهم واعفوا عنهم ameen (RT doesnt meant I agree)",320,469,6,2588,"","None","2014-09-14 00:47:37","None"
138,4099891936,"Akhmad.Dudaev","akhmad_dudaev","Justice SeekerDar al Kuffar",67,657,2,26,"","Pacific Time (US & Canada)","2015-11-02 20:55:57","None"
139,4100188513,"Ibrahim Ibrahim","ibrahim199313","searching for the righteous path...",20,80,0,0,"","None","2015-11-02 08:59:39","None"
140,4025925353,"Mudasir Yusuff Malik","Alhazen_malik","",6,29,1,38,"","None","2015-10-23 18:16:01","None"
141,3870989657,"Moncef Badraoui","Moncefbadraoui","",16,151,0,2,"","None","2015-10-05 12:24:28","None"
142,1344029437,"sajjjad","MeSajjjad","Aur Jo ALLAHKiRah Me Maare JayenUnhen MurdaNa KahoBaL KWo Zinda HainHan TumhenKhabr Nahi.(Surah-E-Baqrah,Ayat: 154)",76,267,0,4844,"","None","2013-04-11 10:03:36","None"
143,966761834,"A.Ihusan","A_Ihusan","----------------------------",18,137,0,242,"","Karachi","2012-11-23 20:13:02","None"
144,3379457254,"Al Barraaq","Luqmaan_17","",3,43,0,45,"","None","2015-07-16 21:25:01","None"
145,3025713236,"ابو محسن","B95KAZ","الحمد لله",66,271,0,623,"","None","2015-02-18 12:19:47","None"
146,3308467978,"Omar Mohammadi","omarmohammadi27","",182,851,0,1,"","Pacific Time (US & Canada)","2015-06-04 17:15:05","None"
147,1645742281,"Gallois Duriez","Gallois_Duriez","Intelligence Officer @Terror_Monitor | #Security & #Terrorism Analyst | #Counterterrorism Specialist |",442,2964,13,2684,"Paris, Ile-de-France","Pacific Time (US & Canada)","2013-08-04 17:26:41","https://t.co/m455qwczWu"
148,3184961282,"عبدالله","shahjimmy22","لا تحزنو يا اخوتي اني شهيد المحنة",57,201,1,8,"","None","2015-05-04 08:48:14","None"
149,3053672694,"teo","teobali","",3,213,0,11,"","None","2015-03-01 21:19:26","None"
150,3602740350,"jamildawar","jamildawar76","It`s so simple to be wise..just think of something stupid to say and then don't say it...",22,170,0,18,"peshawar pakistan","None","2015-09-18 07:47:15","None"
151,3915807557,"Oussama","choufwaiqra","La Ilaha ila Allah, Mohammed raçoulouLlah.Allahoumma salli 'ala Mohammed wa 'ala ali Mohammed. Allahoumma Amine.",8,186,1,1298,"","None","2015-10-10 06:12:02","https://t.co/qxEd5ESOJf"
152,1553997000,"kaşif","QASIFx","ALLAH. | ANTI-ISIS | Once I realized words could touch you, I wanted to become a poem. |",172141,173202,165,12796,"personality over beauty","New Delhi","2013-06-28 21:02:46","https://t.co/gM2yFrll4N"
153,189873145,"VampireLovesCandy","IshfaqueHakiem","#Doctor to be, i just wanna sleep, eat pizza and cuddle. #FreeKashmir #TeamCardiology لا اله الا الله محمد رسول الله",32342,31493,27,58336,"Georgia / Kashmir   ","Quito","2010-09-12 13:26:43","https://t.co/qzb930DpP8"
154,3091946247,"ria","girlseguraria1","Hay que ser mry valiente para reconocer los errore. propios, los ajenos se reconocen enseguida",149,1536,0,1057,"","None","2015-03-15 10:26:26","None"
155,3332333020,"it's me","IzetBin3","",109,188,2,658,"","None","2015-06-18 08:29:41","None"
156,1057297412,"shahrooq bhat","shahrukh0902","",28,429,0,3,"","None","2013-01-03 09:09:00","None"
157,101626755,"Abu Neta","ZulvikarAnang","بِسْــــــــــــــــــــــمِ اللّهِ الرَّحْمَنِ الرَّحِيْم",92,551,0,320,"","None","2010-01-04 01:49:15","None"
158,308659196,"iBearzZHD","iBearzZHD","لا اله الا الله محمد رسول الله",32,54,1,269,"","Athens","2011-05-31 19:45:35","None"
159,3343620371,"waseem","RebelWaseem","",81,907,0,168,"","None","2015-06-24 04:12:24","None"
160,3222468394,"في قلوبكم قاعدة ","ahmadsomaali","وان غدا  لناظره قريب",10,33,0,55,"","None","2015-04-29 22:33:50","None"
161,3159498684,"ObserversGate","ObserversGate","Observer’s Gate website is a part of a Jordan-based non-profit institution concerned with arts and culture named “WATAR”. #Strategic #Analysis #MENA",929,1670,12,454,"Hashemite Kingdom of Jordan","Pacific Time (US & Canada)","2015-04-16 11:59:42","http://t.co/6ZZ2AIY139"
162,59810425,"IslamMagz","islammagz1","",1484,436,9,27270,"Indonesia","Hanoi","2009-07-24 15:32:55","http://t.co/9YDspdbEIE"
163,2668395959,"Muhammad shakil","umaribnkhalid","let the eyes of the coward never sleep",47,107,0,141,"","None","2014-07-03 16:13:50","None"
164,1356598022,"malabata","malabata2013","",17,182,0,6,"","Amsterdam","2013-04-16 10:52:06","None"
165,3966785954,"Ibn e Qataal","IbnQataal","",75,143,2,67,"","Islamabad","2015-10-21 07:37:17","None"
166,3243447975,"Umm Honey","umm_honey","☝☝",152,589,0,475,"Under the sky","None","2015-05-09 14:28:15","None"
167,2708855004,"Muhammad","arabianfze","",48,203,1,78,"india","None","2014-08-05 09:37:59","None"
168,3929546164,"Abu Hasan Turki","DjabhatNusra","",86,185,1,469,"","Pacific Time (US & Canada)","2015-10-11 17:07:39","None"
169,589748471,"Khaled AL Homsi","PalmyraPioneer","Media & Archaeologists & Human Rights Activist From The City Of Palmyra in Syria",4041,5001,121,4830,"#Syria #Homs #Palmyra","Baghdad","2012-05-25 06:29:31","https://t.co/QblYGm2xSn"
170,4039101784,"Afoelaan","afoelaan","",8,297,0,0,"","None","2015-10-25 13:06:48","None"
171,3132352984,"Maha khan","ManahilQuraishi","",33,149,1,252,"","None","2015-04-04 03:48:17","None"
172,2935955271,"Abu Laith","AbuLaith313","",263,168,0,362,"","None","2014-12-21 22:29:59","None"
173,3231109101,"muha-gorgi ibrandrze","mukhtaribrahme","",19,112,0,10,"","None","2015-05-03 17:25:50","None"
174,1268338472,"free gaza","a27fahmi","Workout sleep eat",63,434,0,96,"United States","Eastern Time (US & Canada)","2013-03-15 00:08:32","None"
175,3052068072,"Abu Ubayda","imranfaruqe","",28,292,0,13,"Bangladesh","None","2015-03-01 08:47:38","None"
176,905894354,"Hanif Ata Bek","X001Bek","",37,212,0,150,"","None","2012-10-26 12:25:12","None"
177,2321751539,"dinkesa dink","dinkesadink","",15,308,0,96,"","Pacific Time (US & Canada)","2014-02-03 11:57:14","None"
178,3530113760,"Ustaz Hussein","silatsharaf","Author of Iron Sultan: 40 Lessons in Islamic Leadership for Business, Politics and War. Combatives Trainer, Medic, Polyglot, Lover of Cats, Crypto & Caliphates.",133,312,3,700,"Japan and Malaysia","None","2015-09-11 19:57:33","http://t.co/xqje9w100g"
179,771712122,"جميلة إسطنبول","Anatouria","جميلة من إسطنبول",4154,4187,5,6,"","Istanbul","2012-08-21 15:29:46","None"
180,3170874665,"Pashtun Cat","CatInPashtunHat","Official spokesperson of myself // Just a Cat in a Pashtun Hat // Not in your Baqiyyah fanclub // News // I post what I want ¯\_(ツ)_/¯",1267,354,5,1997,"*on a break*","Azores","2015-04-15 18:33:05","None"
181,3267386970,"Sayf-Allah","damuppl1","",85,89,2,37,"Wilāyāh Khurāsān","None","2015-07-03 21:38:16","None"
182,75322942,"Mohsin Majeed","mohsinmajeed96","#19 #Muslim #HeriotWattUniversity #Malaysia #Chemical #Engineering #Doha #Qatar #Pakistan",125,104,3,345,"Putrajaya Federal Territory","Kuala Lumpur","2009-09-18 16:33:32","None"
183,3098277060,"Abu Theeb al-Amriki","jundallahgharbi","DM for Wkr, Lieutenant Abu Khaled ibn al-Waleed of Ahl al-Hadeeth,  defending ar-Raya of ‏‏‏ ‏‏لا إله إلا الله محمد رسول الله",168,136,0,890,"land of Jahaliyya ","None","2015-03-19 19:23:19","None"
184,3390422325,"A","qwwdorfcffffg","here for news about the ummah",7,173,0,5,"","None","2015-07-24 04:37:35","None"
185,1584020898,"sumoworstelaar","b_el_h_89","",0,1044,4,4,"","None","2013-07-10 21:16:19","None"
186,3960661396,"Yasiin Stigz","WonkeyWombat","",5,55,0,23,"","None","2015-10-15 00:46:39","None"
187,3196393451,"Joe Sumup","JoeSumup","I support the oppressed people all over the world.I don't support or condone any form of terrorism.I support the struggle of the Syrian people.",521,2020,12,9195,"","None","2015-04-23 00:25:49","None"
188,356972011,"Django","kashmir4ever","mere lafzun se na karr mere kirdaar ka faisla,, tera wajood mit jaega meri haqeeqat dhundtey dhundtey",264,539,9,12909,"","Quito","2011-08-17 17:03:33","None"
189,2840545064,"Farha Zeba","Zeboo75","",5,57,0,174,"","None","2014-10-04 20:52:27","None"
190,2910652189,"Salfi Mukhtar","Salfi_Mukhtar","",12,158,0,25,"","None","2014-11-26 06:26:17","None"
191,3250130216,"Khan Sahab","Khan_Sahab007","",54,415,0,0,"","Pacific Time (US & Canada)","2015-06-19 23:01:20","None"
192,1157251392,"Caliphate observer","atifabbasi13","Lives in Pakistan and a war analyst.",1033,2557,5,357,"Islamabad","None","2013-02-07 14:17:01","https://t.co/Xg9NgVwNiP"
193,3970426520,"أبو حذيفة السلفي","huthaifasalafi2","",7,152,0,0,"","None","2015-10-21 15:31:17","None"
194,2783800791,"Jack James","salamakhi","",11,131,2,46,"","Belgrade","2014-09-25 15:21:50","None"
195,385633929,"Idus Negus Boomaye","IdzMilitia","Its just me against the world......and myself.",42,89,0,456,"","Amsterdam","2011-10-05 21:00:45","None"
196,3956573920,"Hafizz","Hafizz28Hafizz","",54,234,4,4,"","None","2015-10-14 14:21:45","None"
197,1030404829,"Dave Fry","DFrydek","",2,77,0,0,"","None","2012-12-23 11:32:08","None"
198,3068567489,"Tom^jerry","tomjery46","my retweet does not show i m agree with that tweet or my support of that tweet",59,240,3,557,"","None","2015-03-03 19:37:33","None"
199,3221842770,"فاوزياهعبد الله","ozeanimi2909","",97,497,1,939,"","None","2015-05-21 03:01:24","None"
200,3094668845,"SLEEPER CELL","Victory_Front1","May our faces shine bright.",1000,191,9,1108,"shaam","None","2015-03-18 14:38:09","None"
201,3014425256,"Macscots","macscots","Syria",7,284,0,58,"","None","2015-02-09 14:26:15","None"
202,3313174542,"Shoaib Nasar","shoaib_nasar","",20,58,0,54,"","None","2015-08-12 09:34:55","None"
203,2821807170,"Moey El","ElhouliMoe","",48,629,0,20,"","None","2014-09-20 12:50:39","None"
204,3391165853,"Quruxley","davidthesalafi","A young black man living in the west (sighs and hopes for the best)",508,369,6,4507,"salafi town","None","2015-07-27 23:43:49","https://t.co/gefoyUQCpJ"
205,3815149763,"Salah Salah","SalahSs298","",2,45,0,0,"","None","2015-09-29 13:49:47","None"
206,2912324714,"Theseedofhope","tomfordrox43","",3,157,0,2,"","None","2014-11-28 02:36:42","None"
207,3993058642,"usamani","usmaniraid","Defense analyst at freelance co-founder of @warrnews",177,725,1,93,"","None","2015-10-19 07:51:56","None"
208,3909572843,"Мухаммад аль-Кавказ","rrrMuhammad","",590,494,7,2760,"","Pacific Time (US & Canada)","2015-10-09 14:16:46","None"
209,3558165202,"أبو بارا","AbuBara__","I support groups who follow the sunnah of the prophet pbuh.",0,220,0,39,"","Pacific Time (US & Canada)","2015-09-05 18:34:55","None"
210,2910975180,"Motin kibria","motinkibria","analyst",0,506,0,3,"","None","2014-11-26 14:36:05","None"
211,3924954089,"Reader987","Reader123987","",3,33,0,36,"","Pacific Time (US & Canada)","2015-10-11 05:32:31","None"
212,3029902457,"dontworry","1986Motown","Fav/Follow/RT ≠ endorsements.. The Believer is not Stung from the Same Hole Twice",49,273,0,348,"Australia","None","2015-02-11 09:16:02","None"
213,2895106548,"ikhram harahap","ikhrampp1112","saya baik",47,195,1,333,"İstanbul, Türkiye","None","2014-11-09 23:39:24","None"
214,2491198986,"أبو عبيده","abu_ubaydah333","‏لا إله إلا الله محمد رسول الله",272,243,1,231,"","None","2014-05-12 09:58:26","None"
215,1388967152,"Arish Mollah bn Reza","abureza5","",136,507,0,452,"South Carolina, USA","None","2013-04-29 08:07:09","None"
216,3426185031,"medina9996_jr","medina9996_jr","RTs and FAVs are not always endorsements - Proud to be a dirty kafira #blockistan is haram :-))",196,111,4,1253,"Italy","None","2015-08-16 16:46:14","None"
217,3056321856,"CNG Car","int8086","",13,484,2,2333,"Salt Lake City, UT","None","2015-03-02 14:16:50","None"
218,3474215661,"danae  Carraro","kuminskiylyubo4","Loves Chicago, bright colors, dark chocolate & soccer. Check out my Vimeo page for films and",55,1632,0,5,"","None","2015-08-28 23:07:46","None"
219,2268638505,"Muslimah","muslimah_bint","The world is full of nice people. If you can't find one ,be one..!!",459,712,0,240,"Traveler","Skopje","2014-01-08 11:14:50","None"
220,2268638505,"Muslimah","muslimah_bint","The world is full of nice people. If you can't find one ,be one..!!",459,712,0,240,"Traveler","Skopje","2014-01-08 11:14:50","None"
221,3903703580,"Abu khalid","Abukhalid5001","O you who have believed, what is the matter with you that, when you are told to go forth in the cause of Allah, you adhere heavily to the earth.",7,24,0,12,"","None","2015-10-15 14:44:05","None"
222,3239875561,"Kouser","JatoiKouser","",1,27,0,6,"","None","2015-06-08 12:23:43","None"
223,2954723914,"Abu hudaifah","13_hudayfah","",299,309,0,2142,"Dar ul kufr .","London","2015-01-01 12:05:13","None"
224,316279716,"NNajmS","abu0nuha","",45,97,0,86,"","Kyiv","2011-06-13 06:25:04","None"
225,3961213277,"Abu Omar al-Amriki","Shammwow2","",51,36,2,28,"","None","2015-10-15 02:22:10","None"
226,3694643713,"sfb","sfeeq3","",15,302,0,0,"","None","2015-09-26 16:58:40","None"
227,3826989507,"Burhan Seferi","burhan_seferi","",119,488,0,403,"Skopje","Skopje","2015-09-30 20:02:21","None"
228,105543749,"arch","arch2412","",1,40,0,28,"","None","2010-01-16 17:37:59","None"
229,2767540115,"TheSearchForTruth","NazirImran123","",0,16,0,1,"","None","2014-09-11 22:44:20","None"
230,3927943396,"metal music team","MetalcoeTeam","",209,1877,1,115,"Los Angeles, CA","None","2015-10-11 13:02:53","None"
231,140874664,"Taaliah Nazar","Taaliah76","Award winning Journalist with big aspirations Wonderwoman has nowt on me.Founder of SaleWestVoice. Shortlisted Guardian Student Media Awards 2014",28981,6310,74,13645,"Rifling through your rubbish..","Casablanca","2010-05-06 15:48:21","https://t.co/OWBwpwRsim"
232,3565988534,"greenbird","LeperKonar","",65,110,0,16,"","None","2015-09-15 00:57:39","None"
233,3957396815,"BAka","hikaru_yoshiko","owner of a startup software company",5,272,0,2,"Japah, Central Java","Pacific Time (US & Canada)","2015-10-14 16:36:29","None"
234,3081450771,"YASAM DİN","YASAM8998","Proudly Muslim Live in Turkey,if you're ok with that follow me. İRKÇILIĞA TAHAMMÜLÜM YOKTUR,irkçılığa israr edenler SİLİNİR !",4076,3949,30,21908,"","None","2015-03-09 12:37:06","None"
235,3868494494,"قاتل الكفار 54","wersteiner7","account 54, i slay filthy kuffs....",20,38,0,163,"","None","2015-10-12 10:19:40","None"
236,110356502,"吉岡","hds883jp","",6,128,0,0,"","None","2010-02-01 07:34:17","None"
237,99729024,"Md.Anisur Rahman","amiriaz80","",18,233,0,24,"Dhaka,Bangladesh","Mountain Time (US & Canada)","2009-12-27 15:42:26","None"
238,3352970487,"Zakariyya Droste","DrosteZakariyya","",117,437,0,1078,"bayn mashriq wal maghreb","None","2015-07-01 10:32:14","None"
239,141410670,"Abu Anas","TesladDaDon","U won't understand أبكي على شام الهوى",994,1376,8,31679,"Abeokuta «-----» Ibadan ","Madrid","2010-05-08 01:22:52","http://t.co/HfirqrNrFA"
240,141410670,"Abu Anas","TesladDaDon","U won't understand أبكي على شام الهوى",994,1377,8,31679,"Abeokuta «-----» Ibadan ","Madrid","2010-05-08 01:22:52","http://t.co/HfirqrNrFA"
241,2879638258,"BDFDPDEI","ARTAILEI","",1,707,0,0,"","Paris","2014-11-16 14:33:33","None"
242,3916869569,"Andy Brown","AndyBr4","",1,140,0,0,"","Pacific Time (US & Canada)","2015-10-10 08:56:06","None"
243,3331799926,"Abu Maryam","abumaryamalmay2","",2,46,0,0,"","None","2015-06-17 20:48:11","None"
244,243705103,"أبو جواش","abudjiwach","",51,760,0,283,"","None","2011-01-27 16:48:11","None"
245,3918868863,"Usmamalik Usma","UmUsma","",2,10,0,0,"","None","2015-10-10 14:09:25","None"
246,3088570335,"Mohamed Ali","mohamedow1992","",68,339,0,23,"","None","2015-03-12 11:30:30","None"
247,2573495713,"abduldzhabbar","abduldzhabbar","Muslim",11,73,0,16,"","None","2014-06-17 19:55:03","None"
248,3405055078,"Abdelhakim","abdelhakimabou2","",1,30,0,1,"","None","2015-08-06 01:07:24","None"
249,151798586,"かねやん","kaneyan_y","",0,188,0,4,"埼玉県","Tokyo","2010-06-04 08:03:46","None"
250,2264633803,"blackflag in maldive","HussainShaheem1","",16,95,0,4,"Male. maldives ","Islamabad","2013-12-27 16:53:58","None"
251,2268145971,"rayhan (young ray)","young_rayhan","",54,102,0,1143,"","None","2014-01-08 04:21:11","None"
252,328923693,"Michael","mdigiorgio71","In the beginning the Universe was created. This has made a lot of people very angry and been widely regarded as a bad move.",197,587,12,4876,"Port Macquarie NSW","Brisbane","2011-07-04 08:13:49","None"
253,3186980960,"Abdullah","greenpeace1436","A muslim in search of light, hates hypocrites, disbeliever of Taghut",5,75,0,37,"","None","2015-05-06 19:27:24","None"
254,2737752306,"Ahnaf_Safwan","Zzundullaah","",52,398,0,25,"","Ekaterinburg","2014-08-16 18:07:54","None"
255,3919855101,"AQNewgeneration","AQgeneration","",214,49,2,70,"","None","2015-10-10 16:38:27","None"
256,3092565868,"tsab_kloro","wdcacmod8928282","",41,780,1,302,"","Belgrade","2015-03-16 19:47:51","None"
257,3904427614,".","islam13456","",0,244,0,84,"","None","2015-10-09 00:58:35","None"
258,3890949383,"Anonymous2015","a_rugova2015","",130,2066,1,55,"","None","2015-10-07 15:00:48","None"
259,177835390,"Aatif Sofi","ibnyousf","Khilafat ala Minhaj un Nubuwwah",117,499,3,2203,"I kept wiping the mirror again and again, but little did I know the dust was on my face.","None","2010-08-13 05:06:13","None"
260,634585265,"Dhiraar bin Azwar","ASamodien","",39,293,1,552,"","None","2012-07-13 13:48:30","None"
261,3234057555,"Ibraheem Al Almanii","IbraheemAlmanii","",23,81,0,4,"","Belgrade","2015-05-04 19:31:54","None"
262,432598808,"Albantany","THELaPizza","",17,308,0,18,"","Jakarta","2011-12-09 15:33:10","None"
263,2877833963,"dulnureyn","talx_","Rts/follow=/=endorsements ..وَمَن يَتَوَكَّلْ عَلَى اللَّهِ فَهُوَ حَسْبُهُ..",18,294,1,3362,"","Nairobi","2014-11-15 10:37:12","None"
264,2973415944,"Muhammad Ashfaq","collings00","",33,221,0,110,"","None","2015-01-11 00:58:26","None"
265,2875062761,"Ayoub Tah La Cité","PsyckoReynerie","Le Mariage est la principale cause du divorce",26,190,0,297,"Bikini Botom ak Bob Tehla cité","None","2014-11-13 13:25:01","https://t.co/JXWEoRu255"
266,3735599785,"উমর বিন খাত্তাব","UmorBK_BD","",11,92,0,5,"","None","2015-09-30 09:50:59","None"
267,3239337303,"Abu mohammed omar","Adam1Abo","Belgian nusra fighter Live form allepo News and updates",105,391,1,131,"West-allepo","None","2015-05-06 20:07:57","None"
268,547587183,"Jundullah Muwahid","AnaJundullah","لا إله إلا الله محمد رسول الله | Islam began as somethn strange and will revert 2 being strange as it began, so give glad tidings to the strangers. [Muslim]",96,150,2,565,"","New Delhi","2012-04-07 10:32:22","None"
269,3184138167,"unshakable","unshakably","",166,1597,2,18,"","Belgrade","2015-04-19 18:52:35","None"
270,3111080830,"Abdullah Muhammad","bigbeard0001","simple muslim trini",40,258,3,928,"","None","2015-03-24 17:55:30","None"
271,483010845,"SamiYusufOfficial","SYOfficial","Welcome to the http://t.co/qnus1xF9fv Twitter account. We love & adore Spiritique! @SamiYusuf is exclusively managed & represented by @AndanteRecords",53040,24964,132,89873,"","Yerevan","2012-02-04 15:04:36","http://t.co/eDezUCEA5B"
272,3025405047,"manjonx","manjonxy110","",29,391,2,5,"","None","2015-02-08 19:36:56","None"
273,272017169,"Jahir","theababil_","",180,426,0,547,"","Chennai","2011-03-25 17:03:46","None"
274,3152455819,"خالد عثمان","Khaled_Uthman","",3,338,0,0,"","Karachi","2015-04-13 07:22:11","None"
275,2173547365,"aseptnov","aseptnov","",45,1041,0,0,"","None","2013-11-04 07:49:09","None"
276,3829476454,"AQ*Yasen_Al_Turki","MrobotRoot","",17,193,0,0,"","None","2015-10-01 02:07:46","None"
277,1114004749,"TheRighteousLion","A55ad","",10,93,0,6,"","Karachi","2013-01-23 10:02:10","None"
278,367650155,"Muhammad Lingga","TuahLingga","Saya Hanya Orang Muslim Yang Awam Yang Merindukan Kejayaan Islam...",132,1062,3,38,"Indonesia","None","2011-09-04 09:51:48","None"
279,2947856380,"Sayful Muntaqim","Sayfulhaqqq","- Ceux qui se rappellent le plus souvent de la mort et ceux qui se sont le mieux préparer pour ce qu'il y a après elle, ceux-là sont les intelligents.",49,309,0,0,"","None","2014-12-29 02:05:34","None"
280,3783849674,"srf658565","srfshd658565","i am a student...    here in bd",7,78,0,2,"","None","2015-10-04 18:37:52","None"
281,3788646205,"Mohammad Zaid khan","zaidkhanobra","If u r a player then i m a game?????",6,67,0,10,"India","None","2015-10-05 04:56:09","http://t.co/xcBYnR43tu"
282,24462961,"i dont think so","downunderdeb","serendipity",93,1175,3,1556,"Australia","Canberra","2009-03-15 01:09:40","None"
283,3110183633,"GreenBirdMediia","GreenBirdMediia","Tweets : العربية • Eng • Germ | freelance Reporter on all jihadi related things | RTs ≠ endorsements ‎",315,321,3,819,"","Pacific Time (US & Canada)","2015-03-24 12:17:01","None"
284,2539462778,"karim bourras","karimbourras","Quand on a une dent contre un kouffar, il est inutile de macher ses mots !",273,808,0,626,"","None","2014-06-01 12:08:18","None"
285,3783205393,"Muhammad Ibn Maslama","IbnMaslamah1","",20,196,0,33,"","Pacific Time (US & Canada)","2015-10-04 17:07:34","None"
286,3268161690,"Hate the Politics™","PoliticsAnti","",20,67,0,541,"","None","2015-07-04 15:32:42","None"
287,3269238571,"Abu Bakar Siddique","Khalid_Al_Hindi","",8,182,0,72,"","None","2015-07-05 15:48:49","None"
288,1331158897,"Ajmal hussain","ajuhussain","",165,845,5,329,"Riyadh, Kingdom of Saudi Arabia","Chennai","2013-04-06 09:24:34","None"
289,575281271,"Pro_Gamer","ProGamer1998ish","Love Science and rational thinking, Pro-environment. Support the Greens but do not blindly support them and I disagree on some things.",35,283,0,266,"","Sydney","2012-05-09 11:43:28","None"
290,3559713612,"Abu Hudayfa Astrali","AAstrali","",247,753,1,25,"","None","2015-09-14 11:36:55","None"
291,3454836442,"Sayful Muntaqim","Sayfu_l_Haqq","- Ceux qui se rappellent le plus souvent de la mort et ceux qui se sont le mieux préparer pour ce qu'il y a après elle, ceux-là sont les intelligents.",332,308,4,195,"Islamic Emirate khurasan","None","2015-08-27 06:06:50","None"
292,2970397859,"syrienwar.de","syrienwar","Aktuelle Nachrichten & Ereignisse über den Krieg in #Syrien. Gegen Assad, Putin, USA, IS, Hizbullah & Iran. FacebookSeite: https://t.co/0v2eQ09y4i",195,211,6,581,"Berlin","Pacific Time (US & Canada)","2015-01-09 20:59:22","https://t.co/k7zoKpFEHG"
293,3304381942,"mohammed abdallah ","68c8b933f3ac420","",3,66,0,1,"","None","2015-05-31 04:06:32","None"
294,3705591976,"KingdomJordan","alkaraki10","God, Country, The King",59,308,0,65,"","Prague","2015-09-19 09:07:06","https://t.co/b2fOnasshY"
295,2967910846,"Thawr01","thawr01","",27,518,3,0,"","None","2015-01-08 14:30:35","None"
296,3043561019,"ابو عمر","AboOmar12390","",47,665,0,89,"","None","2015-02-17 20:32:47","None"
297,2939451261,"khalil arnaout","truestorybro201","",52,391,0,169,"","Pacific Time (US & Canada)","2014-12-24 13:07:36","None"
298,3259853346,"Maryam Tahira","GLeaf38","",15,104,0,130,"","Pacific Time (US & Canada)","2015-06-29 12:52:29","None"
299,3270711812,"I Love Islam.","Friend01872040","",56,594,0,33,"","None","2015-07-07 06:00:14","None"
300,2404808996,"Ali Ayya","patriot_mald","",153,1987,0,25,"","Islamabad","2014-03-22 17:22:37","None"
301,3424783055,"SLEEPER CELL","victory_front5","",287,222,3,7,"","None","2015-08-15 21:27:08","None"
302,3009013954,"ThalesTheorem2","Thales_Theorem2","",173,484,0,7,"","None","2015-02-01 01:23:27","None"
303,3101040668,"Sweet","Sahusd","",3,87,0,24,"","None","2015-03-21 06:09:13","None"
304,3306602620,"سنحيا كراما","twtm99","‏‏إما أن نحيا كراما ... أو نموت ... فنحيا عند الله كراما فاصبروا وصابروا ورابطوا واتقوا الله لعلكم تفلحون",213,986,0,513,"","None","2015-06-02 12:03:19","None"
305,3683276714,"mulan 365","mulan_365","",8,53,0,10,"","None","2015-09-25 16:34:02","None"
306,3746392514,"Harun Abdullah","HarunAbdullah88","Muslim revert, I'm also married.",8,44,1,7,"","None","2015-10-01 09:22:30","None"
307,3134404988,"Yunus","yunus312","",1,207,0,37,"","None","2015-04-03 06:41:29","None"
308,3740074573,"Abu Waleed","searching4newz","Islamic Emirate Of Afghanistan",19,48,0,12,"","None","2015-09-30 19:33:36","None"
309,3679796596,"DawahAkh","DawahAkh2","| Ahl as-Sunnāh wal-Jamāʻah | Upon the way of the Salāf | Kunya: Abu Hamza | Dawah account |",635,2441,0,103," أَرْضُ اللَّهِ وَاسِعَةً","None","2015-09-16 23:32:26","None"
310,3822334216,"Crimes on Muslims","india_crimes","Reporting Crimes and Bigotry of india against muslims. Retweet and support.",333,1283,0,17,"","None","2015-09-30 07:51:02","None"
311,1618115748,"shedow-rex","shedow_rex","Was a Muslim once ruled the world.",27,222,0,1,"","None","2013-07-24 16:32:15","None"
312,3444373338,"Bint_Albaraa","Bint_Albaraa","...but Allah has preferred those who strive hard and fight, above those who sit (at home){An-Nisa: 95}",39,116,1,6,"","None","2015-09-04 04:51:32","None"
313,2269491206,"usame akill","deluxe73662620","",146,291,0,1733,"","Hawaii","2013-12-30 22:11:38","None"
314,3266547732,"dhiraaralazwar","dhiraaralazwar1","",3,15,0,2,"","None","2015-07-03 00:58:05","None"
315,3490448597,"Uzair Ibn Hassan","UzairIbn","Alhamdulilah",11,115,0,51,"","None","2015-08-30 11:17:49","None"
316,257530703,"chloe","dammit_chloe","I work with computers.",14,265,0,246,"","None","2011-02-25 16:35:54","None"
317,2414928764,"hussain shiham","KalhuZakariya","",278,1880,0,747,"","None","2014-03-27 21:44:04","None"
318,2834453434," عامل مؤكسد''","sheftme1","",0,1067,0,3,"","None","2014-10-16 18:03:03","None"
319,2902815223,"Oum Hibba","OumHibba","",171,562,0,126,"","Eastern Time (US & Canada)","2014-11-17 13:34:28","None"
320,3411161412,"Farheen Khan","Farheen24004248","",14,189,0,2,"","None","2015-09-01 04:56:29","None"
321,884921580,"Boucif Idriss","BoucifIdriss","",154,1903,4,2046,"","None","2012-10-16 17:49:22","None"
322,3397165101,"Bushra Jehangir Khan","Bushra_jkhan","",58,205,1,592,"","None","2015-07-31 14:47:48","None"
323,2438338922,"عرفان","Bhatirfanhamid","Although the disbelievers dislike it",99,98,3,159,"Unknown","None","2014-04-11 11:11:48","None"
324,3346733361,"Islam pall ","WahdatWafa","",437,793,0,399,"","None","2015-06-26 18:22:45","None"
325,2592934170,"ခါလာ","1234KHARLAR","",122,1112,0,623,"","None","2014-06-28 11:32:33","None"
326,2620280208,"Abuw Retweet","abuw_ukasyah","RTs= bookmarks 4 myself. Need no followers",485,391,4,6843,"","Urumqi","2014-07-12 04:09:09","None"
327,3180320131,"prona","probanuaI","ahlussunah wal jama'ah",128,441,2,5544,"","None","2015-04-30 06:30:45","None"
328,152451706,"javed ahmad","javed_5215","",213,349,2,798,"afghanistan","None","2010-06-06 00:58:10","None"
329,2721622321,"Abid","abid517","Lover of ALLAH's Deen.",54,197,0,434,"","None","2014-08-10 13:19:24","None"
330,3439856234,"king kong","kingkong9211","i m hungry.....",66,539,0,135,"","None","2015-09-03 19:04:42","None"
331,3786128842,"أبو الوليد","abouwalidNDA","",6,119,0,11,"","None","2015-09-26 21:45:01","None"
332,293186162,"Spickupiblic","Spici1","",37,482,0,979,"Macedonia","Greenland","2011-05-04 22:25:58","None"
333,2900766760,"Z","MR_Z_1984","A Nobody",18,125,0,189,"","None","2014-12-01 15:59:26","None"
334,1662939672,"Echo Six6 ","Alistan209T","I love who loves me..and the one who hate me...I should never hate..just be better than..A.k.P",37,145,0,19,"","Istanbul","2013-08-11 16:43:36","None"
335,202355526,"Muslim Graffiti","MuslimGraffiti","Salah (5 daily prayers) One of the first accountable acts on the day of Judgement, so lets hold strong to our Salah. We must all try harder",811,1712,17,14882,"","London","2010-10-13 21:33:02","https://t.co/1qHNMebt7a"
336,2833778129,"Muhammad","al_qayyoom","Middle East News Analyst. RTs and Follows ≠ Endorsements. Muslim. Alhamdulillah. Not affiliated to any groups or governments.",0,1136,2,35,"Planet Earth","London","2014-10-16 10:22:35","None"
337,3546720012,"Observer_2015","observer__2015","Researcher, journalist, keeping eye on current affairs and observing daily changes going on in the world",13,221,0,176,"","None","2015-09-13 07:34:24","None"
338,2665047948,"Khuram Naveed","khuram_naveed2","",90,482,1,685,"","Pacific Time (US & Canada)","2014-07-21 06:12:00","None"
339,2995013060,"mantol","sketchuser_man","",1,233,0,1764,"","Krasnoyarsk","2015-01-24 18:56:16","None"
340,3684059174,"Md Shohel Rana","shohelranatokyo","",32,207,0,8,"Kita, Tokyo","None","2015-09-25 18:12:25","None"
341,2827124016,"Only info","Jujukbh","What Are Your Priorities In Life?",112,972,2,312,"","None","2014-09-23 00:37:29","None"
342,337716264,"Fatih kılıç","AfnanMalizie","Mencintai Ummu Mu'minin A'isyah RA sebagaimana aku mencintai ibuku. Supporter of Islamic Emirates of Afghanistan. Victory or Martyrdom.",486,755,5,21696,"Somewhere in Earth","Kuala Lumpur","2011-07-18 13:34:51","http://t.co/bsMhrXj8Fo"
343,2151120994,"Ibraheem","d3b_0","",92,283,0,373,"Manchester","None","2013-10-24 14:52:13","None"
344,1934538397,"Abu sufyan","sippeybro","",43,578,0,3,"","None","2013-10-04 14:56:24","None"
345,273636340,"Ahmet Sezen","asezen77","",33,174,1,0,"istanbul","Istanbul","2011-03-28 21:43:46","http://t.co/4os4TXc6KX"
346,3627060077,"Rafidi Hunter 4","JutRafidi","Islamic State will remain and expand by Allah's will alone.",226,407,2,6345,"Wilayat Twitter","None","2015-09-12 03:28:00","None"
347,1305063270,"Ibn Imran","jubaadarda1","",302,216,0,1039,"","Casablanca","2013-03-26 17:51:33","None"
348,2601669210,"RajaSaab™","Raja5aab","Rajput Tribe™ Sehnsa Kashmir Quran Sunnah our way of Life",241,707,4,5192,"","None","2014-07-03 13:41:03","None"
349,1036906422,"Liridon Shala","ShalaLiridon","",81,1056,0,33,"Around the world","None","2012-12-26 11:26:11","None"
350,2389592472,"Aasim","AasimMohammadIs","‏‏‏‏‏‏‏ ☝️",54,277,2,2026,"331","None","2014-03-14 18:08:06","None"
351,3291507813,". .","JurgenSchart1","",1,18,0,11,"","None","2015-05-20 16:26:16","None"
352,3017726762,"AbuubA","SmIbz","",20,195,0,15,"","None","2015-02-12 19:58:37","None"
353,234925810,"Majid Freeman","Majstar7","⭐ OFFICIAL ACCOUNT Instagram: Majstar_7 ⭐ SNAPCHAT: Majstar7 Pls donate NOW @ https://t.co/adrTZKJShh (100% donation pol) #OneLove ❤ #OnePain #OneUmmah ☝",9789,692,103,54275,"Leicester, England","London","2011-01-06 22:41:14","https://t.co/GJ73L9d0HM"
354,268404260,"N O B I T A","UrSoZour","following updates of mujahideen around the globe and a Chicago Bulls fan",81,327,1,2590,"Philippines","Alaska","2011-03-18 18:09:57","None"
355,2770321022,"isais","isais61","",77,336,0,13,"","None","2014-08-26 16:07:30","None"
356,3431447345,"Umar الخراساني","umar_khurasani","I'm here to support Islam which is ahlus-sunnah-wal-jamaah upon the manhaj of salaf-us-saliheen.",379,1131,1,610,"under the lowest sky","None","2015-08-19 12:45:46","None"
357,3761824282,"usame","EkinUsame","kelimei tevhid için savaşan tüm mücahidleri severim.",547,1724,0,139,"","None","2015-09-24 16:10:09","None"
358,3670822334,"!","teahater__","~NOT a spy ~NOT affiliated with ANY organization.",10,211,0,1,"","None","2015-09-24 13:40:07","None"
359,3147174646,"Ibrahim","baba09876","",139,347,1,59,"","None","2015-04-08 07:59:20","None"
360,3435980087,"Abu Abdullah","AbuAbdullah0015","",50,381,2,0,"","None","2015-08-22 21:32:22","None"
361,2604976982,"Mohd Sami","samifrmgkp","",37,65,0,175,"","None","2014-07-05 07:05:22","None"
362,2297271012,"mohammad yasir hayat","swiftorthotics","",10,117,0,1,"","None","2014-01-18 04:50:46","None"
363,3343179434,"Abu Umar","Abu_Umar15","Sons of Islam everywhere, the jihad is a duty - to establish the rule of Allah on earth and to liberate your countries and yourselves from America's domination",9,45,1,50,"","Pacific Time (US & Canada)","2015-08-26 01:17:30","None"
364,123645195,"Ibne Abu Anas","ibneabuanas","I am pleased with Allah as my Lord Islam as my religion And Muhammad as a Messenger",233,102,3,1041,"","Islamabad","2010-03-16 19:34:03","None"
365,520928612,"Hanin A. D","heidyrien","The system isn't working",349,326,11,8249,"","Amsterdam","2012-03-11 02:24:31","None"
366,3411384792,"Abu Zayd","AbuZayd47","",9,84,0,31,"","None","2015-09-01 05:25:35","None"
367,3727639337,"q","t40777523","",4,9,0,0,"","None","2015-09-21 11:18:29","None"
368,3667599389,"Compte fermé","MullahSayfullah","compte fermé",14,18,0,25,"Imamat Al Khurasan","None","2015-09-15 20:46:47","None"
369,2320385340,"Amin Abdullah","aminabdullah77","",47,362,0,533,"","None","2014-01-31 07:13:55","None"
370,3353296761,"Al Islam","FajrUnit","",35,195,0,10,"","None","2015-07-01 15:50:33","None"
371,3369415216,"Tuba Media","TubaMedia1","Явилась истина, и сгинула ложь. http://t.co/Ka1SV2idRP",371,114,2,43,"","Pacific Time (US & Canada)","2015-07-10 15:25:07","None"
372,2650790341,"ابو سعيد نعمان","nomangias","",505,1287,1,37,"","None","2014-07-16 11:23:04","None"
373,1480087771,"Abdul #Hameed","378Hameed","",129,1074,4,466,"","Islamabad","2013-06-03 16:12:24","None"
374,3180310736,"Dida Zahra III","zahra_dida","The Dust Will Never Settle Down",158,308,0,1584,"","None","2015-04-30 07:04:28","None"
375,3382679625,"Emdadul Haque Mamun","MamunEmdadul","I am not so good person but try to be a one.",4,50,0,1,"Maynamoti,Comilla,Bangladesh","None","2015-07-19 06:35:36","None"
376,3574933752,"Ebu Waqas","Mr_Waqas_","Photography || Nature, Sky, Light, Rainbow, Lamppost etc.",5,207,0,299,"UAE","Pacific Time (US & Canada)","2015-09-15 20:12:11","None"
377,3328379388,"Ular Api","ularapi583","",67,1228,2,2150,"","None","2015-08-24 10:44:04","None"
378,99114531,"Ahmad Farzad","farzad69faiq","",17,161,0,42,"","None","2009-12-24 14:35:41","None"
379,2978350407,"Houdhayf Youssouf","buDaoud13","«Ô notre Seigneur, donne-nous de Ta part une miséricorde; et assure nous la droiture dans tout ce qui nous concerne». [Sourate 18 - Verset 10]",237,476,3,4707,"Marseille","Paris","2015-01-14 17:26:18","None"
380,3157433165,"ahmed-al-hind","ahmedalhind","",12,205,0,4,"","None","2015-04-11 18:16:26","None"
381,3143263375,"Yasin Chowdhury","yasinmus","retweets are only bookmarks for myself‏, but favourites are endorsements•‏MUSLIM ‏JIHADI INTP • لا أعلم العربية إلا قليلا • pls dont follow unless requested",14,112,0,761,"","None","2015-04-07 11:29:12","None"
382,281578215,"نظامدين ابن منير","The_Dawn_has_Ap","Guide us to the straight path -The  path of those upon whom You have bestowed favor, not of those who have evoked [Your] anger or of those who are astray.",75,196,0,148,"A traveller in this dunya","None","2011-04-13 15:13:46","None"
383,3736068022,"FAZAL M","FAZALM12","",23,169,0,7,"","None","2015-09-22 06:15:29","None"
384,3087521014,"i'm back obama!","nurinhereyes","woman/femme.Ya ayyuha lladhina amanu ttaqu Allaha wa kunu ma'a s-sadiqin.(9:119)contre toute forme de terrorisme et acte contraire à l'Islam.",28,63,0,179,"none of your business...","Belgrade","2015-03-11 18:39:58","None"
385,18671937,"Abu Ubaidha","V_FreaKy","Paradise is under the shade of swords ..",430,592,8,2463,"Idlib, Syria","Islamabad","2009-01-06 12:21:55","None"
386,3304100394,"kevin Alester","kevelar129","follower of the quran and sunnah and salaf. (note not salafi but muslim no sects in islam)  ANTI ISIS",21,93,1,878,"Switzerland","Pacific Time (US & Canada)","2015-08-02 10:04:23","None"
387,2320794146,"abdul rahman","Abdulrahman94a","",9,189,0,18,"","None","2014-01-31 13:24:55","None"
388,382658601,"Señor Yogurlado","Pahlawaan87","",87,1193,2,682,"","International Date Line West","2011-09-30 13:24:02","None"
389,3439194532,"christophe","delarace711","",26,248,0,1009,"","None","2015-08-25 13:22:39","None"
390,3729207784,"Abu Azzam","Abu_Azzam23","I'm a lover of Allah's greatness. May he bring about the destruction of the kuffar and the triumph of his deen!",68,180,2,975,"","None","2015-09-21 14:45:46","None"
391,2935030624,"wortelsap","yasinalmorabit","",23,85,0,59,"","None","2014-12-21 09:50:10","None"
392,3057338037,"samir bota","samirbota","",886,2758,1,12100,"","Pacific Time (US & Canada)","2015-02-23 22:14:49","None"
393,3589414341,"Nasheed list","NasheedList","Asalamu alaikum, please show me support I am just getting started and will be able to offer lots of content very soon in sha Allah, tweet me to speak to me :)",85,355,0,392,"United Kingdom","None","2015-09-08 16:42:56","https://t.co/7ETlgSioAl"
394,3238440855,"NewSeeker ","ami_aumi","I am not a member of #ISIS or #AQ nor am I a supporter or partisan to ISIS / AQ / JN / any other group. I am only partisan to the truth.Al-wala' wa-l-bara",79,60,5,144,"","None","2015-05-06 07:56:21","None"
395,2536228292,"abu barra al afghani","Me01Al","from amongst the islamists online",141,264,3,836,"dar ul islam ","None","2014-05-31 01:13:56","None"
396,2846417955,"أسامة أحمد","usama_hindi","",49,134,0,67,"","None","2014-10-27 09:11:10","None"
397,2760944808,"Abu Khalid","1Abukhalid","",24,120,0,0,"","None","2014-08-24 00:52:58","None"
398,3705395716,"Un Mounafiq.","unmounafiq","",19,131,0,58,"","None","2015-09-19 08:40:11","None"
399,2895687625,"Salahuddin Yusof","al_7harith","",35,377,0,237,"","None","2014-11-10 13:26:15","None"
400,2914760720,"strange lee","strange12o_lee","",0,14,0,0,"","None","2014-11-30 13:25:57","None"
401,952458050,"bjoern","pluppsverige","In the long lands of falukof.",12,798,1,466,"","Stockholm","2012-11-16 21:38:46","None"
402,3495561814,"بالذبح جئناكم","abufallujah","",6,85,0,1,"","None","2015-08-30 22:35:41","None"
403,3612440053,"Obaid Mirza Chughtai","OMChugtai","",42,424,0,0,"","None","2015-09-19 04:47:37","None"
404,3587542822,"Victory Series NEWS","victorynewshd","Nothing I post or RT is a direct indication of support or approval.",233,34,2,676,"","None","2015-09-08 12:17:51","None"
405,3645129855,"Sm-one","Adobe098","",17,130,0,3,"Sm-where","None","2015-09-13 19:22:58","None"
406,462715260,"#BringBackOurGirls","SholaKassim","CEO Lazeezah Spices, Unappologetic Hijabi Muslimah, Passionate about Islam.",294,1548,2,800,"Lagos, Nigeria","None","2012-01-13 08:11:29","http://t.co/4EiEYsGc"
407,3020387116,"أبو حفص #الفارس","AbuHafasJN","اللهم خذ من دمائنا حتى ترضى",410,446,1,1079,"","None","2015-02-05 19:28:13","None"
408,936240626,"War BreakingNews","warrnews","we provide fresh news from every battlefield",6485,861,107,3825,"world","Baku","2012-11-09 06:21:30","http://t.co/L9eMuR2kKp"
409,2760713547,"Abu Obeida","AbuObeidaShami","‎Nothing I post or RT is a direct indication of support or approval.",227,758,15,12680,"","None","2014-09-03 22:03:56","None"
410,2876382233,"shamil mansurov","garabagdaris","",11,98,0,0,"","Moscow","2014-11-14 13:08:54","None"
411,3272150568,"Hakimullah Mehsood","Shababul_Jannah","A bohemian who doesn't know where his sweetie,cutie and heavenly home is:-). Tandhimul Qaedatal Jihad Fee Bilad As Shaam #Jabhat_Al_Nusrah.",73,303,0,552,"","None","2015-07-08 20:14:03","None"
412,492981732,"Abu Musayyib","Abu_Musayyib","~•If I do not know the reason for my life, I would have tried for top of my Professional, highest of Income, prettiest Wife and Most Famous Man.•~",83,276,0,2175,"Maldives","Karachi","2012-02-15 09:58:07","http://t.co/kpSqSuD2A6"
413,2924871290,"H Harlem H","HHarlemHaleem","Definitive, can you define that?",34,226,0,296,"","None","2014-12-10 00:27:12","None"
414,3404356330,"st8_path","st8_path","إن تكونوا تألمون فإنهم يألمون كما تألمون وترجون من الله ما لا يرجون",67,451,2,1589,"","Pacific Time (US & Canada)","2015-08-05 15:21:03","None"
415,459814000,"Ummah Today","Ummah_Today","Tweeting & re-Tweeting news concerning the islaamic Nation. Favorites are my filing archive. Following & RTs ≠ endorsements",617,909,12,18124,"","Copenhagen","2012-01-10 02:42:22","None"
416,3519247166,"Stefanie","Stefaniekcz","Sup I'm a girl that needs pleasure. This account is for some horny peeps out there",55,884,1,22,"El Monte, CA","Pacific Time (US & Canada)","2015-09-10 20:43:47","None"
417,3229059859,"Avez Ahmed","ihjaz93","",6,68,0,19,"","None","2015-05-28 17:00:05","None"
418,3138747433,"OM Chughtai","OmChughtai","i am Cool boy i am interested in Forreign Affair :)",79,675,1,171,"","None","2015-04-04 08:57:17","None"
419,3291289150,"umar mujahid","themujahid1234","",55,355,0,156,"","Pacific Time (US & Canada)","2015-05-20 12:31:04","None"
420,418462741,"Tinus Oosthuizen","TinusOosthuizen","",458,2073,1,3349,"Pretoria, South Africa","None","2011-11-22 06:18:41","None"
421,2905219472,"castiglione de reva","castiglionereva","",35,569,0,8,"","None","2014-11-20 14:19:04","None"
422,3317747850,"عطاءالله مبارز","fateh_taher","",53,97,0,311,"","None","2015-08-17 13:56:56","None"
423,327283372,"Abu Toran","rezantoran","",186,520,0,731,"","None","2011-07-01 09:18:18","None"
424,3109787041,"Al Muwahideen Media","almuwmed","",3335,620,26,1649,"","None","2015-03-27 10:26:58","https://t.co/zVymrvRcqz"
425,2944574624,"Aamir Maroof","AamirNawzi","",14,195,0,519,"","None","2014-12-27 04:11:55","None"
426,3245163044,"العشرة المبشرين ","IbnMuaaz","",26,78,0,6,"","None","2015-06-14 13:13:04","None"
427,3422415581,"Shaam United","shaam_united","",163,536,2,503,"","None","2015-08-14 15:52:26","None"
428,3310336047,"abou hamza","Swrd_book","",69,405,1,1606,"","None","2015-06-06 09:47:17","None"
429,2228244642,"Mujahidin Cyber Army","Izza_Mujahid","لا حولا لنا ولا قوة لنا إلا باللهReloaded | #OpSaveSyria | #OpRussia | #OpAmerica | #AlQaeda | #MUjahidinCyberArmy | We Are Not ISIS | We Love Al-Qaeda |",3399,249,1,1504,"Aleppo","Jakarta","2013-12-03 12:54:08","https://t.co/9pMKKxBGVM"
430,543487657,"brahim","ibi_070","",2,105,0,0,"","None","2012-04-02 15:16:30","None"
431,3560744956,"TheVictorySeriesHD","VictorySeries1","Series on Current Events for the purpose of Education, Research, Analysis.RT's NOT endorsement ANTI ISIS ANTI BASHAR ANTI HEZBOLLAH",398,80,5,2007,"","None","2015-09-06 00:20:57","None"
432,3550133416,"لندة","lin_maschke","convert girl of german origin. really critical with my families christian culture and eager to find ways to live like a muslimah without discrimination.",30,101,0,35,"","None","2015-09-05 00:36:40","None"
433,2714265060,"Aussie Crusader","aussiecrusader","",245,602,1,1229,"","None","2014-08-07 10:57:07","None"
434,239716491,"Cadillac Escalade","strategyUz","",79,1089,0,2,"Heartland","Abu Dhabi","2011-01-18 07:49:12","None"
435,1634116100,"Huzaifa Ibn Adam","huzaifaibnadem","",137,283,0,418,"","None","2013-07-30 23:59:49","None"
436,315632625,"Muhammed Qasim","MuhammedQasim2","i am Muhammad Qasim",68,343,0,75,"Central Region, Singapore","Pacific Time (US & Canada)","2011-06-12 05:51:39","None"
437,3315980658,"abed","calfozonepurifi","",395,1793,2,1407,"","None","2015-08-15 14:33:17","None"
438,269251049,"Elz Abd ","El_Abdullah","surespot: zubri80fb: Zubri Abdullah",236,1297,2,49,"","None","2011-03-20 11:37:41","None"
439,3499896327,"fani atan","atan_fani","",190,1511,4,91,"","None","2015-08-31 08:31:27","None"
440,89733287,"imWasef","IMWASEF","trying to gain wht i want...t want da help of Allah",20,42,0,69,"Dhaka","Dhaka","2009-11-13 16:18:24","http://t.co/uGYI6nOLvB"
441,3241720065,"উমরপন্থী","UmorponthiS","",5,40,0,6,"","None","2015-05-08 10:56:38","None"
442,3288676825,"حیدر خراسانی","grimreaderja","شریعت یا شھادت",105,285,1,957,"No where","None","2015-07-23 09:18:09","None"
443,2330523397,"PARVAIZ AHMAD","AHMAIDPARVAIZ","",6,170,0,80,"","None","2014-02-06 16:15:39","None"
444,3130745261,"و اعتصموا بحبل الله ","walaatafarraqou","Je ne réponds à AUCUN MP. Pas la peine de m'écrire. Cordialement.",98,1062,0,478,"","Belgrade","2015-03-31 13:48:52","None"
445,2788251840,"blvckunknovvn","H_bint_khaled","Quran and Sunnah before anything.**I'm here to read.**",53,328,1,2,"","None","2014-09-03 17:04:24","None"
446,269825862,"neo69","neo69H","http://t.co/jmxlrqRIZj",15,158,1,729,"","Paris","2011-03-21 14:30:21","None"
447,777072918,"تسديد القروض البنكيه","fazza_111","تسديد القروض البنكيه لعملاء البنوك الراجحي الاهلي الرياض والبنوك الاخرى سداد تعثرات شركة سمه تمويل برهن العقارات المفضله ترحب بكم 0533323945",221461,232487,251,42550,"#تسديد_قروض","Riyadh","2012-08-24 00:43:56","None"
448,3060057278,"slave","SlaverySlave","",79,628,0,215,"","None","2015-03-03 15:41:26","None"
449,2910200192,"Abu qaqa al muhajir","AbuCinga","",372,287,4,446,"","None","2014-11-25 16:43:53","None"
450,86378030,"سنيل فواز ابن أحمد","sunfaz","",87,1418,1,26,"","Abu Dhabi","2009-10-30 19:18:43","None"
451,2902247671,"Momo, isaac","isaac_momo","Analyst/Realist. WAR&PEACE cyberhacker for the islamic umma",15,130,0,633,"Sydney/Lebanon//Paris/Turkey ","None","2014-11-17 01:30:52","https://t.co/joQPFGsEh9"
452,2973391396,"La ilaha il Allah ☝","Ukht123","",78,75,0,0,"Darul Kufr.","None","2015-01-11 16:53:42","None"
453,3090614244,"Sélim Milès","Selim_Miles69","",29,78,5,2720,"","None","2015-03-16 19:03:04","None"
454,520617367,"TkIB","TkIqB","",40,191,0,612,"","Islamabad","2012-03-10 18:19:38","None"
455,3064951577,"WhiteWall","Tea_cup1","lol",24,264,0,195,"","None","2015-02-28 20:20:57","None"
456,3265507733,"ABABIL","TerroristAbabil","SHARIAT YA SHAHADAT",31,474,0,165,"Planet Earth","None","2015-05-17 08:55:16","None"
457,2966378335,"Abu Mussab ","AbuMussab_Burmi","",0,32,0,44,"","Rangoon","2015-01-08 14:02:55","None"
458,2226658212,"Abu Ysmaeeel","Abu_Ysmaeeeel","",185,1081,9,6251,"Syria","Arizona","2013-12-02 13:20:56","None"
459,3018582719,"Abu Muhammad","90Kosovo","",62,134,0,17,"","None","2015-02-04 20:27:52","None"
460,2815045800,"Shamshams","Shamishams123","",1,232,0,798,"","None","2014-09-17 14:59:40","None"
461,3431975729,"Khawarij Crucified","khawarijcrucifi","",11,8,0,102,"","None","2015-08-19 20:21:45","None"
462,3358518793,"Jacob Mathing","CujafJacob","",44,956,0,33,"","None","2015-08-27 10:28:30","None"
463,3061134672,"مجاهد","aoon1987","لا ادعم اي احد تغريداتي قد تكون استفهام وليس موافقه",41,1134,1,54,"","None","2015-03-04 10:21:37","None"
464,3434253094,"Abu Hourayra","AbuHourayraV2","",216,135,4,2891,"","None","2015-08-21 13:42:19","None"
465,2236068839,"أحمد أذهان","azuhaan","",11,150,0,2,"","None","2013-12-21 09:13:18","None"
466,3104018982,"Al salah","Abuleh1","I support everyone who think they are on the right side, Plus I'm commander in al-Easter Turkistan",21,138,5,860,"","Mountain Time (US & Canada)","2015-03-23 02:31:46","https://t.co/F3fLcf5sH7"
467,1527101725,"يماني والطيب عنواني","ymane2014","",241,1474,0,51,"","None","2013-06-18 07:51:49","None"
468,2609211406,"Abu Muhammad","IbnAdamX","La ilaha illa Allah, Muhammad rasoolAllah Jabhat al nusrah.. May Allah give you victory over all your enemies.",139,104,2,68,"Dunya","None","2014-06-14 16:47:58","None"
469,390294622,"Abu Oways","SAhmed0022","Simplicity is best.",108,482,0,1613,"Jannah InShaaAllah","None","2011-10-13 19:19:09","None"
470,3003987714,"Farhad Khan","muvfk","A Nice Guy. NEWS analyst.",99,366,0,596,"Earth","Islamabad","2015-01-30 23:52:52","None"
471,78419468,"Ibn Anwar","Anwar_al_Shamal","",248,1285,4,853,"","Amsterdam","2009-09-29 21:20:05","None"
472,250105413,"Suleiman Al-Khalidi","suleimankhalidi","",247,1366,6,14,"","None","2011-02-10 12:43:20","None"
473,191750613,"H.M Luqman","solider313","",5,163,0,15,"Pakistan","Islamabad","2010-09-17 07:26:53","None"
474,3392375463,"Abu Layth","abulayth127","",4,87,0,1,"","None","2015-07-28 18:03:05","None"
475,3011963332,"zacky","ibn_zacky","",15,267,0,69,"","None","2015-02-02 09:35:28","None"
476,2773522640,"BuMohamed","Bu_A7md_98","",0,839,2,25,"","None","2014-08-27 15:07:29","None"
477,570009221,"!","__44123__","~NOT a spy~NOT affiliated with ANY organization. ~Tweets are temporary (if any),",26,204,0,23,"Darul fitnah","London","2012-05-03 14:19:49","None"
478,235891351,"Some Guy From Yemen","Abu__Muawiyah","|Business Management and Entrepreneurship Student|  |All praise is due to Allah| Controversial Opinions that shouldn't be controversial",431,312,14,2389,"الله يعلم","Arizona","2011-01-09 09:21:02","None"
479,3385459335,"Shabir Burhani","ShabirMaiwand","https://t.co/AVu1w6MJYg",950,5001,16,12441,"Planet earth","None","2015-07-21 06:33:43","https://t.co/AVu1w6MJYg"
480,3435303599,"baladance","baladedemer","",614,4899,1,1264,"Maldives","Pacific Time (US & Canada)","2015-08-22 10:29:32","https://t.co/SLEXertMFg"
481,511700829,"musa ibrahim","MohammadBabu","",0,39,0,2,"mirpur,dhaka","None","2012-03-02 10:14:11","None"
482,3434115034,"Farhan Khan","faizfazall15","",2,84,0,0,"","None","2015-08-21 11:09:10","None"
483,3321963498,"Known Stranger","_Hudhaifah","Previous acct suspended by Tyrants.. || Truth is on the side of Oppressed || Revolution Overseas ||",110,477,2,609,"مقبوضہ #کشمیر ","Pacific Time (US & Canada)","2015-08-21 05:30:51","None"
484,2182145408,"Λωλοστεφανής","alogoafentis","Independent Media & Journalists,Focus on Middle East situation                           #PROREFUGEE",40,203,2,592,"Athens","Pacific Time (US & Canada)","2013-11-08 12:50:19","None"
485,3408149117,"Free Info On Islam","FreeInfoOnIslam","Providing everyone knowledge about the perfect way of life - Islam (submission to the Creator).",2,37,0,53,"Toronto, Ontario","None","2015-08-08 03:53:02","http://t.co/7joNeNzonL"
486,318933041,"Secunder Kermani","SecKermani","قول الحقيقة حتى ولو كان مرا  BBC Newsnight",1867,1891,46,2359,"South side of that river. LDN","UTC","2011-06-17 08:53:52","None"
487,3243202090,"عابر سبيل","Aabiru_Sabeel","Anti-ISIS | Just a well wisher for the Muslimeen | Be in this world as if you were a stranger or wayfarer •Islamic reminders• owner of the #40HadithChallenge",6780,6408,15,12664,"ask.fm/AabiruSabeel","Pacific Time (US & Canada)","2015-05-09 09:09:45","https://t.co/Ejo7DToXZB"
488,2701067399,"البلجيكي","AdamJulaybieb","",43,283,0,160,"","None","2014-07-12 00:33:11","None"
489,1673360179,"Aayan Ansari","aayanansari50","Worship The Creator Not The Creation.Turn To Allah, Before You Return To Allah.Follow me on facebookhttps://t.co/oYW6IY2ssC",8,44,0,74,"","None","2013-08-15 14:40:22","None"
490,3296357150,"Son of Sunnah","Rafidhihunter","Sunni Muslim hamdulilah :)Love The sahabas R.a and Hate The Shias ^_^Not Affiliated to any group and love the brothers Who fight feesabilillah Allahu Akbar",60,392,1,11,"","None","2015-07-26 23:30:24","None"
491,2988718830,"saad salman wazir","peshawar1947","RTs does not mean agreement/endorsement",197,497,3,150,"","Pacific Time (US & Canada)","2015-01-18 15:45:38","None"
492,3020592406,"Aya Bint AbdulRahman","Bint_AbdRahman","",318,215,3,282,"","None","2015-02-05 21:41:12","None"
493,2884160325,"AbuYounes","AbuYunusAlBaraa","Al-Hamdulilah.",72,275,0,799,"","Pacific Time (US & Canada)","2014-11-19 16:00:14","None"
494,872146218,"Taofeeksalam","Taofeeksalam2","",20,238,0,437,"","None","2012-10-10 17:00:16","None"
495,2609159942,"Abu al Fida al hindi","Abualfida3","",48,249,0,958,"","None","2014-07-07 07:56:03","None"
496,3240492381,"كردستان","omaeali28","",417,1673,2,4,"","None","2015-05-07 15:07:20","None"
497,565278097,"Muhammad Aaril","MuhammadAaril","Oh Allah pls forgive us, as we are weak, Pls judge us upon ur mercy, n not on our deeds, Pls be pleased wi us, We are sorry.",349,753,2,1218,"Male' Maldives","None","2012-04-28 08:30:05","None"
498,2879683166,"zuhair","zuhairali111","student of Islamic jurisprudence| Android programmer|  فداك عيني ومالي أمي وأبوي وعيالي يا رسول الله‎",77,868,2,1424,"islamabad","None","2014-10-27 15:16:32","None"
499,2344605300,"myadsfeed dot com","myadsfeed","Portal Iklan Percuma Malaysia",23,127,1,2111,"Malaysia","None","2014-02-15 05:35:09","http://t.co/JvPWgdzPgf"
500,60036118,"Moe Dubs","Moe1079","",46,359,0,112,"Buffalo NY","Eastern Time (US & Canada)","2009-07-25 11:10:29","None"
501,3150179622,"Yemen Al7azeen","YemenAl7azeen","#Yemen is my ❤️ | Engaged | Cookaholic | Coffee Addict | NYer to the Core | Guys no DM plz",679,799,22,13116,"","None","2015-04-11 18:50:47","None"
502,3428513571,"War Reporter","warreporter2","Reporting, analysing and discussing conflicts and terrorist movements, with a focus primarily on MENA",105,19,3,418,"München, Deutschland","None","2015-08-17 17:57:11","None"
503,248089280,"Re BeL","ReBeL7869","Islamic state",283,872,4,1412,"","Chennai","2011-02-06 06:36:33","None"
504,1378894663,"power HAKKIM","crazydon180","keep trust on Allah not on human..",47,197,0,109,"Chennai","None","2013-04-25 07:25:51","None"
505,2989589544,"innit","beehamiss","They tried to bury us but didnt realise we were seeds. ☝️",30,274,0,18,"","None","2015-01-19 09:31:33","None"
506,3145019692,"STOP Genocide","genocidesyria","",31,1024,3,15,"","None","2015-04-07 18:16:04","http://t.co/qkjmmyKgrD"
507,3235769134,"Abu","Abulaith991","",60,1469,2,5,"","None","2015-05-05 11:54:39","None"
508,3194099095,"Iosiah","WorldWarTerror","Extremism in the defense of liberty is no vice. Moderation in the pursuit of justice is no virtue. -Barry Goldwater",110,393,1,1276,"Ground Zero, NY","None","2015-05-13 08:00:07","None"
509,2890699369,"Syahid@ndonesi","Syahid_Andonesi","May Allah Guide Us All To Truth and Keep Us On The Straight Path ( JIHAD FISABILILLAH )",130,343,2,288,"","Kuala Lumpur","2014-11-05 09:59:07","None"
510,538887319,"ISLAMIC STREETWEAR","islamic_sw","JE SUIS MUSULMAN!!! ET JE NE INSULTE PAS NOTRE PROPHETE",23,215,0,105,"Bumi Alloh ta'ala","None","2012-03-28 09:23:34","None"
511,3290666198,"Suleiman Al Albani","AjdiniArdian","",0,7,0,1,"","None","2015-07-24 17:58:34","None"
512,3305252627,"أبو هارون السلفي","BakhtyarKhilji","Backup",93,404,0,78,"Prison of the Mu'min","Eastern Time (US & Canada)","2015-06-01 02:10:36","None"
513,3398337435,"pseudocode101","pseud0code101","a blogger and a sportsperson",23,116,0,34,"Mombasa, Kenya","None","2015-08-01 07:28:02","http://t.co/KOTX4tXyUp"
514,3110160136,"M","Mr_Baass","Nothing I post or RT is a direct indication of support or approval.",114,106,0,255,"","None","2015-03-24 11:35:32","None"
515,3265610412,"kashmiri.Musafir","musafir_kash","",8,103,2,4,"","None","2015-07-02 03:32:40","None"
516,2560983140,"ওয়াইছ করণী","CalmMujahid","",107,382,0,1,"","None","2014-06-11 09:26:19","None"
517,403272315,"ALi","hussnainali17","",188,1210,3,6390,"","None","2011-11-02 08:14:38","None"
518,2649687060,"Intel Syria","IndianWitness","Analyst + Social Media Reporter .Concentrating on Islamism / Radicalism / Islamophobia / Terrorism / Secularism / Etc",1183,1522,11,2379,"Earth","None","2014-07-16 01:56:15","None"
519,2909226763,"Albaksh","al__baksh","",128,318,0,2103,"","Pacific Time (US & Canada)","2014-11-24 15:22:56","None"
520,870071928,"abu Imaan al Kurdy","HardiNabi","Death is teacher enough, true faith is wealth enough, and worship is action enough. Omar ibn al Khattab",104,585,2,120,"","None","2012-10-09 15:22:49","None"
521,3176379937,"Nada Murni","abu_walk","",238,251,1,32,"","None","2015-04-26 12:07:25","None"
522,2684671818,"Dr.Philosophy","doc890","Abuze of Will to Power n Pleasure has Resulted in Gross RAPE of Human Rights 4m STATES to HOMES  and Vice versa.Living in a God Damn EverGreen Deliberate  Shit.",832,1575,17,3130,"ISLAMABAD","Pacific Time (US & Canada)","2014-07-27 10:05:11","None"
523,3129208089,"Bøšž","f9b96477ecf14d4","",28,362,0,361,"","None","2015-03-30 15:27:12","None"
524,1943929622,"Newsistan","Newsistan","A Muslim journalist interested in political affairs of Islamic world. RT does not = endorsement. DISCLAIMER: Everything published here is for info purposes only",370,536,6,3429,"","Athens","2013-10-07 12:20:32","None"
525,959586606,"عبد اللہ","Aijaz119Ask","Student of Conflict Analysis and Peace Building Interested in conflict studies particularly Middle Eastern and North African",167,2001,1,3417,"Islamabad,kashmir","None","2012-11-20 04:17:16","https://t.co/9IzAPj94IV"
526,2435384683," Yan Yan","ryansahariyana","Hidup + bersyukur = tenang",53,123,2,110,"Bogor kota hujan","None","2014-04-09 12:25:06","None"
527,300440879,"Mariam | Recruitment","M_Recruitment_","Job Ads | Employment advice | CV redrafts/recreation | For feedback on your CV & how to improve it, email me your CV on: M_CVfeedback@outlook.com",5220,1828,23,1918,"London, England","Amsterdam","2011-05-17 19:28:33","None"
528,3393514383,"انصار السنة","alsam177","",481,1327,0,139,"","None","2015-07-29 09:54:14","None"
529,62036061,"vinod shivadas","vinuelite","",20,136,1,339,"bangalore","None","2009-08-01 13:47:05","None"
530,3077480095,"Umm Zombie ","TooobaAli","INFP | LazyNiqabi | Jihad | Islam | - Ladybuggs  Trees | Nature  |Rain | Animals | Insects = ❤ My sense of Humor is in Coma.",8,53,0,24,"","None","2015-03-13 17:09:09","None"
531,3081350049,"Abu In Sham","abuchair1","Presenting information from within Syria. Not a fanboy & Not Representing any group here!",2946,815,34,491,"Sham ","None","2015-03-09 11:26:23","https://t.co/uwLVlsdgmI"
532,302973555,"Abubus","alhawariyyunn","",70,825,0,2,"","Kuala Lumpur","2011-05-22 02:51:50","None"
533,3177454486,"CurlyLockz","AlBritaniaa","Jus use this to keep updated......",164,1070,0,77,"Dar ul kufr","None","2015-04-17 17:15:30","None"
534,3303904389,"Zakariyah","AbacZakariyah","",62,126,2,33,"","None","2015-05-30 18:41:50","None"
535,3301472018,"salman","salmn_ss","student",5,77,0,2,"","None","2015-07-30 11:57:56","None"
536,3068495191,"abu jundullah","abujundullah123","",20,148,0,15,"","None","2015-03-08 16:15:39","None"
537,1557621902,"Abu Hamzah","abuhamzay","Education: A curriculum,as commonly defined,is a course of study whose purpose is to train or cultivate both mind and character.",30,193,0,1,"","Athens","2013-06-30 09:05:37","None"
538,3106979545,"Abu Abdhulla","habbu21147","And say: Truth (i.e. Islamic Monotheism or this Quran or Jihad against polytheists) has come and Batil (falsehood, i.e. Satan or polytheism, etc.)has vanished.",32,120,0,65,"Maldives","None","2015-03-24 14:10:12","None"
539,2272420088,".","Alyunaani_","",144,143,6,2811,"","None","2014-01-02 03:30:27","None"
540,2555925527,"ahadess","ahadess1","",1,135,0,0,"","None","2014-05-20 21:33:17","None"
541,3308120161,"Abdurraheemindunisy","Abdurraheemindo","",0,2,0,0,"","None","2015-08-06 20:34:23","None"
542,556702495,"Abdur Rehman","AR_Dakhil","Islamist || Idealist || Med Student || Reader with focus on #Islamism n Geopolitics || Documentary Addict || Interested in History n Current Affairs",729,652,12,4269,"Okara,Pakistan","Karachi","2012-04-18 09:05:56","https://t.co/8XGD0qjuHq"
543,3237646183,"ibnu qudamah","ibnuqud","",82,369,2,3643,"","Pacific Time (US & Canada)","2015-06-06 06:23:47","None"
544,106058082,"Amjad Hossain","amjucb","",165,605,1,345,"Chittagong, Bangladesh","Dhaka","2010-01-18 10:49:46","None"
545,418417943,"faith&patience","thobelover","retweets are not endorsement",44,362,2,1136,"Somewhere in the world","Pacific Time (US & Canada)","2011-11-22 04:36:10","None"
546,1308177828,"AbdAllah","Efficience75","‏‏‏‏‏‏‏",128,1177,0,156,"","None","2013-03-27 18:07:28","None"
547,3232932785,"Bint Al Islam ™","AQgenes1","« شرع الله غايتنا » Our goal is establishing the law of Allah",930,618,0,1258,"الخاص مهمل| No DM","None","2015-05-04 08:16:01","None"
548,3119579753,"Abu Yara Al Gharib","AbuYaraAlGharib","Interested in anything MENA related. Strong supporter of the Syrian revolution.",110,586,1,525,"Dar al Kufr","None","2015-03-26 19:53:11","None"
549,2943010041,"abdul","abdulthemuslim","The Muslim from αнℓυℓ-ѕυииαн. If you see me doing something wrong, advise me about it.",305,778,1,9763,"∂υиуα","Pacific Time (US & Canada)","2014-12-27 01:05:50","https://t.co/KX3DCEuKQL"
550,2367080415,"أبو جليبيب العمري","Julebeb","‏‏#جبهة_النصرة ||‏لن نتخلى عن ماقمنا لأجله حتى لو تخلو عنه البشرجهاد لغفر الذنوب ودعوةٌ تُرضي الله بإذنه جلَ جلاله.",182,1420,0,142,"","Kyiv","2014-02-26 14:49:49","None"
551,3002610653,"AL-KAshmirii","al_kashmirii","",6,23,0,74,"","None","2015-01-28 03:55:22","None"
552,1367635076,"Gundogdu","MelinMelinh","turkey",51,116,0,53,"","None","2013-04-20 17:54:49","None"
553,3149569417,"Mannadymytheen","mannadymytheen2","إِنَّ اللَّهَ يُحِبُّ الَّذِينَ يُقَاتِلُونَ فِي سَبِيلِهِ صَفًّا كَأَنَّهُم بُنْيَانٌ مَّرْصُوصٌ (al quran: 61:4)",324,1647,2,9,"chennai,india","None","2015-04-11 09:32:24","http://t.co/giWpXHBYlM"
554,224130580,"Green Fighter","IAmHamidul","web developer, love to work at upwork .",257,501,3,4552,"world","Pacific Time (US & Canada)","2010-12-08 06:35:44","None"
555,2410682758,"Abu Rayan","JannahRayan","",629,111,6,242,"","None","2014-03-14 17:40:59","None"
556,3174372801,"مأمون السلفي","The_Muwahhid","Muslim | Salafi Manhaj | Reminders | Observing events affecting Muslim lands | NO affiliations to any group | ❤/Follow/RT≠endorsements | https://t.co/zB6Ju0LCM7",1394,672,3,6083,"Prison of the Believer","Eastern Time (US & Canada)","2015-04-16 23:29:28","None"
557,305508680,"Zaky Mallah","ZakyMallah","Welcome to the official twitter page of the Office of His Holiness - the aquitted 'terrorist' Zaky Mallah. Snapchat: WackyZaky Zacmalah@hotmail.com",1622,2002,16,5596,"Sydney- Best city!","Sydney","2011-05-26 10:24:54","None"
558,2761851405,"nizamulmulk","Nizamulmulkh","RT doesnt necessarily hold approval but highlighting.",97,477,0,259,"","Kyiv","2014-09-05 11:15:23","None"
559,3394722497,"Amer Deghayes","amer_deghayes","Quran Cured My Heart.Baathism Is Under My Foot. حزب البعث تحت قدمي    Radical ISLAM|Kik: Muthanna007|",513,189,4,183,"","None","2015-07-29 23:43:32","None"
560,3284038003,"أبو بكر الأنصاري","aboobakansari","just me",113,215,0,314,"","None","2015-07-19 05:02:54","None"
561,3289053627,"SkinColorGreen","SkinColorGreen","Fearlessness does not decrease your life, and cowardice does not increase it.   {Shaykh Triple-A}",42,681,0,381,"","None","2015-05-18 21:55:09","http://t.co/gJaZCwqPlO"
562,3089773637,"AbouShaheedMuhajir","Abou_shaheed070","",1215,165,9,923,"","None","2015-03-12 19:57:42","None"
563,3066329060,"Khawarij Witness","khawarijwitness","",1715,373,17,9150,"","None","2015-03-07 09:49:41","None"
