0,3010411157,"Generation Awlaki","Sh_AnwarAwlaki1","A page dedicated to the sayings and quotes by our beloved Shaykh Anwar al-‘Awlakī, may Allāh have mercy upon him.",353,30,1,15,"","None","2015-02-01 16:19:40","None"
1,797882599,"IslamUntiltheEnd","zholimun_anti","MUSLIMS IMMEDIATELY UNITE NOW, THROW AWAY EGOISME...AKHI....TOGETHER FOREVER IN ISLAM TAUHEED SHARIA...BISMILLAH...",456,466,3,144,"","Novosibirsk","2012-09-02 09:14:44","None"
2,3017242449,"The Observer","X_Observer","Not affiliated with any group. RTs, favs. tweets not endorsement",152,518,0,124,"Planet Earth","None","2015-02-04 11:51:04","None"
3,3017449383,"Harun","KS_Harun4","One Banner, One Ummah, One Leader #Caliphate",317,290,1,147,"Planet DIE IN YOUR RAGE!","Jerusalem","2015-02-04 13:05:15","http://t.co/1X3Xkqc5pA"
4,3011222918,"Suleyman_AlMaghrebi","Citywolf_IS5","",376,410,3,115,"","None","2015-02-06 11:33:22","None"
5,3017607837,"Media Studies Center","Censored31_","#MicroBlogging. Framing wars in #MENA, #IS & #Ukraine, critical analysis of mainstream media's explanation, journalist & whistleblower",766,31,4,438,"","None","2015-02-04 14:02:46","http://t.co/r14JYKOAgF"
6,3005698849,"Amatullah","ghareeba_","And fight in the way of Allah against those who fight against you and transgress not the limits. Verily Allah loves not the transgressors",264,366,0,328,"","Novosibirsk","2015-02-01 01:29:40","None"
7,2438294891,"Scamp","scamp_faridxx","The best lie has the most truth. Deception is the enemy.",7704,7507,25,1295,"","Midway Island","2014-03-26 17:42:58","None"
8,208078046,"wang ass bitch","_sophi5iee","My life is one big LSD comedown",1138,1024,11,46909,"South Wales","Amsterdam","2010-10-26 15:53:27","None"
9,2854487264,"Unbrainwash Media","ummah_affair3","Unbrainwash you with the news from different sources..focus on wars around Muslim world",1134,1802,5,5338,"Al-Ard","Krasnoyarsk","2014-10-13 15:08:16","None"
10,3008568851,"Dawlat Al Islam","Mustafaghuraba","",944,1089,2,448,"","None","2015-01-31 21:58:51","None"
11,3014360057,"ابن احمد Ibn Ahmed ","Jak_Ali_III","i am Ibn Ahmed the III",477,148,1,160,"بسم الله الرحمن الرحيم","Dublin","2015-02-03 12:09:23","http://t.co/oFVnX8SvMJ"
12,3020917937,"ColonelShami","ansaralummah2","I'm Back looool",211,235,0,190,"","None","2015-02-06 02:41:11","None"
13,3020788972,"Hali sheikh","HallieSheikh","i am here for one thing only & that's to spread Islamic ideology & to refute Western propaganda agaisnt islam! Not affiliated to any group! poli sci student!",552,26,2,91,"Where my heart is","None","2015-02-06 00:16:40","http://t.co/6gp5kgshbS"
14,3020738973,"Lion of khilafa","BatilHaq","24 account who care",739,55,3,79,"","None","2015-02-06 00:32:39","None"
15,3012307984,"daesh reloaded","DaeshReloaded__","‏",383,100,2,61,"","None","2015-02-02 14:21:57","None"
16,2997293918,"Truth Seeker","Haqqqseeker2","5th Acc. Ahlus Sunnah Wal Jama'ah. Freelancer. I Report none But Truth. Crusaders doesnt like FREEDOM OF SPEECH#Baaaqiyaaaah!",620,154,1,77,"Mars","None","2015-01-26 16:29:42","None"
17,2698584761,"Abu Shuhada Muhajir","abu_shuhada","",234,58,2,815,"","None","2014-07-11 10:47:47","None"
18,3010316516,"Radio Rome","lIlIlllIlIllI","Prank show host. Investigative photo-journalist. Free-speech activist. Counter-propagandist. Undercover agent. Satirical cartoonist. Aid worker. Smug hipster.",334,170,1,79,"Hanoi","None","2015-02-05 15:12:20","https://t.co/TyefVLzKV3"
19,3006373754,"Ibn Abdulla","sandstormjihadi","May the eyes of cowards never sleep - Khalid Bin Walid (ra)-",352,234,1,720,"Middle Earth","Jerusalem","2015-02-01 10:11:57","None"
20,3017775291,"أبو رمزي الشامي","abuzubeyr911","Abu Ramzi Ashami my 15th account.",491,64,1,29,"","None","2015-02-04 15:11:25","http://t.co/zc4xscNnJ6"
21,2720982617,"ابو تراب الموصلي","ali_abu_turab","ادعُ لي بالخير",2394,189,6,2262,"الدولة الاسلامية-ولاية نينوى","None","2014-07-22 18:59:23","None"
22,3008740396,"أبو مصعب المغربي","SayfBattar1","Adhering to Millat Ibrahīm who showed enmity towards Shirk & its people [60:4]. Not affiliated 2 any group/organisation, follower of events in Muslim world.",477,289,2,481,"","None","2015-01-31 23:03:29","None"
23,2756769425,"Imaam Bukhaaree","ImaamBukhaaree","مَا ضَلَّ قَوْمٌ بَعْدَ هُدًى كَانُوا عَلَيْهِ إِلَّا أُوتُوا الْجَدَلَ",2021,33,7,1573,"","Eastern Time (US & Canada)","2014-08-31 05:49:51","None"
24,3016432119,"Mujahid Miski","Lover_of_Hooor1","Bismillaah... #18th account, I got suspended last night because of #Mu'ad the Pil// Lover of #Shari'ah// #Khilaafah// & the #Hoor Al Ayn. #IslamicState #baqiyah",806,267,0,121,"The Land Of The Two Migrations","Minsk","2015-02-04 05:58:40","None"
25,2919935468,"Abu Layth alhomawy","allayth1234","just here to gather news. RTs only. RT/favorite does not = endorsement",7,90,0,55,"","None","2014-12-05 19:21:08","None"
26,2984651289,"ghazi","almidani_","‏‏‏‏‏‏‏‏‏‏‏‏‏‏‏‏‏‏‏‏‏‏‏‏‏‏‏‏‏‏‏‏‏‏‏‏‏‏‏‏‏‏‏يا دولتي لا تنسانييا نفسي لا تحزنيأدخل لي مع إخوانيللحوري و الجناني",124,136,0,913,"ghazi","London","2015-01-18 21:28:28","None"
27,3001575529,"busalum","BuSalum","",206,490,0,831,"","None","2015-01-29 15:27:21","None"
28,3014650857,"أبو محمد الهولندي","Abamuhammed07","• Live from Shaam •",449,22,4,33," Aleppo","None","2015-02-03 16:08:51","None"
29,3009010008,"Sheikh Fulaani","sheikh_fulaani","7th account | Observer from Mars that observes the Earth since 2001 | Putting Allah's words to the highest | RT not endorsement | HARAAM zone for Journalist",630,80,4,375,"Demilitarized Zone","Tokyo","2015-02-03 09:59:41","http://t.co/ou56fKAHCn"
30,2994986617,"عمر","omar_australi","Ash-hadu an laa ilaaha illallah. Wa ash-hadu anna Muhammadan rasulullah.",199,196,0,478,"","None","2015-01-24 18:24:30","None"
31,2990452431,"Mariana ❥","sailor__M_","My other acc was not suspended, but I will use this one the necessary time. I just want to prevent ❤ metalsmithing, cats, books, knowledge and radicalism.",261,159,0,566,"South America ","Monterrey","2015-01-21 20:00:49","https://t.co/3Bq0VLxQ5g"
32,3009859499,"Abu Jandal","protocolshami_1","Previous Acc @Protocol_Jihad01 / Not IS / Not Coconut / Dumb Kuffs get Blocked / Kik ProtocolJihad / Spreading Truth Even if the Disbelievers Dislike it",1011,293,1,567,"Darul Chicken & Chips","Santiago","2015-02-01 10:53:52","http://t.co/hTr6B19G9G"
33,3004061379,"AbdMalik","Daula_Eric","",77,213,0,181,"","None","2015-01-29 12:26:17","None"
34,2982805941,"Observer","azzamalirhabi","من ظن أن الباطل سوف ينتصر على الحق .. فقد أساء الظن بالله",797,889,6,430,"موحد من ارض العراق ","None","2015-01-17 18:10:12","None"
35,2996185466,"blackrose","wardahaswad","My heart is at ease knowing that what was meant for me will never miss me & that what misses me was never meant for me.-UmarIbnAlKhattāb R.A",281,583,1,611,"earth","Minsk","2015-01-25 19:45:08","None"
36,2994580534,"Rain حرب","rainmedina5","#FreeSyria #freePalestina VERILY THE SLEEP OF THE MUJAHID IS BETTER THEN THE FAST & PRAYER OF THE ONE WHO REMAINS BEHIND.  Not Affiliated to any group",411,209,2,381,"","None","2015-01-23 18:22:11","None"
37,2904781788,"Maryam Khalil","IrhabiMaryam","Sorry ikhwaani, I'm not that exciting to follow, but in sha Allah you will find at least one of my posts beneficial. To see Caliphate everywhere is my dream.",235,173,0,1434,"Shaheed, in sha Allah  ","None","2014-11-20 05:01:47","None"
38,3006816110,"ab1","announce_block","",9,0,1,10,"","None","2015-02-01 14:33:59","None"
39,3012811349,"☆Bint Stranger☆","Bint_Stranger_2","Backup account.I have an alergy to *Rafidhis & *Murjias.",240,300,0,19,"","Dublin","2015-02-02 19:09:03","None"
40,2950115711,"Abu Ta'am ","just_preeing","Cooking is my game and observing is my aim :-)",200,107,1,1618,"","None","2014-12-29 22:19:03","None"
41,3002018307,"ريفية موحدة#باقية","Mowahida3","ﻻ اله الا الله محمد رسول اللهمُوحدة و لله الحمد أسال الله النفير إن شاء الله فإن الروافض لهذه الامة داء وليس لهم الاّ السيف دواء",561,313,2,122,"","None","2015-01-27 20:58:26","http://t.co/9pD1zIsmGi"
42,2871365637,"JOIN IS NATION","Here_Akhy","JOIN THE GREAT ISLAMİC STATE NATION &.. GO BACK TO YOUR IS HOME...TO WHERE YOU BELONG..!! :)",2335,96,21,1062,"","None","2014-11-10 23:05:37","None"
43,2427485323,"archicivilians","archicivilians","Freelance Military Researcher - Strategic War News - Strategic Maps                   (Middle East & Europe)",6023,86,265,5181,"","Baku","2014-04-04 15:45:56","http://t.co/F3aWB20RVR"
44,2924607988,"Shami Witness2","shamiwitness2","freedom of speech",954,185,6,107,"Bangalore, India","None","2014-12-16 08:39:12","None"
45,2385407731,"TheMaghrebiNote","MaghrebiNote","Covering political conflicts in Northern Africa - Neutral reporter, not supporting any party;RT does not equal endorsementhttp://t.co/LYZc5qGG8Q",3299,280,75,3524,"","Ljubljana","2014-03-12 15:11:51","http://t.co/7rPwkz6Icw"
46,2866908258,"ONLY IS MAPS","Only_IS_Maps","Participate in the Authentic Conquest development by updating me on IS Conquests  :)",1705,4,17,8,"","None","2014-10-20 11:02:19","None"
47,2910530629,"Peshmerga Crimes ","PeshmergaCrimes","Exposing #KDP crimes  #PDK",471,2000,5,388,"Kurdistan","None","2014-11-26 03:17:58","None"
48,2962594514,"Abu Hamza As-Somali","Abudahir7","",72,151,0,183,"İslamic State ","None","2015-01-07 07:57:18","None"
49,2888046364,"Al Haqq Media","exJizyacolector","",549,725,2,364,"Tel Aviv","Belgrade","2014-11-22 16:24:06","None"
50,2986488209,"IS ☝ Account #12","abu_othmen","As salamu'alaykum wa rahmatu allahi wa barakatuh",153,185,0,84,"DAWLA","None","2015-01-19 22:44:13","None"
51,2994543977,"Hanzala ʾIsmāʿīl","AnsarulShareeah","Writer | Kurd | Activist | Volunteer for Islamic Relief | Student of English & Islamic Studies | #FreeMuslimPrisoners",752,61,0,75,"London, United Kingdom ","Dublin","2015-01-23 18:22:00","https://t.co/LYDCK1km5M"
52,2955726208,"Jabhat al-Nusra","JN_Al_Qaeda","Al-Qaeda on the ground Sham",598,12,7,331,"News Jabhat alNusra in English","None","2015-01-01 23:13:19","None"
53,29415843,"Infosecurity","InfosecurityMag","The only magazine dedicated to the strategy and technology of information security, delivering critical business and technical information for IT professionals.",71936,913,2006,15391,"London and New York","London","2009-04-07 09:22:35","http://t.co/ioT6nbGu1X"
54,38735244,"Hacker News Network","ThisIsHNN","The Hacker News Network",41623,331,1301,2060,"United States","Eastern Time (US & Canada)","2009-05-08 20:16:02","http://t.co/EzxnwVLRQB"
55,3005800701,"Abu Naseeha ","abunaseeha2","Reporting Up-to-Date news related 2 Islamic State RT ≠ endorsements.Following ≠ endorsements. Love mathematics, IT",9,2,0,220,"Not affiliated to any group.","London","2015-01-30 15:42:38","https://t.co/FGlhu4XRgq"
56,209811713,"The Hacker News","TheHackersNews","World’s oldest & most trusted Hacking & Information Security News Portal, provides analysed technical reports of Hacking, Vulnerabilities, Malwares & many more.",181158,2558,4587,21031,"THE INTERNET","New Delhi","2010-10-29 23:55:25","http://t.co/g47FWqmqYE"
57,910849316,"أبوعبدالقهار الحسني ","TAWEHIDE","طالب علم شرعي من أهل البيت رضي الله عنهم على منهج أئمة الدعوة النجدية رحمهم الله .http://t.co/U7vHVPreuW «الخاص معطل مغلق »",30276,86,106,6051,"","Athens","2012-10-28 18:27:46","None"
58,1164376548,"Abu 'Aisha™","AbuMunahid","- Abd'Allah al-Faqir.",422,217,3,651,"أَرْضُ اللَّهِ وَاسِعَةً","Ljubljana","2013-02-09 23:36:20","None"
59,2887625816,"Moderate Muslim Dude","ExposingShia","Moderate Muslim against the violent NON-Islamic terrorist cult of Shi'ism. I do not incite or condone violence. Retweets, followers, favorites ≠ endorsements",781,25,5,5608,"Rafidibad, Kafiristan","None","2014-11-02 16:29:03","None"
60,2232930895,"Luqman9","Luqmaan98","And when it is said to them, Do not cause corruption on the earth, they say, We are but reformers.                          Quran {2:11}",170,267,2,107,"","Casablanca","2013-12-06 12:50:18","None"
61,2838842645,"الهجرة إلى الله","ShamRevo88","#ISIS are the Dogs of the People of Hellfire // Muhajir in the #Islamic_Front",683,87,14,867,"Free Syria","Kyiv","2014-10-21 00:51:30","http://t.co/09fRtuDaDh"
62,2998689127,"Radically Your's","DieInYourRage","I'm the Radical,O! Infidels Your Intelligence Agencies Warned U About !! Hesitation Kills,Plan it Execute it !!!",102,79,0,1643,"Raqqa - Mosul - Nonstop","None","2015-01-27 19:11:21","None"
63,2915505884,"Walid Al Hanbali","walidalhanbali2","",93,188,1,780,"","None","2014-12-01 10:26:18","None"
64,2983184008,"Non-Moderate Moslem","AlIfreeqi","",196,238,1,48,"","None","2015-01-17 21:33:22","None"
65,2219438208,"FSA News","FSATruth","",7731,306,171,1607,"","Istanbul","2013-11-28 10:40:38","None"
66,411396541,"Hack Read","HackRead","HackRead: A platform that centers on #Hacking #News, Information Security, #CyberCrimes, Surveillance with full-scale reviews on Tech/ Social Media Platforms.",26761,428,484,19118,"#Dubai #UAE","Abu Dhabi","2011-11-13 10:53:07","http://t.co/PrnqLKsX7V"
67,472962312,"Rami","RamiAlLolah","Close to Real-Time News, Exclusives, Intelligence & Classified Information/Reports about Syria Uprising.. Leaked many Israeli strikes inside Syria..",14267,1,518,22660,"Read my blog:","Stockholm","2012-01-24 13:58:57","http://t.co/6vqaaGudXy"
68,2390687538,"Green lemon","green_lemonnn","Master of Law - Cover news and analysis of Syrian civil war, Iraq insurgency & related subjects.  RT not endorsement  -  Analysis reflects my own opinion",4898,1543,162,13507,"Belgium","Amsterdam","2014-03-15 08:57:56","None"
69,25058787,"Karl Sharro","KarlreMarks","Architect, joker, blogger and extremely bad cartoonist. (My Arabic account: @karlremarks_AR )",45215,857,1270,63331,"London","London","2009-03-18 11:35:02","http://t.co/Bs2tk5TArg"
70,22741371,"The 47th","THE_47th","90% of the time, I'm right all the time. Toppling dictators is very complicated. Views expressed represent CIA/MOSSAD/UFOs/Highest bidder. I'm from #Homs.",22870,1870,990,52919,"Syria ","Eastern Time (US & Canada)","2009-03-04 06:09:32","None"
71,138706071,"عبدالله العلي","3bdullla","CEO of Cyberkov Ltd an IT Security & Consultation firm.الرئيس التنفيذي لشركة سايبركوف لأمن المعلومات | محقق وخبير بأمن المعلومات Сиберков Генеральный директор",252366,246,2646,10403,"Kuwait","Kuwait","2010-04-30 10:07:52","https://t.co/sbhdZPHSNk"
72,2999448693,"abou hamza belgiki","AbouBelgiki","ALLAH Rasol Mohamed",224,151,2,18,"","None","2015-01-26 11:33:03","None"
73,2996636817,"AbuQatada Al'amili","abuqataada722","I drink Coca-Cola while making fatwa agaisn't IS mujahideen .",333,208,1,703,"Jordanian Intelligence base","None","2015-01-24 21:53:00","http://t.co/3OWm29gSWh"
74,1477976084,"Memlik Pasha","MemlikPasha","",7318,298,287,7405,"","Atlantic Time (Canada)","2013-06-02 18:58:31","None"
75,2996336050,"MM-DD-KK","baqiyah_dohak","",543,303,1,3214,"","None","2015-01-24 18:37:17","None"
76,2884607937,"Asma Mukhtar","AsmamuMukhtar","Muslimah.",67,97,0,50,"","None","2014-11-19 19:43:52","None"
77,486632518,"Maryam مريم","esperanza543","We live in the world where the high values are presented as deviations & vice versa. Shariah is the only solution. Linguist on haqq in sha Allah :)",1189,844,9,11622,"","Kyiv","2012-02-08 14:04:24","None"
78,2907555947,"Jihadipress","Jihadipress","",467,3,1,19,"","None","2014-12-06 10:19:59","None"
79,2970769377,"Abu Sayf AlKasasbaeh","Abuhaitham12","I pledge my allegiance to the Khalifa.. I will listen and obey him in whatever pleases and displeases me,except wen i see the clear kufr.",990,953,1,1788,"Al-Urdun","Tokyo","2015-01-10 02:57:53","None"
80,18743053,"Abu Bataatis","abdraheim","If you wish to speak then it is upon you to think before you speak. If you think there is good in it then speak and if not then do not speak.—Imām al-Shāfi‘ī",12,45,0,59,"sijjin al mu'min","Baghdad","2009-01-07 22:56:17","None"
81,2974342619,"أبو الدرداء #الخلافة","DhardaaYazeed","7th account. Former account @YaazedM @YazeedMuaawiya. Those whom are trying mocking Allāh, Prophet Muhammad and Our Caliphate, immediately block without hesitat",1116,100,9,310,"","Belgrade","2015-01-12 08:57:17","None"
82,1899952826,"LetteredOwl","LetteredOwl","Moderate Extremist | Strictly Opposed to Turning the Other Cheek | Views Under Freedom of Expression [ICCPR. Article 19]",943,687,11,3335,"TallestTreeTop","Kuwait","2013-09-24 10:09:48","None"
83,2401535078,"نشر الخلافة2","dct2k","هُنا أُمثل نفسي ، الحساب الجديد بعد الحذف ، نشر الخلافة جندي خليفة المسلمين إبراهيم عواد البدري الحسيني الهاشمي القرشي حفيد المصطفى ﷺ",7171,71,19,317,"دار الخلافة - أرض الشام","Kyiv","2014-03-21 13:00:45","http://t.co/gPL8x1Cl2b"
84,2907372947,"The War News Project","WarNewsProject","Investigating and reporting on online Islamic Jihadi activism and countering the terrorist threat to democracy it poses.",153,1,2,35,"London, UK","London","2014-12-06 06:34:18","None"
85,2855136465,"shams","__BirdOfJannah","‏ دولۃ الاسلامیۃ باقیۃ و تتمدد",1814,22,10,161,"The Land of Martyrs","None","2014-11-01 16:24:29","http://t.co/jSoFM5Cbt2"
86,2970657388,"Umm Abdullatif","rosemuminah","Al Astrali. Muhajiraah. Zawj Abu Abdullatif",488,78,4,57,"","None","2015-01-09 23:53:46","None"
87,2996680083,"Shami IS back","Shami_IS_back","",607,298,5,257,"","Stockholm","2015-01-24 22:14:04","None"
88,2911626120,"Al-Qillawri","AlQillawri","",922,64,0,216,"","None","2014-11-27 08:05:38","None"
89,2946618015,"الجبهة الشامية","sham_front","",4609,0,34,115,"","Kyiv","2014-12-28 23:01:57","None"
90,758154536,"الجبهة الإسلامية حلب","islamic_front_A","الصفحة الرسمية للجبهة الإسلامية في حلب      البريد الإلكتروني ::                             islamic-front@outlook.com",75790,3,328,4095,"Aleppo","Casablanca","2012-08-15 00:06:35","None"
91,2974025851,"الثائر القلموني","althaerqalamony","",674,19,2,66,"","Kyiv","2015-01-11 05:12:57","None"
92,2536285521,"أبي مجاهد","MuayidAlKhilafa","O you who have believed, shall I guide you to a transaction that will save you from a painful punishment? {61:10}[Happily Married]",1926,189,13,2651,"","Eastern Time (US & Canada)","2014-05-09 02:36:08","None"
93,131829510,"Islamic Thinkers","IslamicThinkers","“Let there rise from among you group(s) who invite others to the Islam, command the good, and forbid the evil, and they are the ones who are successful [3:104]",1129,12,10,263,"NYC","Eastern Time (US & Canada)","2010-04-11 13:19:10","http://t.co/vNB3bdY5El"
94,99224718,"Abul Izz Al-Muhajir","FulanSudani","Muslim. Father. Husband. Writer. Traveller. Paramedic. Unrepentant Islamist. Chief Combatives and Strategy Instructor at",391,110,4,1322,"","None","2009-12-25 05:19:51","http://t.co/6FUmLky6qB"
95,2938916683,"slave of ALLAAH","SaadBinRaabih3a","brothers n sisters im wit flag of TAWHEED, n our ummah is obviosly goin threw a rough patch of fitan, as members of our ummah we should do our best to fix witin",178,144,5,821,"","None","2014-12-22 03:45:27","None"
96,2908175316,"هدم الاسوار","B_B_U_8","الصفحـة الرسمية لهدم الاسوار والحساب الاحتياطي لنا هـو @Hadem_ALaswar",11830,34,39,1204,"","Nairobi","2014-11-23 14:22:02","None"
97,19562228,"Russell Brand","rustyrockets","",9082387,333,52954,6936,"","Hawaii","2009-01-26 22:21:06","http://t.co/ePPPN5jd4T"
98,2989003943,"Abu dahdah almuhajir","abudahdahmhjr","Muslim, Muhajir and Mujahid Alhamdulillah. kik.me -Abu dahdah al muhajir",228,183,0,59,"","None","2015-01-21 05:46:14","None"
99,2771859675,"Abu Yahya ","Abu_Yahya_1","‏‏  ‏ قُلْ إِنَّ صَلَاتِي وَنُسُكِي وَمَحْيَايَ وَمَمَاتِي لِلَّهِ رَبِّ الْعَالَمِينَ",1914,179,9,1143,"","None","2014-09-16 03:02:07","None"
100,254727295,"Arab Fury","Arab_Fury","It is time for the Muslims to be strong once again. Never again must we ever compromise our Islam for anyone or anything.Backup Account: @Arab_Fury8",3336,174,94,13589,"","Eastern Time (US & Canada)","2011-02-19 21:51:38","None"
101,2988193210,"Abu Haleema","AbuHaleema02","Abu Haleema - YouTube            http://t.co/EakAFC3qNA",1275,92,1,2004,"","None","2015-01-20 22:18:11","None"
102,2828542915,"الشيخ أبو الفضل","ShAboufadl","دينُنا عظيم يحتاج إلى عظماء، فكونوا من عظمائه.",4509,149,26,1402,"","None","2014-09-23 18:16:06","http://t.co/jojoN5t2iU"
103,2920829973,"Analyzer","AnalyzingWorld","Analyzing...",16,93,1,4258,"Your Neighbour","London","2014-12-14 04:11:02","None"
104,611986351,"Kim Dotcom","KimDotcom","Entrepreneur, Innovator, Gamer, Artist, Internet Freedom Fighter & Father of 5",451511,16949,4695,11115,"Contact: twitter@kim.com ","Auckland","2012-06-18 20:43:31","http://t.co/wQfrAmcljs"
105,1014922465,"Rudaw English","RudawEnglish","The leading news source on Kurds and Kurdish affairs, in English.",63683,15,685,13041,"Erbil, Kurdistan, Iraq","Baghdad","2012-12-16 10:29:26","http://t.co/wgCXIv3bi9"
106,2872066159,"سبل السلام","_SubulAsSalam","Allāh guides those who pursue His pleasure to Subul As Salam [The Paths of Peace] and brings them out from darknesses into the Light • [5:16]",2064,15,8,89,"• Only here to remind •","Istanbul","2014-10-22 22:13:44","http://t.co/zPCGQhl43d"
107,2940284585,"Rudaw English","RudhoeEnglish","The leading unconfirmed news source on Kurds and Kurdish affairs, in (US) English.",611,18,12,281,"Erbil, Kurdistan, Iraq","Ljubljana","2014-12-25 03:27:02","http://t.co/Lo4bNHXyJD"
108,227331249,"innocentabdul","jc2016","extremely innocent,spreading the haqq inshallah",23,92,0,196,"","None","2010-12-16 15:19:18","None"
109,263981499,"Carol Anne Grayson","Quickieleaks","Indy Campaigner/ Researcher /Writer WOT/Human Rights/Drones Exec Producer Incident in New Baghdad. RTs do not necessarily mean endorsement!",7383,2394,123,105311,"England","None","2011-03-11 03:13:27","http://t.co/GQVy96kbcg"
110,863135790,"LÂ abüdü ma Ta'büdun","AhmetBavkir1","Sizin Yaşamı sevdiğiniz kadar, Biz ölümü seviyoruz‏‏",602,1576,1,844,"HİLAFET'e Hazırmısınız ?","Baghdad","2012-10-05 14:28:16","None"
111,2833116044,"Ahwaal Ummat","AhwaalU","",1065,231,6,12852,"","None","2014-09-26 16:47:34","http://t.co/BKu39c3usw"
112,2547651463,"Abu Hafs (أبو حفص)","Dabiiq","Interested in History Current Affairs / RTS ≠ Endorsements. Following ≠ Endorsements.",119,283,1,1157,"☝ ","Karachi","2014-06-05 07:56:36","None"
113,2795582920,"The Light ™","TheLightTrilogy","Series on Tawheed & Current Events for the academic purpose of Education, Research & Analysis. Cat lovers are welcome.",1740,193,5,323,"","Ljubljana","2014-09-30 16:57:10","https://t.co/D8c7c2KlOq"
114,853790514,"muneer abdullah","muneerabdullah2","",82,395,0,26,"","None","2012-09-29 23:53:44","None"
115,2957901648,"Melancholic Samurai ","Haohmaru_Ronin","",1029,318,4,2075,"Japan, Yamashiro koku","None","2015-01-04 03:49:27","None"
116,2334192211,"الحق KHILAFAH ","UKHILAFAH","Khilafah (Caliphate) is the Islamic form of government representing the Sharia, Political unity and Leadership of the Muslim world.",1348,313,8,290,"HEREAFTER","Athens","2014-02-08 22:50:49","http://t.co/Db7VZb6mgU"
117,233210325,"Mustho","musthom","Pro-Islam. Ready for a RATIONAL chat. If you are the irrational type, don't bother talking to me. If I don't reply, know that you are disrespectful & irrational",2250,371,10,15461,"Maldives","Islamabad","2011-01-02 16:29:29","http://t.co/EkwcXTpzQM"
118,2903829298,"Abu Miqdad","HalalHaribo","RT + Fav doesn't= endorsement. Muslim, so I'm guessing I'm a terrorist already?",324,147,0,149,"","None","2014-12-03 14:17:03","None"
119,2867678691,"Sabrun Jameel","Mujaheddddah","Living in this dunyah but striving for akhirah",18,10,0,86,"Turkiye ","None","2014-11-08 18:10:13","None"
120,2798274858,"Instant Reporter","InstantReporter","Instant Reporter strives to provide you latest and breaking news around the world.",809,116,16,1439,"","Ljubljana","2014-09-08 17:31:01","None"
121,2890343955,"end of time dreams 2","endoftimedreams","‏اقوم بترجمة الرؤى تم تفسيره للغة الانجليزية",763,297,0,1470,"","None","2014-11-24 07:10:14","None"
122,2956353983,"Pro-مسلم","implement_quran","",192,93,0,461,"","None","2015-01-02 09:55:09","None"
123,2831139759,"Dr AbuLayla Al-Shami","dr_abu_layla","Muhajir Medical Doctor. Medicine as a mercy to the Muslims. The Sword against the enemies of Allah. The Quran, a guidance to Mankind",1205,24,16,32,"","Kyiv","2014-10-15 05:54:38","None"
124,2948793171,"Mufti cookies","MuftiCookies","",68,157,1,184,"","None","2014-12-29 09:03:02","None"
125,705598780,"أبوالقيس آل سعيود","Muslim_sunnah_","That witness http://t.co/NK1o2iGlFV",1411,41,8,2074,"Jāzeerāt Ash-shaytān","None","2013-10-08 22:16:35","None"
126,2916490690,"Abu Ghāzī Al Irāqī","AbuGhazi01","Irjā Slayer | ‘Ibadah of al-Muraghamah |",573,171,2,786,"007 Tibyan Vetran. ","London","2014-12-11 23:07:56","None"
127,2300361306,"أم خطاب الكندية ","DustyFeet_","And place me among the inheritors of the Garden of Pleasure [26:85] • When they seek to flee away, then after, they will flee •",1846,270,10,5926,"In the Hearts of Green Birds","Eastern Time (US & Canada)","2014-01-19 21:35:45","None"
128,2565564936,"ShamiOP","numenor51","Mujahid's apprentice, future shaheed Inshallah!!!",359,208,8,16291,"umm..definitely on earth...yup","Monrovia","2014-06-13 16:32:10","None"
129,2584601436,"Abu Mu'tasim","AbuMu3tasim","Following The News of the Muslims",231,48,0,21010,"Dunya","Buenos Aires","2014-06-23 21:33:48","None"
130,2892237995,"أم سيف","sa3fy","Dunya",162,169,1,873,"","Urumqi","2014-11-25 17:24:20","None"
131,2836174307,"Dhikr & Du'ā","DhikrAllDay","‏وَذَكِّرْ فَإِنَّ الذِّكْرَىٰ تَنفَعُ الْمُؤْمِنِينَ •                                       ‏‏ ‎‎‎@HadithAllDay & @TawhidAllDay & ‎‎‎@QuranAllDay & @IlmAllDay",1627,4,4,104,"","London","2014-10-18 14:22:48","None"
132,1013973096,"Ayn al Islaam","nurainea","#WhoIsMuhammadﷺ http://t.co/lreje2TJz2…",671,354,2,2675,"","None","2012-12-15 21:41:30","http://t.co/wArPkx3DHh"
133,2895778131,"unknown witness","noblecaliphate","",21,60,0,324,"","None","2014-11-28 10:56:09","None"
134,2671147860,"#FreeShamiWitness ","kenyanwitness","ﻻ ﺍﻟﻪ ﺍﻻ ﺍﻟﻠﻪ ﻣﺤﻤﺪ ﺭﺳﻮﻝ ﺍﻟﻠﻪ",928,853,6,4005,"Darul Kufr","Nairobi","2014-07-23 00:42:14","None"
135,2571800360,"Abū Mūsa","Abu_MusaM","RTs, favourites ≠ Endorsement",153,130,0,815,"Dunya","Kuwait","2014-06-16 23:13:07","None"
136,2917526141,"jazrawi camels ","jazrawi_camels",".",1230,262,8,5737,"","Bucharest","2014-12-12 12:54:55","None"
137,2939451261,"shirk nullification ","CHILDRENofIS","",21,19,0,18,"","None","2014-12-24 13:07:36","None"
138,2583016213,"Exposing Falsehood","ExposeFalsehood","Expose Falsehood and promote Truth regarding Religion and Politics.",1081,104,9,282,"","None","2014-06-22 23:51:32","https://t.co/3ovAAWngYL"
139,1902173390,"Mizanur Rahman","AbuBaraaUK","Rising to establish the Khilafah is a compulsory duty upon all Muslims",429,6,5,1382,"UK","London","2013-09-24 23:43:35","None"
140,460252310,"Close Guantanamo","closegitmo","We call for the immediate closure of Guantánamo. Visit the site for more information and to sign our White House petition.",2450,1870,55,891,"","None","2012-01-10 15:13:52","http://t.co/SXThVxMA7E"
141,2935089910,"Shaikh Faisal","ATDawah","Born in 1963, raised in Jamaica, embraced Islam at the age of 16. Graduate of the Imam Muhammad Ibn Saud University in Riyadh, Saudi Arabia, 1991.",1621,15,8,97,"","None","2014-12-21 10:48:19","http://t.co/KsLtSXhKNT"
142,2453527320,"الرقة تذبح بصمت ","Raqqa_Sl","شاركوابنشر هاشتاغ #الرقة_تذبح_بصمت لتسليط الضوء على الرقة Raqqa is Being Slaughtered Silently The Syrian people's Campaign against #ISIS #Assad in #Raqqa",17022,326,345,7424,"Syria - Raqqa ","Eastern Time (US & Canada)","2014-04-19 18:21:35","http://t.co/3X7idoBOpa"
143,2930439088,"AbuMalik Asumalee","Abumalik04","kik: facethis",831,13,6,3,"","None","2014-12-18 18:33:39","None"
144,19137216,"WitnessAgainsTorture","WitnessTorture","A campaign to close Guantánamo and end torture.#closegitmo",3307,1746,99,2407,"Everywhere","Eastern Time (US & Canada)","2009-01-18 05:25:36","http://t.co/H0N84CZ4Sm"
145,782503890,"zabihullahmujahid","zabihmujahid","Official spokesman of Islamic Emirate Of Afghanistan zabihullahmujahid@gmail.com",9447,12,100,6644,"kabul,afghanistan","Arizona","2012-08-26 14:06:45","http://t.co/D3Rfi5yCtH"
146,292777349,"Breaking News Feed","PzFeed","A global news channel bringing you breaking news as it happens and the most talked about stories, pictures and videos from around the world.",227256,4940,2686,23823,"tips@PzFeed.com","Eastern Time (US & Canada)","2011-05-04 06:32:13","None"
147,2734967055,"Dr.Abu Khalid Amriki","TabeebWitness","MD - Book lover - War first, diplomacy latter - Ok in English, Italian, Turkish, German & little Arabic - Follow/RT/@/Fav ≠ Endorsement",417,181,3,1947,"","Athens","2014-08-06 11:06:45","http://t.co/r4tbrxM2Or"
148,2566535282,"Conflict News","rConflictNews","Conflict News strives to give you breaking news on conflicts around the world. RT ≠ Endorsement - Media inquiries can be sent to  rConflictNews at gmail.",25682,822,880,23259,"","Belgrade","2014-06-14 05:49:56","http://t.co/mUbxGiZt9z"
149,95605493,"Shiraz ","spiituition","English and Maths $12.50/hour Science $15/hour. legal/economics/history $20/hour",44,58,7,2164,"Liverpool NSW  Australia","Sydney","2009-12-09 08:42:14","None"
150,582617639,"uygar aktaş","uygaraktas","Credo quia absurdum est  ! Muslim, Kurd, #Free_Syria  Kemalistler giremez!",4515,1498,90,36293,"مع الشعب السوري حتى النصر","Baghdad","2012-05-17 09:44:42","None"
151,557504925,"   أم وقاس","_UmmWaqqas","Say: Verily, my prayers, my sacrifice, my life, and my death are for Allah, the Lord of All the Worlds.",7153,237,37,18451,"","Hawaii","2012-04-19 04:28:57","http://t.co/e1BfgSGaKX"
152,1432698997,"د.محمد طرهوني","DTarhuni","",34247,113,177,15420,"","Nairobi","2013-05-16 10:10:09","http://t.co/xMC33EH8yy"
153,2748355743,"هارون رشيدالانباري","Abu_Ubaidah2_","Allah ordered us to fight shirk so here I am cutting off the heads of its supporters - iA shaheed in انبار",728,36,5,303,"","None","2014-08-20 20:18:42","None"
154,2793633527,"Mad Mullah(mm)","Aidrusali2014Qa","life z what U make out of a journey.what matters most is which path U take,who U make friends with & most of all what provisions you carry for the destination.",1355,303,10,5475,"land of horses","None","2014-09-30 05:16:42","None"
155,397203591,"MuslimPrisoners","MuslimPrisoners","The one who is (truly) imprisoned is the one whose heart is imprisoned from Allaah and the captivated one is the one whose desires have enslaved him. IbnQayim",6947,756,32,12819,"#FreeMuslimPrisoners","London","2011-10-24 11:29:48","http://t.co/oxl9gOBCCw"
156,2795509582,"abu dua al baghdadi2","abudua2014","Baya'a to amirull muminin al baghdadi",2051,975,7,5324,"Kashmiri","None","2014-09-30 16:40:57","None"
157,2671429472,"Khalid Ibn Al-Walid","Ansar4_IS","Restoring the Islamic State             Allahu Akbar!",1548,707,12,1819,"","None","2014-07-23 02:32:15","None"
158,2836221255,"Maghrebi Witness","MaghrebiWitness","Nanotechnology engineer |          Observer on events affecting the Islamic world in general and Morocco in particular- RT and Favorites aren't endorsements.",1840,1681,19,2483,"","Monrovia","2014-10-18 15:51:17","None"
159,2891267758,"Nadim al-Muhajir ","dhahiri2","For that is Allah, your Lord, the Truth, and what is there after truth except error? So how are you averted?  (Yunus 32)",744,210,7,132,"","None","2014-11-24 19:53:20","None"
160,107646956,"مقدم الشام 'Tripoli'","macroarch","Military strategy Analyst. Roaming around Sham.If you know the enemy and know yourself, you need not fear the result of a hundred battles",2111,262,47,1470,"RT / Follow / Fav≠Endorsements","Yerevan","2010-01-23 07:17:23","None"
161,2231754188,"Anti-Majos","AntiMajose","",973,3,1,170,"","None","2013-12-05 16:55:17","None"
162,2245187402,"Twelver Shia","Twelver_Shia","Refuting Shia Allegations Online Everywhere",374,15,0,89,"","None","2013-12-14 07:31:59","http://t.co/M8eC4V9Wf7"
163,2857663824,"Sh. Mohammed Junaid","MJunaidThorne","الحساب الرسمي للشيخ محمد جنيد. داعية إسلامي بـ #أستراليا Official account of #Perth and #Sydney based Islamic preacher. Retweet does not mean endorsement #خلافة",1091,146,6,714,"WA, Perth ","Solomon Is.","2014-10-16 06:50:45","https://t.co/6bG9phtHAE"
164,2225528484,"Fadhil Haroon","FadhilHaroon","Muslim || Alternative Prespective || Thoughts on the blessed revival of the Ummah || Analyst || RT/Links/Follow ≠ Endorsement",197,147,2,510,"","London","2013-12-01 20:14:16","None"
165,1001171148,"Ubaidullah Ebrahim","darul_ilm","Teacher at Darul Ilm Islaamic Institute & Al-Madrasatur Rasheediyyah, Admin of Darul Ilm Blog, Owner of PC Megabytes.",1012,1127,2,866,"","None","2012-12-10 07:52:06","http://t.co/qtzIbQYX"
166,2855398369,"SaudiWitness","SaudiWitness","Interested in Saudi/Western politics, History, and Economical issues. Illuminating my people's minds with the truth. RTs ≠ endorsements following ≠ endorsements",2464,40,17,1080,"جزيرة العرب Arabian Peninsula","None","2014-10-14 09:28:48","None"
167,2817536035,"Dawood","Suleiman_Dawood","Middle East commentator on Alraabit, focus on economics, markets, revolution and geopolitical shifts. RT≠endorsement, Independent Analyst, unaffiliated with any",2499,428,34,6423,"","None","2014-09-18 17:58:29","None"
168,2419383649,"Iraq_nowEn","Iraq_nowEn","Latest News from Iraq Now English",1947,5,10,145,"","None","2014-03-30 18:36:43","None"
169,1153236643,"Islamic Revolution","IslamRevlution","",658,80,3,1730,"","None","2013-02-06 07:23:30","None"
170,2618638788,"Ibn Kitten™","WilayatCats","We are an elite Kitten force which makes effective use of hashtags. And in the not so distant future, we use this  to systematically annihilate the human race",206,163,1,531,"","London","2014-07-11 20:44:58","None"
171,1148951203,"Stunning Wildlife","SWildlifepics","Stunning Wildlife pictures: Animals, Nature and Beauty caught on Camera. Contact:stunningwildlife@gmail.com",191408,51,1599,5043,"","Hawaii","2013-02-04 20:01:56","None"
172,96083073,"فيصل القاسم","kasimf","الصفحة الرسمية لمقدم برنامج الاتجاه المعاكس بقناة الجزيرة. آرائي وتغريداتي هنا شخصية بحتة. والريتويت لا يعني بالضرورة التبني.صفحتي على فيسبوك:falkasim",2138142,1476,6392,49690,"","London","2009-12-11 07:53:15","None"
173,538285556,"عبد الباري عطوان","abdelbariatwan","Editor in chief of Raialyoum Arabic Independent  Newspaper - Writer - Author - Politician http://t.co/5LvFoFGxww page:http://t.co/mY9eIatEIF",659433,282,2146,9064,"London","London","2012-03-27 16:19:34","http://t.co/Exp2AllgeN"
174,130184065,"Daniele Raineri","DanieleRaineri","Journalist @ Il Foglio",10348,939,408,10970,"","Athens","2010-04-06 15:29:02","http://t.co/dwi7EmIbyd"
175,607198443,"Wassim Nasr","SimNasr","- Veilleur-Analyste & Journaliste @FRANCE24 - النّـــــــــاسُ صِنْفانِ: مَوتَـــى في حَياتِـهِمُ / وآخَرونَ -بِـــبَـطْـن الأرضِ أحْــيـــأءُ -",11874,1113,162,22301," RT is by no means endorsing ","Athens","2012-06-13 11:10:50","None"
176,376805797,"موسى العمر","MousaAlomar","صحفي ومذيع سوري ما أكتبه يعكس وجهة نظري فقط وليس المؤسسة التي أعمل بها .-سليل بني أمية -",132720,423,736,20790,"london","Casablanca","2011-09-20 14:38:41","None"
177,973700238,"Hasan @li","Hasan_ali_a","University student from the city of Mosul. i don't like politics instead i like BF3 and COD4 :)",684,210,8,1049,"Mosul","Baghdad","2012-11-27 11:20:05","None"
178,37885627,"le BDOUIN","muslimshow","Compte officiel de l'Editeur BDouin !(https://t.co/XiSFQsUANP (FR) https://t.co/zkTIYVCpJS (EN)",13525,244,73,7201,"Oummaworld","Dublin","2009-05-05 08:32:04","http://t.co/dPXus1tghc"
179,2865270455,"بنت يوسف","uKht_bintyusuf","قالَ رَسُولُ اللهِ ﷺ :  فَمَنْ قَاتَلَ لِتَكُونَ كَلِمَةُ الله هِيَ الْعُلْيا فَهُوَ فيِ سَبِيلِ الله .    [رواه البخاري]",276,289,0,1836,"","Paris","2014-11-07 07:09:15","None"
180,2591038140,"MuslimShow_EN","MuslimShow_EN","Official account of the famous comic strips Muslim Show",945,45,4,70,"","Bangkok","2014-06-27 08:50:07","None"
181,2817904286,"Ghazi Abbas","Gh4ziAbbas","",211,88,2,838,"","None","2014-09-18 21:00:00","None"
182,2795084673,"Abu Yehya Al-Shami","AbuyehyaAlshami","An eyewitness to the atrocities that occur in Syria...trying to change it with my hand while seeking the pleasure of Allah...",1412,271,7,48,"أرض المحشر و المنشر","None","2014-09-30 15:15:38","None"
183,2796117671,"Rayat Al Tawheed","rayat_t","Bilad Ash Shaam | NOT affiliated with IS |",2505,15,22,62,"Syria","None","2014-09-30 19:34:49","None"
184,2838567620,"Saahibul Hijratain","s7bhijratain3","Here we began & at al-Aqsa we meet. Partaking in the Global Jihad @ the Somali front. مع #قاعدة_الجهاد Read: http://t.co/DslXPusekx. {Repping myself only}",1038,132,13,164,"Somalia","Nairobi","2014-10-03 02:41:23","http://t.co/his6ZrJ7EX"
185,2642528922,"Al Wala Wal Bara ✒","Feesabililah_","Death only comes once so why not that of a shaheed? Remain true to your covenant  || Revolution until Victory Death before loss of dignityAl Wala Wal Bara",1102,119,5,372,"Covering World News","Central Time (US & Canada)","2014-07-14 03:14:40","None"
186,2855390960,"Fatih Sulaiman ","ftsulaim","",288,1044,0,3258,"","Urumqi","2014-10-14 10:04:34","None"
187,2801362930,"Muhajirah Witness","BintWater","I'm just a random Muhajirah/Wife/Mother with access to the internet! * Follow backup acc @bintwaterII * #FreeShamiWitness * #MuslimPrisoners *",2744,104,10,1683,"I live in the Lions Den :D ","None","2014-10-03 04:31:58","None"
188,2812314792,"Abu Saalihah","AbuSaalihah1","DON'T VOTE - STAY MUSLIM!DEMOCRACY IS KUFR (DISBELIEF)[2015 UK GENERAL ELECTION]",1110,234,10,2590,"Dar Ul Kufr (UK) ","None","2014-09-16 03:04:40","None"
189,243173063,"ابو عبده","AbuAbster","حملة لفتح بيوت الله على مدار اليوم كما كانت قبل حكم امن الدولة.البلد اللي مساجدها مفتوحة فسادها سيقل.ريتويت و لك الاجر",357,988,5,27542,"","Alaska","2011-01-26 13:27:05","None"
190,2536228292,"abu barra al afghani","Me01Al","from amongst the islamists online",107,261,2,417,"dar ul islam ","None","2014-05-31 01:13:56","None"
191,83775159,"Islam QA","islamqa_en","the English Page of Islamqa Site, supervised by shiekh Mohammed Salih Elmunajjid",26998,3,132,3849,"Saudi Arabia, Khobar","Riyadh","2009-10-20 05:23:33","http://t.co/YM4bYGMV"
192,2748690320,"Junud Ash Sham (ENG)","JunudS","Official English twitter of Junud Ash Sham | Amir: Muslim Shishani",3670,4,47,181,"Lattakia | Syria | Kik:Junud_s","Kyiv","2014-08-20 10:38:13","None"
193,2771952046,"Mr Jaman","Abusuleiman_","previous account (@mrjaman_) suspended for being too anti terrorism",1205,108,12,897,"","London","2014-09-16 04:36:07","None"
194,2800956407,"Abu dharda #IS","abu_dharda34","",1896,21,15,29,"","None","2014-10-02 22:20:37","None"
195,108969810,"Anonymous_analyst","Hermano_truth","Muslim, Free Speech(not blasphemy), Khilafah, Economics, History, Politics, Science & Statistics.",1183,458,1,2813,"","Fiji","2010-01-27 15:27:31","None"
196,2730829099,"M Schliebs","SchliebsM","I am a journalist with The Australian newspaper",7,3,0,7,"Australia","None","2014-08-14 02:58:30","None"
197,578431670,"Jamil El-biza","Jamil_Elbiza","",145,224,0,114,"","None","2012-05-12 22:03:59","None"
198,2258491423,"Abu-Amir Saifullah","Saifullaaaah","على ملة إبراهيم",64,8,0,136,"","Brisbane","2013-12-23 05:09:16","None"
199,2199253549,"Abdellah Mohammed ","jezia13","",79,266,0,104,"","None","2013-11-17 09:47:42","None"
200,2570155899,"End of time dreams","endoftimesdream","‏‏اقوم بترجمة بعض الرؤى تم تعبيرها من قبل احبابنا المعبرين.",567,267,2,41,"Dreams, and aakhir uz zamaan","None","2014-05-29 04:23:34","None"
201,376776882,"Abu al-Jamajem","AbuJamajem","Studied Arabic for years so I could make angry Syria jokes on Twitter. Jamajem means skulls, FYI.",1729,156,66,5407,"","Eastern Time (US & Canada)","2011-09-20 13:41:39","http://t.co/eQOfss2Dlr"
202,2821579137,"ghazi","ibn_shaam","Just preeing",1554,130,15,2796,"Shlowwwnek","None","2014-10-10 23:14:49","None"
203,2844404412,"Asad ad-Dīn Shīrkūh","alwalaaawalbara","'It is also charity to utter a good word' - Prophet Muhammad ﷺ Retweets/Following ≠ Endorsement",4216,511,10,2937,"al-Jazā'ir☝","Ljubljana","2014-10-07 19:26:35","http://t.co/XAZMoparyU"
204,2808682494,"ASIO","AusSpyIdiotOrg","Bumbling keystone security services, proudly making Australians less safe and secure.",1218,1740,7,500,"In your internets","Solomon Is.","2014-09-14 04:23:34","None"
205,1707146264,"عمر ","Abu_Hafs_","May Allah make sincere our intentions",129,169,2,285,"","Amsterdam","2013-08-28 12:13:36","None"
206,731003646,"Antimajos","Warior1924","Şia kafirdir şia'ya kâfir demeyen de kafirdir",1402,1941,10,16329,"Turkey","Athens","2012-08-01 16:32:57","None"
207,1008929149,"Abdullah Hussein","Athari122","Seek knowledge and tread on its path even if you never obtain your goals.",63,186,0,34,"","Sydney","2012-12-13 14:18:34","None"
208,1628300538,"Abo.ghad Almhagr","ATrkiy","داعيه اسلامي ومسؤل معاهد  عثمان بن عفان الدعوية",4,57,0,0,"","None","2013-07-28 17:12:53","None"
209,2772416897,"Khattab Al Muhajir","khattab_rt_","But what is death but a moment of passing, from a life that ends to one everlasting |",3162,61,31,224,"Syria","None","2014-09-16 17:29:36","None"
210,144551754,"جمير صديك","Siddique7227","There is no God but Allah & Muhammed ﷺ is His Messenger.",5,37,0,8,"","London","2010-05-16 16:41:37","None"
211,1643203332,"Bint Ummah","bint_ummah","You Can Take The Monkey Out Of The Jungle But You Can't Take The Jungle Out Of The Monkey #Diagnosis=Asabeeyah",87,275,0,45,"","None","2013-08-03 16:58:38","None"
212,926456306,"Talib Björn","Talib_IbnSven","Disaffected Muslim youth. Terror-Bully.",84,498,0,894,"Nothing but bush, Australia","None","2012-11-05 00:01:18","None"
213,2564241606,"Fulan","Whylikedis","الله أكبر",3,18,0,1,"","Urumqi","2014-06-12 23:36:06","None"
214,2775248230,"IS Diaries","IsDiaries","Reality amidst a propaganda war.",139,107,1,235,"Syria. Bilaad ash-shaam.  IS.","None","2014-09-19 08:49:20","None"
215,2735206085,"Faris Britani","FarisBritani","OUR JIHAD IS LIKE THE SALAH. IT STARTS WITH TAKBIR AND ENDS WITH SHAHADA. kik me.",2372,43,31,323,"ISLAMIC STATE!!!","None","2014-08-06 15:48:42","None"
216,2589429499,"أبو سفيان العراقي☝️س","AbuSfynAliraqi","وَلِلَّهِ الْعِزَّةُ وَلِرَسُولِهِ وَلِلْمُؤْمِنِينَ وَلَكِنَّ الْمُنَافِقِينَ لا يَعْلَمُونَ Slave of the Almighty, free minded; Abu Sufyan al Iraqi",1085,1565,7,1655,"here & there","Brisbane","2014-06-26 11:22:32","None"
217,176920041,"Fadah Jassem  فداء  ","FadahJassem","Broadcast Journalist/Producer. Syrian, Iraqi, Brit. Global News. Middle East.  @AJENews @itvnews @ITN    Views own RTs not.",1186,819,26,10629,"London, England","None","2010-08-10 19:58:22","None"
218,17790274,"OneLouder Apps","OneLouderApps","Mobile Apps. Part of @PinsightMedia.",5700874,46083,12192,6225,"Kansas City, MO","Central Time (US & Canada)","2008-12-01 21:43:21","http://t.co/vInMtCJJBP"
219,2369265494,"Salahadeen....","Al_Abdullahh","O muslim everywhere, for today - by Allah's grace - You have a state And Khilafah",250,28,1,283,"Under The Khilafah ","None","2014-03-02 18:58:56","None"
220,288199978,"Ibn Rushd","laysalghareeb","I swear oh nafs you will descend, obedient or detestful, even if the people make the strongest of cries, I do not see you as hating jannah.",1709,330,11,1101,"http://justpaste.it/IbnRushd","Brisbane","2011-04-26 12:27:15","None"
221,718612494,"Prince Khattab","princekhattab","",540,172,3,537,"","Brisbane","2012-07-26 19:32:10","None"
222,847078508,"Yassir Morsi","YMorsi","Critical Race Theorist",529,417,2,584,"Melbourne ","Melbourne","2012-09-26 09:24:26","http://t.co/Pec8m01nLH"
223,193659129,"peterlloydau","peterlloydau","ABC senior reporter. Past corro and presently covering national affairs. On Facebook, peterlloydabc",1811,879,45,2140,"sydney","Sydney","2010-09-22 11:34:49","None"
224,513116847,"Mizanur Rahman","Abu_Baraa1","I am a Muslim who believes the divine shari'ah (law) of Islam is superior to any man-made law in the east or west.",23113,119,86,7731,"UK","Casablanca","2012-03-03 12:23:41","http://t.co/WetcoEq9Do"
225,14757564,"Elise Potaka","elisepotaka","Australian producer/journalist. Opinions mine.",870,1715,31,1406,"Sydney","Sydney","2008-05-13 11:42:46","None"
226,2267213854,"Taleb al Australi","baaaqiyah","The believers are only those who when Allah is mentioned their hearts become fearful & when His verses are recited to them it increases them in faith.",2445,28,30,1165,"","Baghdad","2014-01-07 16:44:20","None"
227,1731528714,"أبو حذيفة الرومي","jandal_95","انا ابن الدولة الإسلامية ... إن مالت الجبال فلا أميل",181,62,1,2522," وارض الله واسعة","None","2013-09-05 10:47:34","None"
228,2659017097,"Al-Qassam Brigades","Qassam_English","Unofficial English Account of Ezzedeen Al-Qassam Brigades, the military wing of Hamas | Formed as protest against suspension of @qassamfeed & @Qassam_Arabic",19283,22,232,491,"Gaza, Palestine","None","2014-07-19 08:34:03","http://t.co/GbXM2OH8Jc"
229,263428605,"Anjem Choudary","anjemchoudary","I am a Muslim who believes that Islam is something we must believe in (Tawheed), live by (Shari'ah) and struggle and sacrifice for (by way of Daw'ah and Jihad).",27878,0,400,4715,"London","London","2011-03-10 01:12:18","http://t.co/XOltPJAPbx"
230,2342068546,"Hamza A/Rahman Bello","HamzaBello9","Son Of Islam",85,137,2,785,"nigeria","None","2014-02-13 21:22:54","None"
231,2412645854,"Abu Hafs","AbuHafs1435","Not important",20,36,0,27,"Daar ul Islam","None","2014-03-26 13:54:40","http://t.co/Ki2GoNimr8"
232,1128499460,"Abdalla Ibn Ahmed ","Lion_Alsomaal29","Follower of #Political Islam, #Arab upprissing,Syrianrevolution.  Rts not edrsment Viewsmine. fav Reading Books,Historyclass,football,swiming.",1331,197,21,10702,"","London","2013-01-28 16:09:10","None"
233,2305782515,"Ibn Taymiyyah","ShIbnTaymiyyah","Posting quotes from Taqî ad-Dîn Aḥmad ibn Taymiyyah and other islamic quotesFollow us at Instagram, account is ShIbnTaymiyyah",3979,4,13,2481,"","Athens","2014-01-26 14:26:52","None"
234,1113556759,"أبو عبدالرحمن السوري","TalalBazrbashi","‏‏‏‏‏‏‏‏‏‏‏‏‏‏‏‏‏‏‏‏‏محمد طلال بازرباشي & ثورة الشام المباركة &          صفحتي على الفيسبوك http://t.co/QVYEMJCEAx‎       تشرفني زيارتكم",40718,155,215,1597,"","Athens","2013-01-23 05:36:54","None"
235,891233203,"خالد أبو أنس","khaled852111","",36076,742,275,1540,"","Baghdad","2012-10-19 15:40:03","None"
236,571854743,"د.محمد على الجزولي","dralgzouli","احمل هموما كثيرة اعظمها إحياء فقه الوحى وتحرير العقل المسلم من التقليد والمقاصدية ، التسليم للوحى بعيدا عن الارجاء ، وحدة الامة واقامة دولتها بعيدا عن القطرية .",51941,353,208,5641,"","Arizona","2012-05-05 15:53:29","http://t.co/zSY3pHTPOS"
237,2645014267,"Abu Maestro","AmoTwalha","Isn't Allah sufficient for His slave???",102,306,0,1128,"","None","2014-07-14 10:27:01","None"
238,606767056,"Abdul-Aziz al-Tarifi","Altarefe_En","The official English account of Shaykh ʿAbdul-ʿAziz al-Tarifi. All tweets published are of Shaykh al-Tarifi (Admin)جميع ما ينشر هنا ترجمة لتغريدات الشيخ",16610,6,80,3413,"Riyadh, Saudi Arabia","Riyadh","2012-06-13 00:36:15","http://t.co/tK6LUkg2o2"
239,2275949592,"جند الله ","jundu_Allah","سائرون في طريق الحق يا جند الله              Reporting on the Muslim World                Follow/RT/Fav ≠ Endorsement",1336,542,15,9138,"","Melbourne","2014-01-04 10:58:21","None"
240,1872756613,"MuwahhidMedia","MuwahhidMedia","And encourage the believers [to join you] that perhaps Allah will restrain the [military] might of those who disbelieve. [An-Nisa: 84]",1119,42,8,988,"Land of Kufr","Athens","2013-09-16 19:16:05","http://t.co/7jSpkA9JRV"
241,2277430134,"Abu Talha Al Almani","AbuMamadou","فَسَيُنفِقُونَهَا ثُم َّ تَكُونُ عَلَْيهِ ْم حَ ْسرَةً ثُم َّ يُ ْغلَبُو َن (al-Anfaal: 36)",4652,9,45,375,"ISLAMIC STATE","Istanbul","2014-01-05 10:20:32","None"
242,400166228,"Ahmad Jibril ","ahmadmusajibril","‏‏خريج الجامعه الاسلاميه بالمدينة - ثم ماجستير قانون من أمريكا Graduate of Islamic University in Medina & Masters Degree in Law/ from USA",27240,0,89,1910,"","None","2011-10-28 16:09:01","None"
243,2223146256,"Islamic Front En","IslamicFront_En","Islamic Front - Official Account",8186,3,143,1399,"","Athens","2013-11-30 14:01:22","None"
244,435202729,"الإسلام","mnlkpo0912","",199,607,1,502,"","Islamabad","2011-12-12 19:57:12","None"
245,2371734582,"Jabhat Al-Nusra EN","JabhatAlNusraEN","“Invite to the way of your Lord with wisdom and good instruction, and argue with them in a way that is best",3902,1,59,18,"","Istanbul","2014-03-04 10:47:45","None"
246,1059061597,"سنافي النصر","Snafialnasr","أمي .. أحقا رحلتي !",28682,20,203,1405,"","Hawaii","2013-01-03 23:33:55","None"
247,27222636,"Ummah Witness","ummahwitness","Current Affairs Observer  | Commentator |  Retweets =/= endorsement.",837,125,6,4854,"Dunyastan","Amsterdam","2009-03-28 12:52:19","None"
248,23330998,"Hassan Hassan","hxhassan","Author, ISIS: Inside the Army of Terror http://t.co/EhjQLQwz0R. Analyst, Delma Institute. Columnist, The National. EMAIL: hsn.hassan@gmail.com",21034,635,991,34041,"In Abu Dhabi","Abu Dhabi","2009-03-08 17:39:00","http://t.co/RirPgZvTqL"
249,2222107160,"Abu Fatih","razeef23","",13,59,0,73,"","Kuala Lumpur","2013-11-29 22:26:49","None"
250,631213621,"Lost Islamic History","LostIslamicHist","Tweeting forgotten facts of Islamic History, rediscovering the past. Get the book here: http://t.co/oQ7Rp41WJx",101726,11,710,4033,"From Spain to China","Eastern Time (US & Canada)","2012-07-09 16:06:14","http://t.co/84d0vSFLZE"
251,2205338203,"الجبهة الإسلامية","islamic_front","الحساب الرسمي للجبهة الإسلامية",106219,3,554,3108,"","Pacific Time (US & Canada)","2013-11-20 17:56:50","None"
252,210997813,"Aymenn J Al-Tamimi","ajaltamimi","انا طالب من جامعة اكسفورد وباحث مهتم بالاخبار الجهادية في بلاد الشام والعراق اضافة الى سياسة  العالم الاسلامي",12272,1418,577,33531,"","Amsterdam","2010-11-02 00:47:59","http://t.co/9tmm4nFFL9"
253,84398743,"Miskat Saiful Islam","Miskat80","Professional Accountant with an interest in political Islam, Islamic Jurisprudence and history. RTs, Following, Fav ≠ endorsements",205,485,3,642,"","Dhaka","2009-10-22 19:12:34","None"
254,2568449280,"IbnSabeel ابن السبيل","IbnAsSabeel","Allah swt is my lord. Muhammad Saas is my Prophet. [ O you who have believed, seek help through patience and prayer. Indeed, Allah is with the patient.]don'",1563,492,2,14791,"Dunya ","Brisbane","2014-06-15 06:17:13","http://t.co/0po8SKcQ1M"
255,2263136922,"أبو عبد الملك الشرعي","aboabdulmalek1","شرعي في الجبهة الإسلامية",25515,72,144,437,"","None","2013-12-26 17:50:56","None"
256,544225248,"Ghuraba.Info","ghurabaINFO","Evidenced articles based on the Quran, Sunnah and Ijmaʿ.",287,11,0,72,"","None","2012-04-03 09:52:52","http://t.co/s0DkYAqLwJ"
257,2591554567,"يحيى البحرومي","ybahrumi","كاتب ومترجم وباحث في أمور الدين",524,30,3,342,"حلب","Jerusalem","2014-06-27 15:22:13","http://t.co/cRytkT78Cl"
258,358459982,"Pieter Van Ostaeyen","p_vanostaeyen","Historian, Arabist & Islamicist. Working as a Business Analyst and Enterprise Architect. Blogs and tweets mainly about Syria's Jihad and foreign fighters",11498,1056,445,34837,"Mechelen, Belgium","Brussels","2011-08-19 23:39:22","http://t.co/VcgIXMJtve"
259,729331142,"Revolution Observer","revolutionobser","World Affairs magazine with eye on #Syria & #MiddleEast. Analyzes situations from Muslim perspective & dissects geopolitical events to further their interest.",475,154,2,1113,"","Central Time (US & Canada)","2012-07-31 21:55:06","http://t.co/4HsDZ8N5LU"
260,741902366,"Abu Anas","abuanas1924","Editor-in-Chief of The Revolution Observer (@revolutionobser) Topics of interests: #Syria, #MiddleEast, International Relations, #ArabSpring & Political #Islam.",301,555,5,1692,"Toronto, Canada","Eastern Time (US & Canada)","2012-08-07 01:51:10","http://t.co/ID60XnM7GA"
261,865437098,"دكتور هاني السباعي","hanisibu","مدير مركز المقريزي للدراسات التاريخية بلندنhttp://t.co/LXnY4EzbgDhttps://t.co/ohi6DTvNgg",82711,60,478,3025,"","None","2012-10-06 23:02:24","None"
262,1863711306,"ام سفيان","umsufyaan","Ya Allah #FreeMuslimPrisoners Aameen Victory is near! Khilafa ❤ Be one! For One! On one! Ibn Qayyim (r) لا تفقد إيمانك بالله أبداً#TeamCactus",444,313,3,10091,"","None","2013-09-14 12:57:47","None"
263,1344722767,"Haadi Derbas","DerbasHaadi","",85,632,0,956,"","None","2013-04-11 16:05:04","None"
264,532700952,"د. إياد قنيبي","EYADQUNAIBI","أريد للناس أن يحبوا الله ورسوله ويعتزوا بدينهم وينصروا الشريعة ويتخلصوا من الشبهات والتمييع",160916,163,842,4660,"","None","2012-03-21 22:35:54","None"
265,189508051,"Osamah Anwer","OssyAnwer3","",30,47,0,43,"","None","2010-09-11 13:18:29","None"
266,129018139,"Uthman Badar","UthmanB","Writer | Activist | Student of Economics, Arabic & Islamic sciences | Media Representative, Hizb ut-Tahrir Australia.",5256,102,39,1808,"Sydney, Australia","Sydney","2010-04-02 23:12:48","http://t.co/eBQmZGVk8H"
267,1659115159,"Al-Muharir","AbuJihad_47","Keeping an eye on Al-Shaam...",181,254,1,568,"","New Caledonia","2013-08-10 02:36:26","None"
268,2598667446,"Abdulah Hamimi","Abdulah_Hamimi","",83,234,0,68,"","Melbourne","2014-07-01 22:58:43","https://t.co/6UZDasBZ88"
269,451042867,"حسان عبود","HassanAbboud_Ah","‏أبو عبدالله الحموي رئيس الهيئة السياسية في #الجبهة_الإسلامية Head of political office of the #IslamicFront",82888,144,491,657,"Syria","None","2011-12-30 23:55:55","http://t.co/JYsftmvN2q"
270,535210252,"Fayssal Merheb","FayssalMerheb","Fall down seven times, stand up eight.",239,342,2,495,"","Sydney","2012-03-24 10:14:36","None"
271,432550906,"♔AdinHapsoh™♧♡","nZahra3","Muslimah indonesia, myName is Adin |♥jehad | be Hafizah | ♥mujahed |♡MyNiqab | IG ⇨ adin1sa | always shining n luster",144,157,1,301,"Indonesia-Syria","Jakarta","2011-12-09 14:29:11","http://t.co/E7x3OEfrOE"
272,2534566535,"Ali Shukri Amin","AliShukriAmin","Co-Founder and Vice President of Bitcoin El Arab",29,28,1,27,"","None","2014-05-08 01:45:26","http://t.co/S2tU0OCZZX"
273,760634137,"Revision Days","revisiondays","We offer intensive one day revision courses for GCSE, AS and A2 Level students in various subjects.",48,122,0,94,"United Kingdom","London","2012-08-16 02:27:29","http://t.co/TxHMR5KNbx"
274,266723795,"Okay Pala","Okay_Pala","Muslim political activist | Writer | Speaker | Media Representative, Hizb ut Tahrir The Netherlands.",2599,372,10,386,"The Netherlands","Amsterdam","2011-03-15 18:05:49","http://t.co/gFP96tUL5y"
275,2397912394,"Tariq Rajah","RajahTariq","",20,70,0,110,"","None","2014-03-09 22:00:59","None"
276,27995250,"One Stop Computer ","oscsau","Making Computer and Technology easy and productive for over 50s and seniors and small businesses",111,193,2,415,"Gold Coast and Brisbane","Brisbane","2009-03-31 23:35:11","None"
277,2407520353,"Ummati Fajrun","UFajrun","",294,30,1,45,"","None","2014-03-23 18:10:09","None"
278,2421513770,"Sultan Al-Ahmad","Sulta93_Alahmad","Currently studying in a Bachelor of Civil/Mining Engineering at UNSW, Australia.",11,19,0,0,"Sydney","None","2014-04-01 04:20:06","http://t.co/cWvoOKXJG6"
279,599878390,"Omar El Hawli","OmarElHawli","لا إِلٰهَ إِلا الله محمد رسول الله",140,195,0,3036,"Mars","Melbourne","2012-06-05 06:23:30","None"
280,2282268988,"Translator ترجمان","dawlah_transltr","It will remain, by the will of Allah",438,3,3,157,"","None","2014-01-14 20:39:25","None"
281,57914577,"Shami Witness","ShamiWitness","Musings on Bilad ash Sham,Sunni Revolutions,Economic Collapse, Post-industrial society,Technology,History etc. RTs ≠ endorsements.Following ≠ endorsements",17440,731,398,128757,"Planet Earth","West Central Africa","2009-07-18 11:43:46","http://t.co/qR78i7Fdu9"
282,2294725468,"Afghani Witness","AfghaniWitness","Researcher and Analyst on the War on Terror focused primarily on the Afghan/Pak regions and the Muslim World and its Awakening افغاني شاهد",2536,285,29,2222,"International","None","2014-01-21 03:38:33","None"
283,2343134834,"Bilad Al Sham Media","BiladAlSham_Dhi","Maldivians in Sham (Syria) مهاجرون من جزر المالديف إلى بلاد الشام",2783,441,14,1327,"Syria","None","2014-02-14 06:01:11","https://t.co/Zq7Vv6Yolo"
284,2560659126,"islam","islampeaceful12","islam is peace",36,19,0,142,"","None","2014-06-11 05:53:22","None"
285,2205272359,"د. سامي العريدي","sami_oride","اللهم أحينا لدينك وأمتنا في سبيلك...قاعدة الجهاد على أرض الشام",45959,53,311,3208,"","Casablanca","2013-11-20 17:14:38","None"
286,137292711,"@£!£ @#ᴟ@ȡ","afif_ahmad_","",47,184,0,75,"Sydney, Australa","Sydney","2010-04-26 10:45:16","http://t.co/s2LQBrNYdi"
287,1652541,"Reuters Top News","Reuters","Top and breaking news, pictures, and videos from Reuters.",6088051,1048,90600,115445,"Around the world","Eastern Time (US & Canada)","2007-03-20 17:46:05","http://t.co/BmHxhkm3Mh"
288,51241574,"The Associated Press","AP","News, discussion and behind-the-scenes insight from The Associated Press. Managed 24/7 by a team of editors based in New York: http://t.co/qej5Fpwahh",4690563,7349,66840,99955,"Global","Eastern Time (US & Canada)","2009-06-26 21:48:52","http://t.co/fp59ZdYmr1"
289,1582469563,"Abu Zubayr","nolongerinuse_9","Not affiliated with any group or organization.",3815,142,36,3186,"","Brisbane","2013-07-10 07:09:04","None"
290,1205975640,"مع الخالديــــن","SQ_711","اللهم أجمع قلوب المجاهدين على كلمة التوحيد وتوحيد الكلمة",24270,1,143,49,"","Baghdad","2013-02-21 20:54:46","None"
291,1031792569,"الهيئة السياسية","S_IslamicFront","نعمل لدولة تكون السيادة فيها لشرع الله وحده ومشروع الأمة نصب أعيننا",64101,8,303,1985,"معرف رسمي","Athens","2012-12-24 02:43:54","None"
292,494025869,"أسيف الشام","aseef_sh","مهتم بالساحة الجهادية",124887,20,563,3776,"سوريا","Athens","2012-02-16 12:56:35","None"
293,258922747,"Syrian Revolutionist","SyrRevo","أحلم بيوم آت. يتحرر فيه الشعب السوري من كل استبداد  وظلم",19120,1250,179,35589,"","Cairo","2011-02-28 20:05:20","None"
294,254766784,"Syrian Free Press","SyrianFreePress","Syrian cyber activists group to support Syrian revolution, most our tweets will be in Arabic, some in English.http://t.co/Ya6mgOdr4Z",8024,34,197,176954,"Damascus","Cairo","2011-02-19 23:49:13","http://t.co/CQpv8sDZRn"
295,54507492,"المرصد السوري ","syriahr","الصفحة الرسمية للمرصد السوري لحقوق الانسانOfficial site of the Syrian Observatory for Human Rights",19374,306,428,85238,"syria","London","2009-07-07 10:22:25","http://t.co/cvjE2pikBC"
296,288530605,"Shaam News Network","ShaamNewsEn","",9999,6,245,68500,"","Quito","2011-04-27 01:00:43","http://t.co/OG0iiKel8B"
297,8036392,"NBC News US","NBCNewsUS","First in breaking news and analysis, @NBCNews reporters and correspondents bring you compelling stories from across the nation.",92839,410,2038,37065,"","Pacific Time (US & Canada)","2007-08-07 19:00:05","http://t.co/mPfHpoLew2"
298,66591836,"CNN بالعربية","cnnarabic","World Wide News Leader, in Arabic http://t.co/U1V8ei6LDz  http://t.co/PhIonVHtAy",2970665,190,7335,62857,"Dubai, United Arab Emirates","Abu Dhabi","2009-08-18 04:10:21","http://t.co/55cgkf8WTS"
299,22240612,"Al Arabiya English","AlArabiya_Eng","The English site of the Arab world's leading news channel, Al Arabiya News.",501537,30,8725,104052,"Dubai","Abu Dhabi","2009-02-28 08:31:32","http://t.co/IvhLG5VRDq"
300,822298344,"Syria Deeply","SyriaDeeply","An independent single-topic news site focusing on stories and commentary about the war in Syria. Analysis and breaking news about Syria.",25233,1237,1036,5959,"","Eastern Time (US & Canada)","2012-09-13 22:47:01","http://t.co/zlJ5GNjaQg"
301,458301345,"سكاي نيوز عربية-الآن","SkyNewsArabia_B","ترددات القناةhttp://t.co/DY77ZO3E",1242764,47,3122,55594,"Abu Dhabi, UAE","Abu Dhabi","2012-01-08 12:02:58","http://t.co/BoUx26sThV"
302,23573083,"العربية عاجل","AlArabiya_Brk","خدمة قناة #العربية الإخبارية للأخبار العاجلة",6734066,29,12786,59216,"Dubai","Abu Dhabi","2009-03-10 09:15:09","http://t.co/YQoDmswalp"
303,796609082,"العربية سوريا","AlArabiya_SY","حساب قناة #العربية الخاص بتغطية أخبار #سوريا",266656,29,722,12380,"Dubai","Abu Dhabi","2012-09-01 18:22:42","http://t.co/xaJFPRVZ2e"
304,16589206,"WikiLeaks","wikileaks","We open governments.",2492487,5402,48859,34983,"Everywhere","Pacific Time (US & Canada)","2008-10-04 06:41:05","http://t.co/CQrSKaiWjG"
305,87165980,"Bill Neely","BillNeelyNBC","Chief Global Correspondent @NBCNews. Father, marathon runner, amateur Triathlete, wine lover & Leeds United optimist. (The last 2 go together)",23568,558,675,8237,"London","London","2009-11-03 10:58:13","http://t.co/8xx8pxDeCQ"
306,284418389,"Nahda Productions","nahdaproduction","Freelance multimedia unit (Sydney). All tweets on this account are via connected FB pages (tweets aren't original). Group account.",1480,250,11,13621,"Sydney, Australia","Melbourne","2011-04-19 07:23:33","http://t.co/o3oCMHNd6U"
307,283966733,"B Wahed","BWarHead","",102,187,0,96,"","Arizona","2011-04-18 11:01:17","None"
308,137411984,"Abdul Elmir","iWahash","",112,372,0,61,"","Sydney","2010-04-26 17:36:18","None"
309,1666686721,"Faraz Nomani","faraznom","",83,21,0,0,"","None","2013-08-13 03:25:38","None"
