0,2997510648,"مسلمة مستقلة 9","Muslima_Tweep","previous accounts @MuslimahTweep_/ @muslimah_tweep /@Blatant_Haqq__ / @muslim_virginia etc etc / Twitter admins hate me and i hate them too/ no DMs please/",225,323,3,358,"","None","2015-01-26 21:57:11","None"
1,2836221255,"Maghrebi Witness","MaghrebiWitness","Nanotechnology engineer |          Observer on events affecting the Islamic world in general and Morocco in particular- RT and Favorites aren't endorsements.",1669,1636,18,2351,"","Monrovia","2014-10-18 15:51:17","None"
2,2990452431,"Mariana ❥","sailor__M_","My other acc was not suspended, but I will use this one the necessary time. I just want to prevent ❤ cats, books, knowledge and radicalism.",237,140,0,351,"South America ","Monterrey","2015-01-21 20:00:49","https://t.co/zt55Q6QLDe"
3,415203814,"Yasin al-maghribee","YasinRealme121","",36,86,0,452,"Uk,london","None","2011-11-18 01:29:22","None"
4,2967874341,"Um Mulahatha","student4truth","Muslimah",98,296,0,220,"Dunya","None","2015-01-08 14:51:38","http://t.co/TwOXLHAKr5"
5,3010046764,"Umm Marriyyaah","Muwaheeda1","zawjatou Shaheed Abu Khaled Murat.Raahimuhu Allah.",61,527,0,48,"","None","2015-02-01 12:36:46","None"
6,1013973096,"Ayn al Islaam","nurainea","#WhoIsMuhammadﷺ http://t.co/zuzky65Mdt…",626,334,2,2576,"","None","2012-12-15 21:41:30","http://t.co/wArPkxCPGT"
7,2903597877,"Omm Khaled Maghrbiya","bintAmina_","",417,5,0,31,"#IS","None","2014-12-03 11:23:09","None"
8,2907455144,"bro mujahid","BroMujahid","",131,232,0,651,"","Hanoi","2014-11-22 19:20:19","None"
9,2949136095,"Oum Istishhad","bzodprjrbguhzha","",155,241,2,118,"","None","2014-12-29 13:02:02","None"
10,2891267758,"Nadim al-Muhajir ","dhahiri2","For that is Allah, your Lord, the Truth, and what is there after truth except error? So how are you averted?  (Yunus 32)",713,207,6,140,"","None","2014-11-24 19:53:20","None"
11,2671147860,"#FreeShamiWitness ","kenyanwitness","ﻻ ﺍﻟﻪ ﺍﻻ ﺍﻟﻠﻪ ﻣﺤﻤﺪ ﺭﺳﻮﻝ ﺍﻟﻠﻪ",840,815,6,3808,"Darul Kufr","Nairobi","2014-07-23 00:42:14","None"
12,731003646,"Antimajos","Warior1924","Şia kafirdir şia'ya kâfir demeyen de kafirdir",1337,1847,10,16215,"Turkey","Athens","2012-08-01 16:32:57","None"
13,3016896148,"أم أحمد #غرباء","ukhtArabiya","",25,18,0,6,"","None","2015-02-04 09:09:14","None"
14,3016389616,"sham","ifthimatrix3","",126,94,0,24,"islamicstate","Minsk","2015-02-04 04:59:17","None"
15,2352242034,"♡","Al_Maghrebiyya","♡وما كان الله معذبهم وهم يستغفرون♡ - سورة الأنفال",223,252,3,222,"Maghreb Al-Islāmī","London","2014-02-19 20:59:02","None"
16,2880615001,"مهاجرة في الارض","muhajirahfilard","اللهم ﻻ عيش اﻻ عيش الاخرة",84,403,0,239,"","None","2014-10-28 09:45:47","None"
17,3005247712,"العبد الفقير عثمان 6","AlTaunati","Just following the other side of the news",167,162,0,63,"","None","2015-01-30 08:40:20","None"
18,2619149392,"Abu Khalid Al-Amriki","ax4media","#IS Baaqiyah Wa Tatamadad Wa Tatamadad Wa Tatamadad",170,31,2,12,"Dawlatul_Islamiya_Khilafah ☝","None","2014-06-18 04:34:32","None"
19,3001156638,"BintAli","bint_AliM","former coconut but still struggle with the pursuit of true aqeedah and I ll go wherever it takes me. May Allah ease it for me",78,66,0,130,"","None","2015-01-29 12:14:30","None"
20,2820110093,"Umm Ayesha","AyeshaMedina84","#Revert ~ #Niqabi ~ Emergency Medicine Specialist",301,479,1,6,"Montreal, Quebec, Canada","Eastern Time (US & Canada)","2014-10-09 17:57:50","http://t.co/VStJWhGcC1"
21,2269885007,"ام نورة","mominamatullah","22 • Revert alhamdulillah • Dar ul-Kufr",133,168,0,392,"دار الكفر","None","2014-01-09 01:19:19","None"
22,3008501970,"Haa Naa","Almahiraa__","Die In Ur Rage ooooo Kuffar",178,20,0,156,"","None","2015-02-03 00:27:48","None"
23,2981132074,"UmmSulaym Asomaliya","ummcadil5","And whosoever puts his trust in Allah then he'll suffice him",59,116,0,104,"darul cheese","None","2015-01-16 13:15:38","None"
24,2813262998,"Ukhti Al-Brazili","UkhtiAlBrazili","Revert. 20 years old. Cat lover. Addicted to books. — DM  — English, Spanish and Portuguese. RT/≠ Endorsement. Kuffar/Assad supporters don't follow me.",212,154,1,221,"Dar Al-Kufr","Santiago","2014-09-16 14:49:22","None"
25,3009454570,"♡ Queen of Walaa♡","Khansa_BntUsuud","ﻗُﻞْ ﻣُﻮﺗُﻮﺍ ﺑِﻐَﻴْﻈِﻜُﻢْ ﺇِﻥَّ ﺍﻟﻠَّﻪَ ﻋَﻠِﻴﻢٌﺑِﺬَﺍﺕِ ﺍﻟﺼُّﺪُﻭﺭِSay, Die in yourrage. Indeed. Allah (is) All-Knowingof what (is in) the breasts.3:119",219,131,0,31,"Darul Bariiiis","None","2015-02-01 05:58:53","None"
26,3002915530,"Chyuka Ryori","ChyukaRyori1","previous accounts @ChyukaRyori1 @abuumar__",291,264,0,2509,"","Tokyo","2015-01-28 09:15:25","None"
27,2589429499,"أبو سفيان العراقي☝️س","AbuSfynAliraqi","وَلِلَّهِ الْعِزَّةُ وَلِرَسُولِهِ وَلِلْمُؤْمِنِينَ وَلَكِنَّ الْمُنَافِقِينَ لا يَعْلَمُونَ Slave of the Almighty, free minded; Abu Sufyan al Iraqi",1051,1505,7,1594,"here & there","Brisbane","2014-06-26 11:22:32","None"
28,139322560,"Umm Osama","najamz2044","i love all Mujahideen... for the sake of Allah.",98,671,4,3977,"","Pacific Time (US & Canada)","2010-05-02 07:10:22","None"
29,2739699278,"Abd-Allah","jihadi4life","Ahlu-Sunnah Wal Jamā’ah | Manhaj as-Salaf as-Sālih | Platform of Tawhīd | NOT AFFILIATED TO ANY GROUP.",481,436,4,2493,"darul kufr","None","2014-08-17 13:23:30","None"
30,2998689127,"Radically Your's","DieInYourRage","I'm the Radical,O! Infidels Your Intelligence Agencies Warned U About !! Hesitation Kills,Plan it Execute it !!! ASWJ Baqiya",83,59,0,1241,"Shaam - Iraq - Nonstop","None","2015-01-27 19:11:21","None"
31,776644921,"Areeba Makhdoomi","Arii__M","Ashhadu An Lailaha Illallahu Wahdahu La Sharikalahu, Wa Ashhadu Anna Muhammadan Abduhu Wa Rasuluhu.♥Married and Blessed Alhamdulillah♥",419,348,1,5900,"Indian Occupied Kashmir","None","2012-08-23 19:51:53","None"
32,2960902816,"Anas Yazeed","Ikhlaas1436","إن دولـة الإســلام باقـــيـــة لأنها بنيت من أشلاء الشهداء ورويت بدمائهم وبها انعقد سوق الجنة",25,63,0,65,"","None","2015-01-04 20:28:19","None"
33,2606976249,"Khadija","ghariba_khadija","",145,311,1,216,"","None","2014-06-13 19:40:20","None"
34,3005532428,"गरीब दास","poorslave_II","وَمَا أَدْرَاكَ مَا الْحَاقَّةُAnd what will make you know what the Reality is?",155,111,0,206,"","None","2015-01-31 23:19:34","None"
35,106022200,"Abu Iyadh Sharqiy","haqani313","Its Islam over everything, student jihadi network east asia, i've counted days since the day my twin killed by kuffar,,",376,505,1,8269,"east asia","Pacific Time (US & Canada)","2010-01-18 07:13:50","http://t.co/yTo1BFkLg9"
36,2996185466,"blackrose","wardahaswad","",202,444,0,492,"","None","2015-01-25 19:45:08","None"
37,3015370497,"Holandiya witness ","UkhtSulayman","Lioness /You can suspend me all you want but Islaam willl prevail✌| DIE IN YOUR RAGE!! لا إله إلا الله محمد رسول الله ..",87,14,0,2,"بلاد الشام ب إذن الله","Fiji","2015-02-03 21:29:56","None"
38,2890343955,"end of time dreams 2","endoftimedreams","‏اقوم بترجمة الرؤى تم تفسيره للغة الانجليزية",693,273,0,1318,"","None","2014-11-24 07:10:14","None"
39,2992733454,"حمحمة الجياد4*&*''","yMa4luU8IcHds3q","‏على نغمات حمحمة الجيادِ .. و قرع سيوفنا البِيضِ الحِدا سنمضِ​ نفرضْ الإسلاَ دينا .. و نمحوا الشركِ من كل النواد",1678,1779,4,3100,"خلافة علی نهج النبوة","None","2015-01-23 01:36:13","None"
40,2997872950,"بنت داعش ","DaeshReloaded_","‏‏س.ج",554,110,4,205,"","Bucharest","2015-01-25 13:47:25","None"
41,2984651289,"ghazi","ghazi_SJ","‏‏‏‏‏‏‏‏‏‏‏‏‏‏‏‏‏‏‏‏‏‏‏‏‏‏‏‏‏‏‏‏‏‏‏‏‏‏يا دولتي لا تنسانييا نفسي لا تحزنيأدخل لي مع إخوانيللحوري و الجناني",119,131,0,780,"السلفية-الجهادية","London","2015-01-18 21:28:28","None"
42,3006049449,"UmmJihad","UmmJihad_","Muslima | Interested in ME news | La illaha illa Allah | RT= Niet altijd mijn mening |  #FreeMuslimPrisoners",187,184,0,67,"Bilad al Kufr","London","2015-01-30 17:57:40","None"
43,2643080974,"صفية بنت محمد","SAF3YYAH","‏‏‏اسلك سبيل محمد. Baaqiya'ness overload ✌",102,185,1,7392,"","Amsterdam","2014-06-26 06:34:35","None"
44,1522630734,"#FreeShamiWitness","al7aq_","‏‏الحقُ أحقُ أن يُتَبَع - اللهم نصرَك الذي وعدت",117,278,0,2971,"دولة العدل","Baghdad","2013-06-16 16:49:01","None"
45,2854487264,"Unbrainwash Media","ummah_affairss","Unbrainwash you with the news from different sources..focus on wars around Muslim world",759,1755,5,4931,"Al-Ard","Krasnoyarsk","2014-10-13 15:08:16","None"
46,3010869622,"Guns and Roses","Raging_Lioness","6th account - suspend me and I will brb oh haters! ROARrrrrr - I will rip and claw all kuffs and cocos! Baaqiyyah - I have pledged - I am legend!",53,128,0,76,"","None","2015-02-01 19:57:25","None"
47,3016269291,"Abu Musab Al-Tafeeli","al_tafeeli2","جئناكم بذبح",176,155,0,71,"New Account/ الحساب الجديد ","Eastern Time (US & Canada)","2015-02-04 04:35:02","None"
48,3015087724,"Dohak Jihadi","DohakJ","",147,183,0,424,"","None","2015-02-03 18:59:13","None"
49,2995505902,"say Die in your rage","bint_harb1","Many are those who have chosen to live in order to die, but I have chosen to die in order to live. Previous account got suspended 3rd account",316,238,2,330,"Darul ibtilaa ","None","2015-01-24 08:18:53","None"
50,2904781788,"Maryam Khalil","IrhabiMaryam","Sorry ikhwaani, I'm not that exciting to follow, but in sha Allah you will find at least one of my posts beneficial. To see Caliphate everywhere is my dream.",201,184,0,1431,"Shaheed, in sha Allah  ","None","2014-11-20 05:01:47","None"
51,319688454,"Stranger ","Khadar_Ahme","In this life there's a choice as to which camp to be in, the camp of Allah which will be victorious or the camp of Shaytaan which will lose!",152,227,3,9682,"Where the strangers reside","Arizona","2011-06-18 15:17:48","http://t.co/HXj0K6Z1D2"
52,3011800947,"أم فارس ","ThatRadBint","5th account. Formerly known as @amatur_rahman and @bint_ishaaq_ | Brothers DO NOT dm me unless u want to be publicly exposed",279,165,0,305,"","None","2015-02-02 08:06:55","None"
53,3000801911,"AbuHamzaMuhajir","AbuHamzaMuhajir","Freelance journalist, peace activist, nature lover.",230,300,0,13,"London","None","2015-01-27 03:13:23","None"
54,2942507266,"Zak Ahmed","zak0669","",1,1,0,3,"","None","2014-12-26 18:09:52","None"
55,2607211147,"Princess IS","dukky04","",75,146,1,157,"","None","2014-07-06 09:44:17","None"
56,2340920360,"Zakariyah","Zakariy53254927","",10,249,0,1,"","None","2014-02-12 20:52:31","None"
57,2994340557,"Umm Junayd","Somaleeya","New account. Keeping up with Dawlah News. #Baqiyah",160,74,0,931,"Alhamdullilah Khilafa","None","2015-01-23 16:28:50","None"
58,2481902188,"أم أنيس","Umm_Unays","ℱα' tσσbα ℓiℓ ghurαbαα ♡",704,251,2,2053,"ad- Dunya sijnul mu'min","Jerusalem","2014-04-13 16:12:30","http://t.co/6X76Ayf3GM"
59,277778963,"H e b a","HK2307","Focused on Middle East politics • Interested in world affairs • Arsenal • Pro-resistance •",3281,57,78,10353,"","Melbourne","2011-04-06 00:59:55","None"
60,2723967735,"Umm Adam Brītaanīyāh","bint_ibrah3m","kik: bint_ibraheem",608,15,2,141,"Islamic State.","None","2014-07-25 09:25:10","None"
61,2818953273,"Fadheelah","drugfreeummah03","UNAPOLOGETIC MUSLIMAH. PRO-KHILAFAH. JUSTICE FOR ALL. EXPOSING EVIL WESTERN MEDIA'S LIES. SOME RT's NOT ENDORSEMENTS.",629,400,10,19573,"EARTH","Ljubljana","2014-10-09 09:34:41","None"
62,1436591922,"Indo Witness","indowitness","not ISIS, just another free man, student of Korean language, Japanese, history and IT, part time as computer and mobile technician.",3970,343,33,2132,"South East Asia","Jakarta","2013-05-17 20:30:41","None"
63,141410670,"Abu Spiderman","TesladDaDon","'My Lord, verily I am in need of whatever good U bestow on me' #Quran28:24 . I Hate Music. So dear music PRs, pls don't follow",862,1215,6,28183,"Abeokuta «-----» Ibadan ","Madrid","2010-05-08 01:22:52","http://t.co/w2WVsnRbqY"
64,2355594481,"Nusaybāh Al Muhājira","UmmSuleym","How long will you sit in between the kuffar& say it is beneficial for dawah?! while they have their feet on ur neck & dictate their dawah to you!",916,414,8,142,"Iraq, Ramadi ","None","2014-02-22 01:37:06","None"
65,2781252434,"Dawlaiyah","Rizafa850T","110% DAWLA~i",344,457,2,376,"","None","2014-08-30 23:11:13","None"
66,365181213,"invincible force","axeeniho","Word is the word of the sword..",224,406,3,711,"Dar-al kufr","None","2011-08-31 00:24:18","None"
67,3008909836,"Aussie Irhabi","IrhabiAussie","",398,587,0,199,"","None","2015-02-01 00:25:55","None"
68,2717342607,"Umm Yahya","ruqayyah_ru","No DM",498,195,1,543,"","None","2014-07-19 02:23:31","None"
69,2996336050,"MM-DD-KK","baqiyah_dohak","",454,323,1,3229,"","None","2015-01-24 18:37:17","None"
70,2961081177,"Khilafah Witness","Khilafah_W","Not affilated to any Group/Organization or Movement | Documenting the Uprising around the word | RT/Follow is not endorsements | Journalist",398,201,2,125,"Beirut","None","2015-01-04 23:08:16","http://t.co/5sqzG4gB7I"
71,2995586681,"Abdulrahman Muhajir","TawheedNetwork","Analyst for Tawheed Network on international affairs. Muslim upon Tawheed. Not affiliated to groups &retweets not endorsements. Follow back",956,123,2,364,"","None","2015-01-24 10:20:34","http://t.co/VH1V9civNU"
72,2844869497,"ابو محمد","ShariaIsJustice","|¥| Muslim |¥| Follows quran and sunnah without moderation |¥| Extremist |¥| Against Murder/Terrorism |¥| Not a nice guy if you're a kafir or a hypocrite |¥|",807,67,3,712,"لا إله إلا الله محمد رسول الله","None","2014-10-07 21:25:06","http://t.co/GBwVcySts7"
73,538434768,"Abu Ottoman","ShariaKommando","Smug hipster playing devil's advocate & sniping fevered-egos. Put JK after everything I say. Except for: Twitter staff are dirty no-goodnik losers. Allahu Akbar",1520,195,8,1166,"Fortress Niihau","Hawaii","2012-03-27 17:39:17","http://t.co/uozl2HFzAb"
74,2793633527,"Mad Mullah(mm)","Aidrusali2014Qa","life z what U make out of a journey.what matters most is which path U take,who U make friends with & most of all what provisions you carry for the destination.",1298,278,9,5207,"land of horses","None","2014-09-30 05:16:42","None"
75,760318537,"Abu Julaybib Somali","abdiwaahid","alhamdulilah khilafah is back , i hope that khilafah will reach Bilaadul Hijratayn (Abaseeniya ) KIK:calaf",677,689,2,1159,"i live somewhere in darul kufr","None","2012-08-15 22:43:14","None"
76,2196088509,"khāwlah As-Sūmāliyah","Ukht_inblack","Wait, we are also waiting.. #20IS  #retired",1380,217,12,13916,"","Casablanca","2013-11-25 21:48:12","None"
77,2993144686,"IamAbuK","AbuKambozz2","just another somebody #IS",1031,53,5,129,"Ask.fm/Iamabuk","None","2015-01-22 22:13:50","None"
78,2989003943,"Abu dahdah almuhajir","abudahdahmhjr","Muslim, Muhajir and Mujahid Alhamdulillah. kik.me -Abu dahdah al muhajir",180,89,0,51,"","None","2015-01-21 05:46:14","None"
79,3008504057,"Abū Hafs al Djāzairi","abuhafsaldz","‏‏‏Je ne répond pas aux soeurs. Compte d'info. يا الله جمعني معها في دارين   Anciennement @AbghiAshShahada",155,383,0,307,"","None","2015-01-31 21:22:07","None"
80,3002764231,"Diran","Ibndirran","S9:v14 that`s all you need to know",173,178,0,556,"Coconutland","Irkutsk","2015-01-30 02:56:44","None"
81,2812995622,"Abū Rayan al`Arabee","Rayandawlah_","Muhajir ~ Khilafah ~",1108,18,5,145,"Kik; ZaidofArabia","None","2014-10-07 07:43:17","None"
82,1721082133," إن تنصر الله ينصرك.","UmmatiMuhammed","‏‏‏‏‏‏‏‏‏‏‏‏‏‏‏‏‏‏‏‏‏‏‏‏‏‏‏سأسأل ما الذي قدمت في دنياي ينجيني فكيف إجابتي من بعد ما فرطت في ديني| يا الله اجمعني بالرفيق الأعلي واجعلني في من طاروا.",2905,243,21,29450,"القافلة تسير يا أمة محمد.","Pacific Time (US & Canada)","2013-09-02 03:33:48","http://t.co/lboLAlMtJ6"
83,2992146410,"أبو الفضل مأمون حاتم","rashedha111","جندي في أنصار الشريعة من يمن الحكمة والإيمان-مناصر ومحب للدولة الإسلامية-هنا أمثل نفسي وأنصح المجاهدين بالتوسط والإعتدال بين الغلو والتمييع والإفراط والتفريط",15047,585,77,109,"","None","2015-01-22 08:51:54","None"
84,2934078524,"Sh Sulaymān Al Alwān","UlamaWitness","I'm back; it's the same person. I strictly tweet sayings of scholars and students of Islam, mainly Shaykh Al Islam Sulayman Al Alwan HA.",419,63,1,104,"","None","2014-12-17 23:27:53","None"
85,400166228,"Ahmad Jibril ","ahmadmusajibril","‏‏خريج الجامعه الاسلاميه بالمدينة - ثم ماجستير قانون من أمريكا Graduate of Islamic University in Medina & Masters Degree in Law/ from USA",27219,0,91,1910,"","None","2011-10-28 16:09:01","None"
86,2985854051,"Al Britaniya","UmmAbbass","muhajirah...",948,13,6,50,"","None","2015-01-19 14:33:13","None"
87,557504925,"   أم وقاس","_UmmWaqqas","Say: Verily, my prayers, my sacrifice, my life, and my death are for Allah, the Lord of All the Worlds.",7072,238,36,18439,"","Hawaii","2012-04-19 04:28:57","http://t.co/e1BfgSGaKX"
88,2891402441,"Al Arabi (س)","AlArabi__","Tweets on the Arab world. Iraq and Ash-Shaam, the imminent collapse of Israel. Technology, History etc. RT =/= endorsements.",520,51,3,5,"شو دخلك؟ ","London","2014-11-24 22:39:50","http://t.co/5BmCBpxKTm"
89,2867397125,"Muhajirah fi Shaam","UmmQanitah","Verily my salah, my sacrafice, my living and my dying are for Allah, the Lord of the Alamin. (Q6:162)",358,43,3,312,"","None","2014-11-08 14:15:38","None"
90,2937245500,"Abu 3antar Britânī","AbuzakariyyahIs","kik: ibnbaadiyah surespot: kik me for it",1641,67,10,245,"أرض الخلافة","None","2014-12-22 17:20:03","None"
91,263428605,"Anjem Choudary","anjemchoudary","I am a Muslim who believes that Islam is something we must believe in (Tawheed), live by (Shari'ah) and struggle and sacrifice for (by way of Daw'ah and Jihad).",27670,0,396,4701,"London","London","2011-03-10 01:12:18","http://t.co/XOltPJAPbx"
92,513116847,"Mizanur Rahman","Abu_Baraa1","I am a Muslim who believes the divine shari'ah (law) of Islam is superior to any man-made law in the east or west.",22725,109,88,7635,"UK","Casablanca","2012-03-03 12:23:41","http://t.co/WetcoEq9Do"
93,2893294305,"Divestment","_divestment_","The promise of Allah is true. Following, Retweet, Fav ≠ endorsement.",142,558,0,1129,"Allah's Earth","London","2014-11-26 13:43:25","None"
94,2994452487,"Al Khurasaniyah","UmmMaymunah94","Dawlatul Islam Baqiyah wa Tatamadad Bi idhni Allah",126,262,0,371,"","None","2015-01-23 17:41:40","None"
95,2958090721,"AustraliaWitness2","AustraliaWitnes","2nd account,",882,898,1,2024,"Bilad Ul Bogan","None","2015-01-04 06:11:50","http://t.co/9ekmOBW1j7"
96,2908236785,"Nomad4","alfarisa__","Tree-hugger, dislikes rape and torture.",556,304,4,8018,"","None","2014-12-06 20:04:45","None"
97,57914577,"Shami Witness","ShamiWitness","Musings on Bilad ash Sham,Sunni Revolutions,Economic Collapse, Post-industrial society,Technology,History etc. RTs ≠ endorsements.Following ≠ endorsements",17410,734,401,128771,"Planet Earth","West Central Africa","2009-07-18 11:43:46","http://t.co/qR78i7Fdu9"
98,2796137542,"UmmKhaled13","UmmKhaled13","There Is No God But Allah And Muhammad Is His Messenger.  Revert since summer, alhamdullilah. Hoping Allah is patient while I learn.",779,915,2,511,"fi dunya","London","2014-09-30 19:32:37","http://t.co/YHSaQ6I3C8"
99,3008662906,"Abu Rikaz","zarqawi__","4th Account.Got suspended AGAIN!! Please Follow and Support. BAAQIYAH",589,125,1,34,"","None","2015-01-31 22:28:21","None"
100,2786865389,"Umm MuhIsa","Isa_Muh89","martyrdom has truly done us part...for now.",893,39,4,420,"","None","2014-09-27 08:13:52","None"
101,3008577549,"Colonel Shami","Colonel_Shami2","I'm back Muslim commando",1119,314,5,426,"","None","2015-01-31 22:20:57","None"
102,2827006337,"Jack Ryan","birdofgreen","Muslim//Revert//Ahlus Sunnah Wal Jama'ah//Khilafah//violent and dangerous material for research and educational purpose only//Not affiliated with any group// ☝️",380,396,1,2505,"usa","None","2014-10-13 06:57:07","http://t.co/w7z5RrrWAV"
103,2814467732,"Shuyaib Al hindi","AbuShuyaibHindi","There is no life without Jihad.",714,266,8,1375,"","Almaty","2014-09-17 07:58:36","None"
104,2822993529,"أخو شمة ","mustafaameri10","Sniper of Islamic state",62,195,2,823,"","None","2014-10-11 15:39:07","None"
105,776088217,"Abo Jarir Al Muhajir","FethiMehmet","There's no izzah for the muslimeen except living in the land of Khilafah under the shade of shariah Law",706,38,7,153,"Khilafah Islamiyah ","None","2012-08-23 14:29:52","None"
106,2334192211,"الحق KHILAFAH ","UKHILAFAH","Khilafah (Caliphate) is the Islamic form of government representing the Sharia, Political unity and Leadership of the Muslim world.",1326,320,9,288,"HEREAFTER","Athens","2014-02-08 22:50:49","http://t.co/Db7VZb6mgU"
107,3008568851,"Dawlat Al Islam","Mustafaghuraba","",718,956,1,290,"","None","2015-01-31 21:58:51","None"
108,3008558799,"DawahAk","DawahAk4","Former account's: AbuHamzaDK, AbuHamzaTB, JihadNews0-14, DawahAk0-3, and still counting...",681,465,1,22,"دار الكفر Dar Al-Kufr","None","2015-01-31 22:10:43","None"
109,2908504576,"القمر المتمرد","BintMath","In the Mathematics of Insurgency.........Chaos is Our Friend Insurgent in the NetWar & Digital Native",516,1340,1,5202,"Tegmark's Level IV Metaverse","London","2014-12-06 23:14:50","None"
110,2837931840,"Namla-アンサーリッヤ3","ISiOS_3","my main acc: @NamlatDawla",197,405,1,0,"","None","2014-10-02 12:24:08","http://t.co/egHDvqIh0h"
111,2735540127,"abu musa al britani","abumusa_britani","Alhumdulillah after many hard years of working for Khilafah Allah swt has blessed us to be living under Dawla Islamiyyah! #IS",685,43,13,214,"","None","2014-08-06 22:16:32","None"
112,2728489217,"#SupportShaykhAhmad","ShaykhAhmadGems","#SupportShaykhAhmadJibril, a Lion of Tawheed & a protector of this Deen.Among the few scholars on haq حفظه الله و ثبته",630,1,0,609,"","None","2014-07-29 20:49:29","None"
113,175568916,"Authentic Tauheed","AuthenticTauhid","Shaikh Faisal LIVE twice daily (except Fridays) UK 3pm and 11pm, CST 9am and 4pm, EST 10am and 6pm : q&a after every dars inshaAllah : http://t.co/JEqaCcSbMo",801,0,7,1465,"worldwide - paltalk ","None","2010-08-07 00:01:24","http://t.co/tDaqjxItKN"
114,2851034338,"Mina al Adnani","AdnaniMina29062","",223,74,0,440,"","None","2014-10-30 07:16:03","None"
115,2809746206,"مخالب تحت أجنحتي","Euanthe_","孫子兵法書第三章 • しれば迷いしなければ迷わぬXの道",334,374,2,14192,"","Tokyo","2014-09-14 16:25:06","None"
116,2837973811,"جزراوية موحّـِـده","Muwahhidah10","لقد عادت خلافتنا يقينا*و دولتنا بصرح بات صلبا.. وقد شفيت صدور المؤمنين*و قد ملئت قلوب الكفر رعبا.. http://t.co/uQELZYgivV",401,255,3,317,"الخاص للأخوات فقط ","None","2014-10-02 11:59:24","None"
117,2930439088,"AbuMalik Asumalee","Abumalik04","kik: facethis",794,14,6,3,"","None","2014-12-18 18:33:39","None"
118,2151630887,"Al Ghurabaa","AlGhurabaa1","RTs are not endorsements Not affiliated with any groups.",622,130,4,650,"","Amsterdam","2013-10-24 21:55:32","None"
119,2871365637,"JOIN IS NATION","Here_Akhy","JOIN THE GREAT ISLAMİC STATE NATION &.. GO BACK TO YOUR IS HOME...TO WHERE YOU BELONG..!! :)",2223,88,20,1009,"","None","2014-11-10 23:05:37","None"
120,2847603102,"Ibn Ahmed ","Lion_Sumaal123","I stand for justice, I refuse Subjugation, Islamic State represent Me !!.",991,73,5,5687,"","None","2014-10-08 16:26:47","None"
121,2976629674,"AbuQaqaBritani Afro","abuqaqaafro","kik greenbirdexpress  upgrade your stature/ hijra is the starter/ die as a martyr /greenbird that's another chapter",1083,30,2,15,"","None","2015-01-13 15:22:16","None"
122,2968631512,"ﺃﻡ ﻗﻨﺎﺹ ﺃﺻﻮﻣﺎﻟﻴﺔ","UmmQanas","mother of shuhadaa biidhnillah.......here for news and to show support for our muwaheedin.....",208,119,1,72,"Darul Baqiyaah","None","2015-01-08 21:21:12","None"
123,1673774420,"Umm Usmaan","ummusmaan1","Say, “Die in your rage. Indeed, Allah is Knowing of that within the breasts.” [3:119]",1557,113,7,1730,"London","None","2013-08-15 18:16:28","None"
124,2602010280,"NusantaraWitness","NusantarWitness","Analyst and Observer of Indonesian History, Political Development and Islamic Awakening",3251,296,30,22533,"","Jakarta","2014-07-03 17:54:08","https://t.co/UMEhgHFwu8"
125,223647936,"Gabriela ","GabyPriet","#IslamicState supporter--#ISIS-- statistic student ULA_imposible no amar el chocolate ^.^",1241,596,7,2038,"Venezuela","Caracas","2010-12-06 23:36:37","None"
126,2565564936,"ShamiOP","numenor51","Mujahid's apprentice, future shaheed Inshallah!!!",350,209,8,16301,"umm..definitely on earth...yup","Monrovia","2014-06-13 16:32:10","None"
127,2755304987,"Luqmaan (Abu Khalid)","abukhalid1924","muslim | working for izzhaarudeen | student of anjem choudary.",358,75,2,168,"","None","2014-08-30 01:02:49","None"
128,2935089910,"Shaikh Faisal","ATDawah","Born in 1963, raised in Jamaica, embraced Islam at the age of 16. Graduate of the Imam Muhammad Ibn Saud University in Riyadh, Saudi Arabia, 1991.",1487,14,8,92,"","None","2014-12-21 10:48:19","http://t.co/KsLtSXhKNT"
129,3005673709,"Abu Dujanah Muhajir","___Muhajir___","Stranger in a strange place",232,23,3,3,"","None","2015-02-01 01:09:04","None"
130,1898190710,"Abu Hafsa As Somal","AbuHafsa__","For updates and releases from the Khilafa visit our Blog -------",619,118,6,4747,"Akhi Hood","Baghdad","2013-09-23 19:22:27","http://t.co/E8ANI0LGV8"
131,2938390683,"Abū Ismā'ēl AsSomālī","abuismaelak","قال النبي (صلى الله عليه و سلم): إن سياحة أمتي الجهاد في سبل الله عز surespot: abuismael2014",1129,48,5,74,"","None","2014-12-23 15:56:25","None"
132,2862947079,"muhajira umm hamza","muhajirahfillah","muslima with kids and we left sweden to live in khilafa.  May Allah swt accept from us",206,52,1,128,"Raqqah","None","2014-11-05 18:28:32","None"
133,2213732667,"Umm Benyâmin ","Umm_Benyamiin","He has created the heavens and the earth with truth, and He shaped you and made good your shapes. And to Him is the final ReturnSurah (64:3)",553,359,3,9737,"Sweden","Stockholm","2013-12-08 10:34:31","None"
134,1877326963,"Muslimah4Life","Seeking4Good243","☝️لا إله إلا الله محمد رسول الله",636,224,2,2165,"","London","2013-09-17 23:36:09","http://t.co/PiZBL5K1xr"
135,2783920168,"Keep suspending me","AhomzMohaa","ISLAMIC STATE",386,171,3,323,"","None","2014-09-25 16:15:01","None"
136,2656686137,"Umm Haarith","Umm7aarith","♡♥♡",205,55,0,147,"","None","2014-06-30 14:27:53","None"
137,2901987143,"Umm Zakariya","Bird_of_Allah","Muslimah, muhajirah (insha'Allah), wife, mother, daughter, sister, slave of Allah",152,56,1,70,"Proceeding forward","None","2014-12-02 06:49:45","None"
138,2928459538,"Umm muthanna","ummumamahh","shuhada",41,28,0,24,"","Ljubljana","2014-12-17 22:37:10","None"
139,2527750089,"Umm Mujahid","_itaqullah_","الدولة اﻻسﻻميه في العراق والشام",548,90,3,615,"","Amsterdam","2014-05-04 10:09:19","None"
140,2796117671,"Rayat Al Tawheed","rayat_t","Bilad Ash Shaam | NOT affiliated with IS |",2437,9,23,57,"Syria","None","2014-09-30 19:34:49","None"
141,2244880468,"أم معاوية  ","albritaniyyah","Do not fear the blame of the blamers | #29/06/14 ♡",244,176,0,423,"Darul kufr ","Casablanca","2013-12-26 14:49:19","http://t.co/ug9GSKlG97"
142,3009528772,"عبدالرحمان العراقي","_a_r_i_1","سلام علي الأصدقاء انا مصمم.من يريد و يحب الصور الجميلة و تصاميم الجيدة فاليدعم و التتابع لي",465,156,1,211,"","None","2015-02-01 06:52:49","None"
143,2937070633,"Namoooola ③","NamlaatDawla3","دعوة لي بالغيب، والملائكة ترد آمين ولك بالمثل :) الاحتياطي: @NamlatDawla4",306,949,0,210,"Baqiya in Twitter","None","2014-12-20 12:03:06","http://t.co/hENwoAcEME"
144,3005471306,"Al Muhajir","Abu_Uthmaaan","New account",185,87,1,19,"","None","2015-01-31 22:18:55","http://t.co/TobrKNds2r"
145,2492664020,"The Age Of Khilafah ","Ilovejihad","‏‏‏‏‏‏‏‏‏‏‏‏‏‏‏↷ ۩۞۩ ↶الدنیا سجن المؤمن وجنةالکافر ↷ ۩۞۩ ↶",137,106,1,1386,"","Rangoon","2014-05-13 09:03:22","None"
146,739773786,"chostraw","khumairahri2","",168,777,0,912,"","Jakarta","2012-08-06 03:38:57","None"
147,2723468173,"فديت dawlat-al-Islam","Bint_Somaliya","(رَبَّنَا آتِنَا فِي الدُّنْيَا حَسَنَةً وَفِي الآخِرَةِ حَسَنَةً وَقِنَا عَذَابَ النَّارِ)",320,102,3,1390,"","Baku","2014-08-11 07:54:11","None"
148,2701450868,"Umm khalid","AlQuranPrincess","Then is it other than Allāh that you fear? [16:52] •| NO DM'S| • Kurd",327,208,3,1612,"","London","2014-08-02 18:31:36","None"
149,2893109671,"Abu Bakr Al Somali","somali_abu","There is no God but Allah and Muhammad (PBUH) is the Messenger of Allah.",677,1672,2,1297,"Unknown","None","2014-11-07 18:47:43","None"
150,3009445601,"عاشق الحور","3diyah_10","Bismillaah we begin and Alhamdulillah we  end. 7th account of the weak servant in Somalia. Supporter of the #IslamicState.",229,41,0,90,"","None","2015-02-01 06:17:28","None"
151,3010494808,"《 al-Kurdiyyah 》","UmmAyyubi","O Allah, make me better than what they think of me, and forgive me for what they do not know about me, and do not take me to account for what they say about me.",251,98,0,11,"","None","2015-02-01 16:46:12","http://t.co/DUGDOEZK4X"
152,2784183844,"KASHMIRI-I.S","mediaLIESalways","brit police,n e comments on my arrest after 9/11? torture?draggin me thro crown court only 2 release me n KEEP WHOLE THING QUIET? what was my crime?",1075,163,1,9024,"","None","2014-09-25 19:41:12","None"
153,3007276488,"ام اسامه اليمنيه","YasYemeniah","Second account my original was suspended for unknown reasons. ||BROTHERS NO DM'S PLEASE!!!",183,63,0,43,"Yemen ","None","2015-02-02 00:19:48","None"
154,3011674731,"Abu Shaheedah ","Abushaheedah2","Hayek Allah 3. account, follow and share .. kik Abushaheedah",306,12,1,16,"","None","2015-02-02 05:52:48","None"
155,3010025998,"UmmNooh Muhajirah","ummnooh_","",171,24,2,18,"","None","2015-02-01 12:21:36","None"
156,2955267693,"al'Andalusiyā","UmmMariAndalusi","A revert Muslima, from al-Andalus, migrated to the Khilāfa.",255,44,1,18,"Shām","None","2015-01-01 18:57:56","None"
157,3008462519,"Abu Khalid As Somaal","abu_abu85","Muslim",149,17,0,27,"","None","2015-01-31 20:55:57","None"
158,2904872199,"Umm Anas Al-Kurdiyah","Umm_Anaas","20 y/o | Kurd | O Allah! Do not leave me to myself even for the twinkling of an eye.",633,67,2,805,"","Amsterdam","2014-12-04 10:14:10","None"
159,2783538555,"Merciful Soldier","SoldierMerciful","A fighter in the way of His Lord. Merciful to the believers and harsh towards the kuffar. #AlQaeda: Ask.fm: MercifulSoldier",1051,30,7,182,"Kik: MercifulSoldier_","None","2014-09-25 09:37:22","None"
160,2735206085,"Faris Britani","FarisBritani","OUR JIHAD IS LIKE THE SALAH. IT STARTS WITH TAKBIR AND ENDS WITH SHAHADA. kik me.",2300,43,33,323,"ISLAMIC STATE!!!","None","2014-08-06 15:48:42","None"
161,2957190033,"Shariah4TheWest","halisheikhh","Islam is just & will propagate that so long as I live. RTs are not endorsements Annoy me & ur blocked. I do not incite or condone any violence! Poli Sci student",302,23,0,258,"Amreeki","None","2015-01-02 20:14:34","None"
162,3013264583,"سنوات خداعات","abu_dont_at_moi","",266,77,1,87,"","None","2015-02-02 22:51:58","None"
163,3006663396,"خديجة بنت آدم ☝️","bint_Adam3","I'M BACK MON COMPTE A ÉTÉ SUSPENDU !! attention il ya un fake de mon compte regardez a deux fois !",316,113,1,155,"","None","2015-02-01 13:27:35","None"
164,3014010467,"Jihadi Jill","UmmiUsaamah","TWITTER dont ban me! Activist fighting for the GLOBAL RIGHTS of AHLE SUNNAH MUSLIMS! ATHEISTS...Blocked! YOU SWEAR or VULGAR...Blocked!",182,161,1,130,"Mosul, Kabul, Raqqah","None","2015-02-03 06:19:47","None"
165,3010411157,"Generation Awlaki","Sh_AnwarAwlaki1","A page dedicated to the sayings and quotes by our beloved Shaykh Anwar al-‘Awlakī, may Allāh have mercy upon him.",187,6,0,1,"","None","2015-02-01 16:19:40","None"
166,2967564286,"Amatullah Aisha","amatullah_aisha","Never be afraid to stand alone and fear no one except He who is above the throne. Revert Muslimah.",175,293,3,84,"","Kyiv","2015-01-08 09:54:48","None"
167,2997805586,"أم سعيده","__ummsaeedah","A sinful soul clinging onto Allah, Salat is the remedy for hearts and souls. Allah have done everything for u! Questions is what have you done for Allah so far?",64,42,0,325,"ask.fm/umm_saeedah","Islamabad","2015-01-27 04:25:08","None"
168,3007346030,"umm zakariya","focusONakhira_","",128,346,0,69,"","Novosibirsk","2015-02-02 01:01:01","None"
169,2878444492,"Al Arabia","GmalHahah","I am a supporter of true!Brothers please don't DM me!Allahu Akbar",292,1231,0,106,"In Paradise","None","2014-11-15 19:14:41","None"
170,2976715875,"Abu Hurairah Britani","144Hurairah","waiting for the moment My Rabb chooses me amongst the Shuhada!",467,39,5,17,"Islamic State","None","2015-01-13 17:03:32","None"
171,2350119533,"ام زبير اليماني♥دولة","JihadHayaty","اللهم نسألك الثبات....",516,589,1,414,"","None","2014-02-18 07:29:16","None"
172,2861797757,"Laniqabi","Lahijbi","revert muslimah, alhumdullilah.  Ask me a question: http://t.co/2FyU1u2wVd",91,130,0,116,"","None","2014-11-05 02:36:38","None"
173,3014567218,"Āl Muāskar ","TheMuaskar","Abu Muhammad | Āl Mudařrib Al Askari | Quwat Al Khasa | Formerly South Africa",59,1,0,10,"الدولة الإسلامية","None","2015-02-03 14:21:12","http://t.co/b4qrfKQoZF"
174,2908430518,"Abu Qa'qaa al-Kurdi","HaqqvsBaatil2","",445,285,0,34,"","Belgrade","2014-12-06 22:14:01","None"
175,3013319355,"Umm Hamza","Al_Britaniyah","15 • Back again. Number #4",244,44,1,46,"","None","2015-02-02 23:33:55","http://t.co/keMBaJgng8"
176,3014684998,"Dawlah Mom♡ ","DawlahMom","",6,2,0,7,"","None","2015-02-03 15:44:19","None"
177,3015555237,"MercifulSoldier","SoldierXVIII","",120,47,0,2,"","None","2015-02-03 22:49:38","None"
178,2979994819,"Abu Youher ","1f21207468944bb","",149,72,0,44,"","None","2015-01-13 15:37:51","None"
179,2800705305,"Umm Safiyyah","_UmmSafiyyah","Don't mistake my tweets for piety, I am nothing but a sinner| Ahlus sunnah wal jama'ah",624,77,2,4120,"","None","2014-10-02 20:13:29","None"
180,3015584465,"Ghuraba","skafisti2","http://t.co/T3R2di8z5p  The calmness of the heart is a stage beyond mere happiness and that only comes through true worship & remembrance of the Almighty.",298,627,0,107,"","None","2015-02-03 22:48:05","None"
181,3008740396,"أبو مصعب المغربي","SayfBattar1","Adhering to Millat Ibrahīm who showed enmity towards Shirk & its people [60:4]. Not affiliated 2 any group/organisation, follower of events in Muslim world.",272,262,2,239,"","None","2015-01-31 23:03:29","None"
182,3015233043,"State of Khilafah","Year_of_201S","22 account  Suspended",561,27,7,33,"","Minsk","2015-02-03 20:30:47","None"
183,315037581,"// MYKEE DONO //","intheheartofgb","make du'a for me ~",307,439,0,14420,"Philippines","Alaska","2011-06-11 06:04:12","http://t.co/TmWhjdT8bm"
184,3016220219,"EPIC","dEP1C","",173,540,0,63,"","None","2015-02-04 03:54:21","None"
185,3015003135,"☝","AbuKhatarnak","dont like the lifestyle of kuffar. living between them. they think im a coconut muslim. but they dont know. im using miswaak.   (not linked to any organization)",223,369,0,78,"Frankfurt","None","2015-02-03 18:52:53","None"
186,486632518,"Maryam مريم","esperanza543","We live in the world where the high values are presented as deviations & vice versa. Shariah is the only solution. Linguist on haqq in sha Allah :)",1089,765,9,11466,"","Kyiv","2012-02-08 14:04:24","None"
187,2721512996,"xX❤Aminah❤xX","xXAminahx","“Don’t depend too much on anyone in this world because even your own shadow leaves you when you are in darkness.”- Ibn Taymiyyah",763,744,0,1580,"London        kik: xXaminahx","London","2014-08-10 12:35:45","None"
188,2720121425,"Haarithā.","BintShaheed","retweet is niet altijd mijn mening' - #FreeAseer",1476,364,7,2063,"the land of munkar.","None","2014-07-21 21:41:00","None"
189,2797758821,"أم إبراهيم المهاجرة","bintlad3n","‏‏‏‏‏زوجة الشهيد... الله لا اله الا انت سبحانك اني كنت من الظالمين... (Umm Haritha)",621,22,3,131,"الدولة اﻹسلامية","None","2014-10-01 11:01:57","None"
190,2801362930,"Muhajirah Witness","BintWater","I'm just a random Muhajirah/Wife/Mother with access to the internet! * Follow backup acc @bintwaterII * #FreeShamiWitness * #MuslimPrisoners *",2665,102,12,1685,"I live in the Lions Den :D ","None","2014-10-03 04:31:58","None"
191,3008529695,"أم طلحة","Umm_Talhah2","What is Jannah if you don't sacrifice yourself for Allaah ('azza wa jall) in dunyaa?",272,168,0,111,"","None","2015-01-31 21:37:48","None"
192,107646956,"مقدم الشام 'Tripoli'","macroarch","Military strategy Analyst. Roaming around Sham.If you know the enemy and know yourself, you need not fear the result of a hundred battles",2097,252,47,1452,"RT / Follow / Fav≠Endorsements","Yerevan","2010-01-23 07:17:23","None"
193,2795509582,"abu dua al baghdadi2","abudua2014","Baya'a to amirull muminin al baghdadi",1994,978,8,5331,"Kashmiri","None","2014-09-30 16:40:57","None"
194,1713482744,"Shami Ibn Albaraa","AbuAlbaraaSham","I am Mohamed ibn Albaraa formerly on FB. I am an aid worker and activist working mainly in Latakia and Idlib.",2521,300,17,2459,"Latakia, Syria ","None","2013-08-30 18:55:14","None"
195,2844404412,"Asad ad-Dīn Shīrkūh","alwalaawalbara","'It is also charity to utter a good word' - Prophet Muhammad ﷺ Retweets/Following ≠ Endorsement",4093,486,8,2783,"al-Jazā'ir☝","Ljubljana","2014-10-07 19:26:35","http://t.co/XAZMoparyU"
196,3009859499,"Abu Jandal","protocolshami_1","Previous Acc @Protocol_Jihad01 / Not IS / Not Coconut / Dumb Kuffs get Blocked / Kik ProtocolJihad / Spreading Truth Even if the Disbelievers Dislike it",618,229,0,292,"Darul Chicken & Chips","Santiago","2015-02-01 10:53:52","http://t.co/hTr6B19G9G"
197,3005698849,"Amatullah","ghareeba_","And fight in the way of Allah against those who fight against you and transgress not the limits. Verily Allah loves not the transgressors",171,316,0,238,"","Novosibirsk","2015-02-01 01:29:40","None"
198,2790965328,"أم هريرة","Amirah_Issa","A cat in a pashtun hat // Pro Sharia☝️ // DM me for surespot, skype or facebook.// Reminders are welcome, do not contact me for marriage.",795,260,2,1165,"kik: AmeIssa","London","2014-09-05 02:24:31","None"
199,3008568785,"umm Maryam  ","Alana122211","Revert. Path of Allah swt. Much to learn. ❤️IS❤️",281,260,0,62,"West","None","2015-01-31 21:58:45","None"
200,1432758169,"Therese","ThereseManninen","Don't make me bring you back to the startYou can run but you won't come far",300,215,1,458,"somewhere in the Swedish woods","None","2013-05-16 10:41:20","None"
201,3007434772,"Miss A","StrugglerF","Muslimah/Jihad Lover/Pro Khilafah #Baqiyah!",187,194,0,172,"","Pacific Time (US & Canada)","2015-01-31 10:16:32","None"
202,3005690773,"oom saifullah","oom_sayfullaah","Previously umm. I'm here for the news, the madkhali beatings and to cry about coconuts.",204,268,0,221,"Darul harb","Canberra","2015-02-01 01:23:24","None"
203,3005363712,"★Bint Stranger★","Umm_Stranger","Die in Your Rage!!! I have an alergy to *Rafidhis & *Murjias.Brothers don't DM me.  http://t.co/ygc0NLNnIZ",706,358,1,868,"","Dublin","2015-01-31 21:13:32","None"
204,3012811349,"☆Bint Stranger☆","Umm_Stranger2","Backup account.I have an alergy to *Rafidhis & *Murjias.",232,303,0,18,"","Dublin","2015-02-02 19:09:03","None"
205,2842973972,"umm layth","Muhajirah_","",1258,13,6,46,"","None","2014-10-07 03:54:03","http://t.co/Ni3b8G2iWI"
206,2855136465,"shams","__BirdOfJannah","‏ دولۃ الاسلامیۃ باقیۃ و تتمدد",1767,23,11,161,"The Land of Martyrs","None","2014-11-01 16:24:29","http://t.co/jSoFM5Cbt2"
