0,3405063467,"Favori Boya","favoriboya","Favori Boya Resmi Twitter Hesabıdır.",1,8,0,30,"","None","2015-08-06 02:14:18","None"
1,3239673468,"Husnul Khotimah","lek_loi","wife of syahed",67,190,2,562,"Hong Kong","None","2015-06-08 10:10:13","None"
2,119174727,"A Stranger","A_Ghurabah","NOT AFFILIATED WITH IS. Follow/RT/Like ≠ Endorsement",181,32,0,1469,"","Eastern Time (US & Canada)","2010-03-02 22:05:41","None"
3,27900756,"عُبد العُزيز '","_A_z_11","‏‏‏‏‏‏‏‏‏‏‏‏‏‏‏‏‏‏‏‏‏‏‏‏‏‏‏‏‏‏‏‏‏‏‏‏‏‏‏‏‏‏‏‏..‏عندماً تشتد بيَ الغربة ....أسُافر عبر الزمنِ أقلبَ الذكرياتَ والآمال ..أحـتـياطي",2256,684,2,82,"","Pacific Time (US & Canada)","2009-03-31 16:09:16","None"
4,348541378,"Tomislav Panovic","tomycaffe","",174,420,7,3664,"Serbia","None","2011-08-04 16:09:07","None"
5,2646476080,"AboeTasnim","abdessamadboub2","",12,94,0,2,"","None","2014-06-27 09:15:02","None"
6,889975375,"Talha B. Ubeydullah","TalhaBUbeydulla","",1484,1169,2,1140,"","None","2012-10-18 23:56:10","None"
7,4289007852,"zedguerr","EliiteHunter","",3,49,0,53,"","None","2015-11-19 11:00:26","None"
8,4253403912,"Adam","adamwolfskin","",17,157,1,0,"","Pacific Time (US & Canada)","2015-11-16 05:45:19","None"
9,718085838,"ahmet suryani","seerhat_","",0,203,0,91,"","Copenhagen","2012-07-26 13:12:04","None"
10,3637159106,"ابو العباس البغدادي","abo_al3baas","",226,216,1,354,"","None","2015-09-21 11:18:27","None"
11,3082655255,"JustAnotherAkh","DabiqWarrior07","Mostly RT's.Just another Observer.",130,180,1,704,"Planet Earth","Belgrade","2015-03-09 22:19:27","None"
12,3437281211,"Hala hala","JunaidHala","",7,87,0,85,"","None","2015-08-23 21:59:36","None"
13,1976561760,"Mohamed","mowlid123","",1,10,0,0,"","None","2013-10-20 22:19:06","None"
14,3030828244,"Abu Jarrah","abu_jar2","compte infos",391,841,4,383,"","Belgrade","2015-02-11 17:18:47","None"
15,3493672634,"Edenvoyager","edenvoyager1415","",16,169,1,8,"","None","2015-09-08 14:04:09","None"
16,3305312745,"The Jihad Watch","Hard2Move","Islam & Jihad NOT What Most Modern Scholars Think !",35,22,0,1,"Dar Al-Kufr","Pacific Time (US & Canada)","2015-06-01 05:49:34","None"
17,4219294115,"محمد الشمالي","mouhamed1003","",346,424,0,39,"","None","2015-11-18 16:26:16","None"
18,4267770376,"Fullaannie","Fullaannie14th","",2,83,0,1,"","None","2015-11-24 21:46:00","None"
19,4279013602,"أبو عبيدة","jundullah1437","قُل لِّلَّذِينَ كَفَرُوا۟ سَتُغْلَبُونَ وَتُحْشَرُونَ إِلَىٰ جَهَنَّمَ ۚ وَبِئْسَ ٱلْمِهَادُ",17,155,0,2,"","None","2015-11-25 22:34:18","None"
20,2569049203,"Abu Usama Serendeebi","Serendeebi","Generation-Awlaki",73,237,2,421,"","None","2014-06-15 13:29:08","None"
21,2825271989,"Adam ","Abdorahiem","",67,810,0,0,"","None","2014-10-12 16:26:23","None"
22,4297796306,"الإرهابي المتطرف","167aboismail","ابو اسماعيل الحسيني المهاجر\\قرين الدوشكا\\قتال المشركين و الروافض و اليهود حتى يعبد الله وحده",99,90,0,52,"","None","2015-11-20 05:51:52","None"
23,29913718,"Mmtasir","mmtasir","",131,966,1,66,"","Dhaka","2009-04-09 03:50:05","None"
24,367756800,"أبو عمر","Surhullu","",28,121,1,4748,"","Greenland","2011-09-04 14:28:11","None"
25,727053,"Faizal Rahman","fullfilth","Haqq over bathil. Focused on the Muslim World. Follow / Retweet ≠ Support / Agree / Endorsement.",2562,930,57,53835,"Ayn Al-Islam","Kuala Lumpur","2007-01-29 17:37:08","http://t.co/is3cKIm4PM"
26,4016125739,"Abū Dah Dah","Cryptic_Man2","'من صمت نجا'",73,166,0,165,"","None","2015-10-22 10:11:24","None"
27,4218570795,"Only One","kurmajinten","",5,74,0,1,"","None","2015-11-18 14:35:52","None"
28,2912714963,"Ibn Abdullah","Gharib_Abdullah","",72,94,1,398,"","None","2014-12-09 13:39:11","None"
29,2656576658,"Виктория Арбузова","Violletta17","",7,102,0,22,"","None","2014-07-18 11:51:36","None"
30,3858937899,"Mahamed Hassan","MahamedTwinlab","",7,29,0,57,"","None","2015-10-04 05:39:43","None"
31,4360197012,"SuperMujahid5","supermujahid6","Muslim happy to see Khilafah rebuilt.Baqiyah",31,236,0,56,"Dar al Harb","Pacific Time (US & Canada)","2015-11-25 22:24:34","None"
32,4278839122,"Umm Fatima","UmmFatima8","Dutch/English/French - 8th account",44,147,0,2,"Maghreb","None","2015-11-25 22:11:15","None"
33,567652408,"abu alia","abu_alia2","",51,174,2,5,"","None","2012-04-30 23:23:37","None"
34,4208175857,"راية التوحيد","13Rayatwhid","",90,148,0,157,"","None","2015-11-17 07:51:58","None"
35,2956513807,"Had","HadKhali","",128,377,1,3115,"","None","2015-01-02 20:38:05","None"
36,4153266023,"سيف المسلول","SayfMaslul","| ‏O Allah, guide us to the straight pathالله مولانا ولا مولا لهم",22,89,0,136,"","Pacific Time (US & Canada)","2015-11-10 02:00:56","None"
37,3366090161,"mécréant vas t-en 3","NabilClinton","",114,289,0,289,"","Pacific Time (US & Canada)","2015-07-08 15:24:22","None"
38,2578667634,"Besimtari i Allahut","B_i_Allahut","",69,248,2,17,"","None","2014-06-20 13:33:19","None"
39,4278612622,"Abu Samir Almaghribi","FollowTheHaQQQ","",143,53,1,9,"","Pacific Time (US & Canada)","2015-11-25 21:41:10","None"
40,3387890453,"Muslim ","king_solomm","",3,53,2,2,"","None","2015-07-22 19:56:39","None"
41,2334907273,"hala","hala65709467","",63,424,2,89,"","None","2014-02-09 10:29:15","None"
42,3431831915,"أبوعمر","abuomar621","Merhaba onuncu köy.",791,794,0,1815,"","Istanbul","2015-08-19 18:24:41","None"
43,3173175974,"Muhammad Abrar","muhammadabrar33","",13,128,0,2,"","Pacific Time (US & Canada)","2015-04-25 21:08:42","None"
44,3131094215,"abu mishmish","tmustaphash","Silent Observer.",370,125,1,2190,"","Dublin","2015-04-01 17:05:47","None"
45,3686926701,"عَبد العَزيز ..","_A_lIlI","‏‏‏‏‏‏‏‏‏‏‏‏‏‏‏‏‏‏‏‏‏‏‏‏‏‏‏‏‏‏‏‏‏‏‏‏‏‏‏‏‏‏‏‏‏‏‏‏‏‏‏‏‏‏‏‏‏‏‏‏..‏عندماً تشتد بيَ الغربة....أسُافر عبر الزمن أقلب الذكريات والآمال..، مَذنب يرجُو رحَمهّ الله ،",4218,666,2,585,"","None","2015-09-17 15:29:50","None"
46,2791248064,"Old Soul","Sirocco_LY","One in Seven Billion.",110,819,0,2,"Pale Blue Dot","None","2014-09-29 10:59:04","None"
47,4276655247,"أبو سِنان","AboSenan48","صراع لا يماثله صراع تميد به الأباطح والتلاع صراعٌ بين إسلامٍ وكفرٍ يقوم به البغداديُّ الشجاعُ #ولاية_نجد",256,117,0,30,"الحساب الـ48","Pacific Time (US & Canada)","2015-11-25 17:37:59","https://t.co/782cgSgPbO"
48,4217050282,"news","nusaiba100","",7,60,0,0,"","None","2015-11-18 09:51:48","None"
49,91207854,"A.:)","Ndeshkuesi","",723,1776,8,1120,"","None","2009-11-19 22:23:43","None"
50,3895160297,"Abu omar al-iraqi 2","ahk971","@laithalghab20 got suspended :(",36,128,0,108,"","None","2015-10-08 01:39:03","None"
51,4272329901,"ibrahim","Ibrahim12388","Twitter for knowledge",96,146,0,3,"","None","2015-11-25 08:06:04","None"
52,4278129629,"حسابات للانصار ٢٢","jdvdvj1","",193,196,0,88,"","None","2015-11-25 20:45:56","None"
53,330281047,"poyrazx","poyrazx1","",1,362,1,3111,"","Quito","2011-07-06 11:42:31","None"
54,4199992210,"المتمرد","saasylove3","",198,405,0,170,"","Pacific Time (US & Canada)","2015-11-16 06:47:42","None"
55,3009013954,"ThalesTheorem2","Thales_Theorem2","",172,481,0,7,"","None","2015-02-01 01:23:27","None"
56,4209869775,"Ysm Bin Ibrahim","YsmBin","",3,41,0,13,"","None","2015-11-17 13:11:27","None"
57,4278454223,"Supporter of IS","AbouNouhh8","8th acc - Bilaad ul Kūfr - Tāwhied, Qūran and Sūnnah - FreeAseer - Al Walaa wal Baraa - Anti Shi'a/Tāghut",5,73,0,2,"","None","2015-11-25 21:28:51","None"
58,3403956994,"Said Abdulla","_saidabdulla_","NEW TWITTER PLS SUPPORT",42,86,3,62,"Video 'One Body'","Pacific Time (US & Canada)","2015-08-05 08:32:19","http://t.co/fXUdnkRUAN"
59,3063613726,"Abu Abdullah unknown","baqiyah_is1","",48,280,8,34,"","None","2015-02-25 22:29:05","None"
60,4212814881,"رداد","doorover33","",198,1017,1,462,"","Pacific Time (US & Canada)","2015-11-17 21:16:16","None"
61,4265986473,"Ebû Mus'âb et-Turkî","ibnimurad8","",105,90,0,124,"","None","2015-11-24 17:07:40","None"
62,2770321022,"isais","isais61","",75,328,0,13,"","None","2014-08-26 16:07:30","None"
63,4359625934,"AnakSabil","anaksabil17","",9,42,0,1,"","None","2015-11-25 20:59:23","None"
64,3306908398,"TAGUT LARI REDDETTİM","ummuahmed06","",280,483,0,470,"","None","2015-06-03 08:31:17","None"
65,4266970522,"مغرر به","i_rafi3","",45,164,0,57,"","None","2015-11-24 19:42:08","None"
66,4241455341,"خوفنجينا بطهان","sasraqqa","الحمد لله",142,204,0,83,"","None","2015-11-21 10:47:59","None"
67,3390696364,"AHopefulcloud","AHopefulcloud","",6,71,0,0,"","None","2015-07-24 08:06:49","None"
68,4155880354,"zayzoomزيزوم27","muvhidturk79","burdayım     şehit olmak istiyorum . Yarabbimلن أبارح ثغري حتى ياتي أمر الله موتوا بغيظكم تفجير رؤؤس المرتدين بدوشكا .. أمنيتيTürk değilim",188,277,0,9,"","None","2015-11-10 10:35:39","None"
69,4187866823,"sreturns21","sreturns21","",1,11,0,4,"","None","2015-11-14 17:26:37","None"
70,3297423144,"Strategika-org","Strategika24","Strategika vous propose analyses et décryptages dans grands enjeux dans le monde musulman. Retweet≠Endorsement",34,413,1,154,"Bruxelles, Belgique","None","2015-07-27 11:25:36","http://t.co/qhEkdfnWbY"
71,78861684,"Abu Muhajir II","abumuhajirii","",15,102,0,57,"","Kuala Lumpur","2009-10-01 09:55:57","None"
72,4277826441,"Fisebilillah","Luv4AllahsDeen6","Nothing Nothing Nothing",3,36,0,12,"njhsbdbbdhdjjfhfhfhfjkfjfjhdhd","None","2015-11-25 20:12:40","https://t.co/ualrUsDjXA"
73,4115098707,"Ibn Hayas","IbnHayas","",0,102,0,0,"","None","2015-11-04 22:39:50","None"
74,2700029488,"qusay yusaq","qusayasghar1","",1,133,0,0,"","None","2014-07-11 18:56:48","None"
75,2574576918,"LL.ILJAZI","lloki10","University of Vienna-Austria",4,38,0,0,".... proud to be a Muslim....","None","2014-06-18 10:40:07","None"
76,4259129842,"Aoran Beyameen","AoranBenyameen1","",7,59,0,35,"Stockholm, Sweden","None","2015-11-23 18:32:47","None"
77,3364275196,"ebu turab el türki 3","turab_turki","EY PEYGAMBER! kafirlere ve münafıklara karşı cihad  et,onlara karşı sert davran.onların kalacağı yer cehennemdir.o gidilecek yer ne kötüdür.66/9",287,407,2,1773,"","None","2015-07-07 14:22:26","None"
78,3307229192,"Najim Ahmed","talhanajim","",79,398,0,112,"","None","2015-08-05 21:05:32","None"
79,4267247121,"فـهـد الكــويــتي","AntiSaloli","المترجم الكويتي. Anti-Saloli - Anti-Jahil - ISIS is not Islamic, according to Obama.",28,162,0,3,"ولايه نجد Wilayat Najd","None","2015-11-24 20:44:57","None"
80,2845344436,"Bli","torubis","",2,73,0,0,"dar dar","None","2014-10-26 15:24:10","None"
81,198128426,"صَؤول!","a3_is17","ومهرُ الخلودِ فناءٌ و دم",1104,105,16,19319,"الحساب 17","Pacific Time (US & Canada)","2010-10-03 12:43:09","None"
82,224206388,"Abu Naoufal","Abu_Naoufal","وَقَالُوا الْحَمْدُ لِلَّهِ الَّذِي صَدَقَنَا وَعْدَهُ وَأَوْرَثَنَا الْأَرْضَ نَتَبَوَّأُ مِنَ الْجَنَّةِ حَيْثُ نَشَاءُ فَنِعْمَ أَجْرُ الْعَامِلِينَ",569,812,4,1445,"Every land of islam is my home","London","2010-12-08 12:20:30","None"
83,3367934021,"Swan Aryan","Aryan3Swan","just want to know whats going on in the world",2,200,0,0,"","None","2015-07-09 17:15:06","None"
84,3436315600,"TimePreci0us","__WastedTime__","Every second that goes by is precious.   Her giden saniye, değerli saniye.أنا أخ",168,280,0,230,"Earth / Dunya","Riyadh","2015-08-23 02:55:15","https://t.co/MVVwgik7jr"
85,3959636008,"MetalFingers","Thamriqt","Retweets or Favs does not equal endorsmentArabic--Dutch-English.Its not about flawed beginnings but good endings.",6,207,0,337,"","None","2015-10-14 22:08:18","None"
86,2967910846,"Thawr01","thawr01","",27,505,3,0,"","None","2015-01-08 14:30:35","None"
87,4117478457,"Abu Ahmad","Ahmadalmuhajir5","",137,108,0,53,"","Pacific Time (US & Canada)","2015-11-05 06:39:22","None"
88,2662248105,"farooq","FarooqBadguy","",11,64,0,0,"","None","2014-07-02 02:26:15","None"
89,2933440203,"أم صبرى","Umm_Sabara","« Allahouma Ounsour Al Mouslimines Fi Kouli Makane » [Je me sert de ce compte pour suivre des rappels que vous me follow ou pas cela mes complètement égal]",127,1071,0,3102,"","Belgrade","2014-12-20 11:27:34","None"
90,4242429117,"J Adam","Adam14550","",5,107,0,0,"","None","2015-11-21 13:53:44","None"
91,4176540793,"Darulhijrateyni","Darulhijrateyn3","",38,122,0,71,"","None","2015-11-09 06:40:46","None"
92,4101004169,"آدم خَانَصُوَري","khanasur3","Interested in developments in Syria and Iraq. Not affiliated. RT/like/follow ≠ endorsement.",128,42,0,4,"جزيرة الفرات","Pacific Time (US & Canada)","2015-11-03 00:44:59","https://t.co/YSk7dNn0q8"
93,3263302097,"fmeeru","fmeer02","Muslim",35,146,0,894,"Land of Al Anbiya","None","2015-05-16 20:01:53","http://t.co/ToElsLxm28"
94,96844170,"Bibit Nurhadi","Bnurhadi","",59,253,0,421,"Samarinda","Beijing","2009-12-14 21:25:19","None"
95,3323776775,"أبو جندل","AbeJandal","Say,  This  is  my  way;  I  invite  to Allah with  insight,  [12:108] || #FreeAseer",333,84,3,426,"3th Account","None","2015-06-13 22:24:59","None"
96,3033074581,"سيف الله","namar_ul","ansar #islamic_state",225,171,2,1833,"","None","2015-02-20 16:04:53","None"
97,4185855039,"Abang Jampang 5","SayureKangkung","backup » @AbangFal «",200,259,0,426,"","None","2015-11-14 11:16:15","None"
98,4276482455,"AB is BACK","killercat2015","Remember what   الله سبحان و تعالى said about Allying with Kaffir! You become them!",38,64,0,39,"NonOfYourBusiness","None","2015-11-25 17:08:15","None"
99,4245290057,"Ibn Mabrouk","ibn_mabrouk","",18,362,1,14,"","None","2015-11-21 22:38:46","None"
100,3793035693,"Nee","Neenc97","",14,108,0,4,"","Pacific Time (US & Canada)","2015-09-27 13:11:36","None"
101,2776497906,"Abu-Zakariya","AbuZakariyaaa","",2,56,0,2,"","None","2014-08-28 14:19:38","None"
102,316279716,"NNajmS","abu0nuha","",48,92,0,86,"","Kyiv","2011-06-13 06:25:04","None"
103,437661762,"Adan Hulk","7Mjukuu","",56,169,2,346,"","None","2011-12-15 17:51:49","None"
104,2962925313,"Kam","Kam_H92","",25,559,2,0,"Dar ul Kufr","London","2015-01-05 23:23:03","None"
105,3677147429,"A J","AbuAyoobAlk","",0,73,0,0,"","None","2015-09-16 17:49:49","None"
106,4079137999,"Ratheesh Joseph","RathJoseph","",419,3595,1,71,"","None","2015-10-31 11:18:43","None"
107,2913096647,"タントフィゴ","selmanalkaisy","easy going guy - i love to travel - muslim✌️",239,102,6,1122,"moon ","None","2014-12-09 18:38:34","None"
108,4272424397,"BosnianWitness5","BosnianWitness5","",10,22,0,3,"","None","2015-11-25 08:11:40","None"
109,354294975,"Mr.X","BahrainX","",99,444,1,5301,"","None","2011-08-13 13:36:27","None"
110,3433405643,"غرباء","k_lwann","",295,131,3,482,"","Pacific Time (US & Canada)","2015-08-20 22:38:59","None"
111,349924557,"mo2020","ftc2020","",0,557,0,0,"","Baghdad","2011-08-06 22:52:51","None"
112,2999056444,"loance fanguance","LoanceFanguance","",11,99,0,0,"","None","2015-01-26 01:49:24","None"
113,2977037705,"Abu Jubayr II","AbuJubayrII","",168,342,1,34,"Dar Al Kufr..","None","2015-01-13 20:12:39","None"
114,4163753476,"طريق الموت","Tariqul_Mawt","The daze of death has come in truth. This is what you tried to evade.",102,169,0,17,"","None","2015-11-11 12:16:46","None"
115,1461507306,"nazri","Takeru_Kazuto","#gorelaks",77,355,0,418,"","Pacific Time (US & Canada)","2013-05-27 07:46:20","None"
116,4066356434,"أم عائشة","UmmAysha34__","#34thAcc || GhanimaAccount || No DMs Please!",40,124,0,14,"","Pacific Time (US & Canada)","2015-10-30 07:41:50","None"
117,4358993953,"nightwalker/lonewolf","nightwalker_80","دولة الخلافة باقية وتتمدد باذن الله",111,190,1,22,"nevada","Pacific Time (US & Canada)","2015-11-25 19:28:12","None"
118,4187708013,"Rumeysa Makame","Rumeysamaka","Just news",42,207,1,9,"News n no more","None","2015-11-14 17:07:00","None"
119,4143520455,"abu_muhammad_turki","ibn_ibrahim1436","Allah's Messenger (ﷺ) said, Know that Paradise is under the shades of swords. Sahih al-Bukhari 2818Book 56, Hadith 34",16,24,0,2,"","None","2015-11-08 18:33:33","None"
120,4251123681,"ابو زبير السلفي","abuuzubayr3","",11,91,1,0,"","None","2015-11-22 17:33:56","None"
121,4193041693,"Elbrqawe Ebn Drna","thylelwad1","حسبنا الله ونعم الوكيل وكفى",145,127,0,182,"","Cairo","2015-11-10 18:29:06","None"
122,3298689091,"umar mujahid","umarmujahid50","",581,803,2,11,"","None","2015-07-27 20:57:19","None"
123,4215719741,"imran Getu","imranGetu6","Khilafah is the only way  to break the shirk of nationalism that has pleagued the entire ummah #WhyWeLoveKhilafah",101,79,1,100,"","None","2015-11-18 05:57:01","None"
124,4345634419,"The Truth الحقيقة","Tft879","الكافر السعودي الصليبي الذي يتولى الكفار،  هو اشد كفرا و نفاقا من اليهود.",441,564,0,357,"","None","2015-11-24 14:02:52","None"
125,1477880630,"Barcode","Barcode20","So know, there is no deity worthy of worship except Allah. (47:19)",176,143,1,2438,"","None","2013-06-02 18:10:31","None"
126,3794166675,"ABC","AbuGains","23-11-15",34,42,0,991,"Ranko, Nigeria","Pacific Time (US & Canada)","2015-09-27 15:41:11","None"
127,3332041846,"Amriki_Muhajer","reynaldo_vegas","My Third account.",49,15,2,113,"Dar al-Shirk","Pacific Time (US & Canada)","2015-06-18 00:51:12","None"
128,4102016073,"آدم خَانَصُوَري","khanasur2","Interested in developments in Syria and Iraq (mainly Hasakah and Nineveh), tweets in English and Arabic. RT/like/follow ≠ Endorsement.",122,26,0,4,"Upper Mesopotamia","Pacific Time (US & Canada)","2015-11-03 04:17:30","None"
129,3403326269,"Amr Akwa","amrakwas","",33,223,0,1838,"","Pacific Time (US & Canada)","2015-08-04 21:42:41","None"
130,4241438151,"ابو طالوت الخراساني","abutalut10","أنا رفع الجیش الدولة الإسلامية من أرض خراسان. تعال وانضم إلينا في هذه المهمة المباركة.",108,116,0,23,"خراسان","None","2015-11-21 10:44:52","None"
131,3347888115,"Rasul Magamedov","rasul_magamedov","",215,65,0,515,"","None","2015-06-27 20:16:47","None"
132,3047001819,"Umm Ammārah AsSomāl.","UmmAmmarah_","",45,31,0,16,"behind you *pickaboo* ","Minsk","2015-02-20 15:22:46","None"
133,4172315104,"Borderless Loyalty","borderless_man","",4,315,1,1,"","None","2015-11-12 15:45:23","None"
134,2180951977,"latif","latifkara64","",35,346,2,67,"","Atlantic Time (Canada)","2013-11-07 22:19:22","None"
135,3109523922,"SK_1426","GreenbirdSk","",298,458,0,20,"","None","2015-03-27 08:19:49","None"
136,2568677239,"Al Rifi","pew_tatata_pew","",0,191,0,7,"","Belgrade","2014-06-15 08:49:11","None"
137,4276496975,"✴ghuraba fi dunya✴","GhurabaFi","#56❎ bro's no DM's pls ❎ /▶▶☝tauwheed☝◀◀/⭐⭐⭐umm Abisali⭐⭐⭐/ tweets in NL-EN-FR-D-Ar",69,295,0,97,"dar ul none of your business ","None","2015-11-25 17:10:16","None"
138,3243150821,"BINOCULAR","Binocular45","",13,98,0,3,"SPACE","None","2015-05-09 09:06:41","None"
139,3298708297,"uvejs","islam4ev","",24,168,0,2,"","None","2015-07-27 21:08:18","None"
140,4209384554,"Moon Crown","liliac_alb1","#41",74,134,0,10,"","Chihuahua","2015-11-12 06:04:22","None"
141,193050963,"Abu Zayd","abuzayd14","It took the prophet (S.A.W) 13years to build the Eeman of the Sahabas...Eeman is all we need to be successful in this Dunya wal akhira",508,465,3,5074,"أنا في بيت الله ","London","2010-09-20 21:08:50","http://t.co/2gql2zx0Ni"
142,2260541091,"Infantry","_INFantry_","",23,91,0,379,"","Athens","2014-01-03 19:10:00","None"
143,3068567489,"Tom^jerry","tomjery46","my retweet does not show i m agree with that tweet or my support of that tweet",58,240,3,557,"","None","2015-03-03 19:37:33","None"
144,2406443139,"Ahmed Bin Shahid","AhmedMdilshad","",104,235,2,125,"","None","2014-03-13 02:54:57","None"
145,3148266222,"فلان ابن فلان","diadiavitov","",11,113,0,0,"","None","2015-04-10 15:36:47","None"
146,3762894496,"Ааа Ббб","aaabbb6388","",13,142,0,55,"","None","2015-09-24 18:31:47","None"
147,2265340623,"...","s502475","",7,115,0,0,"","None","2014-01-06 14:45:18","None"
148,4276182099,"VX","VXZXB","ناس تربو علی الحضن والبوس وناس تربو علی المرجله وفعولها",94,854,0,0,"","None","2015-11-25 16:35:27","None"
149,3946868553,"budymANDEM","BudymAndem","",4,45,0,296,"","None","2015-10-13 13:47:31","None"
150,3297133976,"I'm watching you","Volgel66","[Allah never breaks his promise]",84,103,1,311,"You don't have to follow me!","None","2015-07-27 07:50:17","None"
151,4277340215,"Turk Muslim","islamdevleti8","",0,76,0,0,"","None","2015-11-25 19:01:35","None"
152,4186023321,"flasses","blacknifee","Siz kimliginiz icin savasin ben Allah yolunda savaşıyorum.",15,91,0,85,"","None","2015-11-14 11:48:13","None"
153,3527186592,"John","John2001911","",11,154,1,0,"","None","2015-09-11 13:50:02","None"
154,4212516143,"أم جليلة آلفرنسية ☝️","Oumjalila1","plus je sais plus je sais que je ne sais rien ...",87,132,0,85,"","None","2015-11-17 20:18:24","None"
155,4277325321,"arbaramzi12","arbaramzi12","",14,46,0,37,"","None","2015-11-25 19:06:24","None"
156,12975572,"Maiol Sanaüja","maiolsanauja","Filòsof i jurista. Interested in #Diplomacy, #Geopolitics & #Semiotics. Obsequium amicos, veritas odium parit. أدرس العربية",103160,91213,470,5043,"Arenys de Mar, Països Catalans","Madrid","2008-02-02 09:40:39","https://t.co/3s8lizuPqg"
157,3132997802,"Hapirmzn","masndls","",0,93,0,11,"","None","2015-04-02 20:54:41","None"
158,3155784155,"Piment oiseau","anamoimeyo","compte servant exclusivement à m'informer. tweets are not endorsement.  fav are just bookmarks.",79,1126,2,587,"","None","2015-04-11 10:32:15","None"
159,714936192,"Melka Hendrix","Melkatatawini","",18,326,0,1,"","Ljubljana","2012-07-24 21:12:39","None"
160,3160450885,"harbi","harbi_john","",10,79,0,13,"","None","2015-04-17 02:57:30","None"
161,3264119562,"ᑭᖇᗩY4ᔕᕼᗩᗰ™","minut_lov3r","i'm cats lover. Nutella fans and always retweet Middle East News.",567,447,4,688,"Hazelnut Farm","Pacific Time (US & Canada)","2015-07-01 16:08:22","None"
162,3040193405,"Ime Prezime","imeprezime124","",17,63,3,0,"","None","2015-02-16 04:24:33","None"
163,3066304424,"matridon","MatriRidon","",419,667,4,1740,"","None","2015-03-07 09:34:57","None"
164,451561610,"N'2 d'Alkaida®","Halal_Samih","﷽",113,516,0,1001,"los angeles","Athens","2011-12-31 17:44:50","None"
165,3019837766,"Buraaq","besbaaas40","",5,98,0,238,"","Minsk","2015-02-14 15:00:47","None"
166,4275042863,"شهداء اليرموك","shohadaa10","مجاهد في صفوف لواء شهداء اليرموك",6,6,0,1,"","None","2015-11-25 13:58:09","None"
167,2572526017,"Fatima","FatimaEl83","",17,271,3,3,"","None","2014-06-17 08:27:43","None"
168,3873464602,"Ford Spencer","Ford_spencer1","",58,330,1,67,"","None","2015-10-05 18:30:39","None"
169,3221924947,"تميم الداري 4","TamemAldari4","لايهم عدد المتابعين .. عاجلا ام آجلا سيحفذني جاك واخوانه",166,154,1,1690,"","None","2015-05-21 02:50:43","None"
170,3257120107,"News Seeker","SeekerHaqq","",953,1693,3,0,"","None","2015-06-26 22:03:50","None"
171,3091475452,"Abu Adam","AbuSixth","Abu Adam Al-Amriki. I'm back. Baqiyah.",278,212,7,26,"Dawlat al-Islamiyah","None","2015-03-13 19:53:54","None"
172,4149948136,"Abu Maryan","AbuMaryam_16","#Muslim .#ReporterEvery Reminder Benefits the #Believer",30,124,0,69,"Liberia","None","2015-11-09 15:05:06","None"
173,4073502493,"Hafidh Nafi Nur","NafiHafidh","",8,61,0,3,"","None","2015-10-30 23:04:57","None"
174,2672789713,"mucadele","HasanTahs","",221,503,2,5122,"","Kyiv","2014-07-23 08:11:59","None"
175,1679348245,"Mixed Fruit","DrSajeel","I love nature",0,110,2,646,"My soul is in my body","None","2013-08-17 23:00:02","None"
176,4219624846,"Abu Turab","AbuSscan","",41,121,1,44,"","None","2015-11-18 17:10:24","None"
177,2877833963,"dulnureyn","talx_","Rts/follow=/=endorsements ..وَمَن يَتَوَكَّلْ عَلَى اللَّهِ فَهُوَ حَسْبُهُ..",18,291,1,3372,"","Nairobi","2014-11-15 10:37:12","None"
178,4291287752,"ناصرة الدولة ١٦","NasiratAdawla","",56,77,1,36,"","None","2015-11-19 15:44:23","None"
179,4276871956,"omer hattab","ohatab14","",96,55,0,3,"","None","2015-11-25 17:51:12","None"
180,3361181872,"أم الرزنة","Daloushaaa","À coeur vaillant, rien d'impossible ...",426,204,1,546,"","None","2015-07-05 19:24:52","None"
181,3679796596,"DawahAkh","DawahAkh2","| Ahl as-Sunnāh wal-Jamāʻah | Upon the way of the Salāf | Kunya: Abu Hamza | Dawah account |",671,2556,0,114," أَرْضُ اللَّهِ وَاسِعَةً","None","2015-09-16 23:32:26","None"
182,4195991441,"H. Abu","HHamzaabu444","",21,62,0,104,"","None","2015-11-15 18:47:31","None"
183,4276633816,"olddimension","olddimension","",62,566,0,10,"","None","2015-11-25 17:19:41","None"
184,4248287654,"EPIC","EPlC15","#51-bro",989,58,0,367,"","None","2015-11-15 18:29:47","None"
185,3312530046,"Sayf al-Dawla","IlllIlllIlIIIIl","I'm back",112,263,0,171,"","None","2015-08-11 16:14:12","None"
186,3029438550,"Black Rose","safeeenah","They want to extinguish the Noor of Allah with their mouths, but Allah will perfect His Noor, although the disbelievers dislike it. - Q 61:8",163,581,1,847,"","Minsk","2015-02-19 10:28:12","None"
187,3433096288,"Muhammad","musdafabdu","",25,110,1,0,"","None","2015-08-20 17:23:24","https://t.co/wArPkx3DHh"
188,600886518,"TheoCazÖuzil","TheoCazOuzil","",46,164,0,274,"London","London","2012-06-06 08:43:47","None"
189,3395067682,"Je Regarde","commendirej","",182,2000,11,4374,"","Pacific Time (US & Canada)","2015-07-30 04:44:49","None"
190,3225538486,"Turan Delisi","deli_balta_","",135,809,2,575,"","None","2015-04-30 23:06:00","None"
191,2602097826,"Aisha ","AishaBinte2","",172,265,0,607,"Earth","None","2014-07-03 19:05:53","None"
192,4083990315,"Ömer Karabulut","Akbulut6152","",216,490,1,5541,"","None","2015-10-31 17:33:29","None"
193,293477703,"Mohammed","arshad_dublin","",296,1229,3,630,"","None","2011-05-05 12:27:41","None"
194,3071857838,"Vercingetorix Gaul","GaulVerc","",119,535,1,124,"Canada","Pacific Time (US & Canada)","2015-03-10 19:43:47","None"
195,3241190323,"Muslim Witness 2","moslemwitness2","anti democracy Rts not endorsementRt war news.. Not associated with any group or media",911,838,4,3293,"","None","2015-06-10 08:16:05","None"
196,4194847756,"Evliya Çelebi","sailsocean1","",58,89,0,387,"","None","2015-11-15 15:16:21","None"
197,336210811,"dulkadiroğlu prensi","soner_toros","beşiktaşlı,defineci,balık burcu,çakma ortadoğu uzmanı... not:paylaşımlarım ve RT lerim benden başka herkesi bağlar...",156,906,0,936,"Beykoz, İstanbul","Quito","2011-07-15 22:42:00","None"
198,4208884103,"Haqq Baaqun9","steven_mlen","",114,217,1,250,"","Pacific Time (US & Canada)","2015-11-17 10:06:05","None"
199,3381042490,"Unknown","_slavery93","Back from suspension",235,209,2,217,"","Pacific Time (US & Canada)","2015-07-17 22:59:10","None"
200,4277160568,"Tarık Musab","musab_tar12","",3,217,0,0,"","Pacific Time (US & Canada)","2015-11-25 18:29:25","None"
201,317742910,"salahhuddeen","salahhuddeen","",35,274,0,41,"","None","2011-06-15 12:09:59","None"
202,3246653355,"Daily News","_Daily_News","",0,64,0,0,"","Pacific Time (US & Canada)","2015-05-11 19:43:01","None"
203,3388187747,"Umm Baqiya","baqiya_u","BAQIYA WA TATAMADDAD bi'ithniLlah striving 4 akhira - darul kufr 2nd account",287,607,0,698,"","None","2015-07-22 23:11:19","None"
204,3602666897,"Azz Dine","Azz10neee","J'observe...                                                                                                                Pas de DM de l'être humain",890,291,13,2204,"Loin de toute civilisation","Pacific Time (US & Canada)","2015-09-09 22:11:21","None"
205,2821365767,"minztee","minztee1","",0,426,0,0,"","Ljubljana","2014-10-10 18:06:20","None"
206,984520327,"A. Ibrahim","is_in3","Islamic Supremacist, Radical and Fundamentalist.",306,153,4,23,"The Arabian Peninsula","Pacific Time (US & Canada)","2012-12-02 12:18:15","None"
207,70592901,"ابو اسامة الملباري","geek_mujahid","The muslim who is free from the sick of nationalism ,Wish to live in at Least oneday in True Islamic State ..aameen",352,289,9,1756,"","Kuwait","2009-09-01 04:03:06","None"
208,4225698254,"التمش","TrVcer0L","الكذب هو الكفر، والكذب هو واحد من أعظم الذنوب. الحقيقة يجلب راحة البال، والخداع شك",43,59,0,580,"","Pacific Time (US & Canada)","2015-11-13 17:28:28","None"
209,1440038065,"Akram Ali Shamie","AlbgoT987","",0,68,0,6,"","Mountain Time (US & Canada)","2013-05-19 02:50:46","None"
210,4311529698,"Ajir Al-Faruqi","ajir_alfaruq816","",4,84,0,4,"Indonesia","Pacific Time (US & Canada)","2015-11-21 11:49:21","None"
211,4162791843,"Mêhamed Kur ê Evdila","e_evdila","",238,411,0,58,"","None","2015-11-11 09:27:55","None"
212,4276587268,"NewEraJihadi","NewEraJihadi28","Oh Moderate Muslims know that when the oppressed make dua against their enemies that surely you are amongst the enemies.",84,115,0,16,"Prison (Darul Kufr)","None","2015-11-25 17:13:37","None"
213,4199450794,"مھندس عامرالباکستانی","AmirBakistani36","● 35th Account ● The Caliphate Supporter ● Civil Engineer ● I Have Left groups to be part of The Caliphate ● Martyrdom My Goal",42,225,0,13,"","Pacific Time (US & Canada)","2015-11-16 05:05:33","None"
214,3288551396,"Muhammad Wahyu","Wahyu_0207","Electronics Engineering at University of Padang.",30,146,0,152,"Kota Sibolga, Sumatera Utara","Pacific Time (US & Canada)","2015-07-23 07:32:34","https://t.co/zXCaSy3kSf"
215,3067160791,"منصور","five9_","A Muslim , A Sunni ,A student, here for the search of truth, no to nationalism, no to 'democrazy' , Tweets/RTs = Endorsement, not affiliated to any GROUP .",85,162,0,357,"Earth ","Islamabad","2015-03-07 20:52:16","None"
216,3807203112,"Nouraldinne Zinki","nour_dinne","",19,46,0,1,"","None","2015-10-06 21:28:58","None"
217,4357957884,"GENERAL FALLUJAH","GENERALFALLUJA7","If a SOUL is meant to DIE why wont it DIE for its CREATOR",22,32,0,6,"Somewhere in a merciful grave","None","2015-11-25 17:28:39","https://t.co/48sX8Pmryb"
218,4276622241,"Ali","AbbdurRazaq","Kuffar don't @ me",114,82,0,16,"","None","2015-11-25 17:33:33","None"
219,3176794923,"Khadija","PraySalah","Salam alaikum. I'm studying worldwide events. RT's do not mean I support or endorse. Just tryin' to understand what is happening! Do not add me to any LISTS!!!",108,656,0,854,"","None","2015-04-17 14:20:21","None"
220,465604907,"beans","beansistheway","Don't follow me, I have nothing interesting to say.. I'm just here for the news only..",90,766,0,3438,"","London","2012-01-16 14:56:08","None"
221,4221234673,"Abu Omar","ghuraba18","Die in your rage, O' Kufr!",276,272,2,233,"","None","2015-11-13 07:40:02","None"
222,4276590269,"aabydaaby","aabydaaby2","",0,12,0,0,"","None","2015-11-25 17:22:35","None"
223,2773522640,"BuMohamed","Bu_A7md_98","",0,831,2,25,"","None","2014-08-27 15:07:29","None"
224,4045193488,"scicarios","scicarios","",1,27,0,1,"","None","2015-10-26 09:10:47","None"
225,4345008379,"Mohamed Yusuf","yusuf7fs","",10,62,0,0,"","None","2015-11-24 12:40:13","None"
226,2685435300,"donrizalino","rizalino_009","",90,352,1,135,"","Pacific Time (US & Canada)","2014-07-27 16:39:23","None"
227,1247245759,"AbuQudamah","AbuuQudama4","Say, Indeed, my prayer, my rites of sacrifice, my living and my dying are for Allah , Lord of the worlds. 6:162",64,59,0,25,"","Pacific Time (US & Canada)","2013-03-06 21:30:25","None"
228,4276375709,"who ami","whoamidude","Hunter gatherer of news all over the world",4,109,0,48,"","None","2015-11-25 16:54:12","None"
229,4276425077,"AbuMariyaHarari","SheikhUbamaa","",47,439,0,3,"","None","2015-11-25 17:00:42","None"
230,3958113683,"Babo Muhammedov","BaboMuhammedov","",8,57,0,6,"","None","2015-10-14 18:24:52","None"
231,4212379767,"Sumskaya666","Kharkov021943","",37,256,1,784,"","None","2015-11-17 20:04:28","None"
232,4267209987,"Youssef","youssef_s_","striver in dar-ul kuffar",2,50,0,5,"dunyah","None","2015-11-24 20:39:03","None"
233,4257056770,"Ummahti","UmmMehz","",25,60,0,17,"","Pacific Time (US & Canada)","2015-11-23 12:03:04","None"
234,4278279439,"Kashmiri","justice_kashur1","The biggest crime by them is that they don't beleave their creator |Middle East|Khilafat|Islam|Cricket|Views are my own| Kashmir|Anti-Nationalist #Retweet",18,221,0,118,"","None","2015-11-18 11:27:42","None"
235,4259783559,"AEK971","firtina_chd_8","",77,505,0,5,"","Istanbul","2015-11-23 20:54:08","None"
236,4276300186,"Abu Huzaifa","abuhuzaifa_1","Being religious is Kufr bit Taghūt, belief in Allah, loving & hating for Allah's sake ( Walā’ & Barā), worship & dawāh",11,95,0,4,"","None","2015-11-25 16:35:45","None"
237,3381872608,"Salahuddin al-Kurdi","muwahid__47","",85,34,0,17,"","None","2015-07-18 14:55:36","None"
238,4228017082,"Ebu Taha","Devle016","Rakka Medya ofisi-Journalist/ Moderator",220,63,1,73,"Suriye-Rakka","Istanbul","2015-11-19 17:35:22","None"
239,4276236196,"Ūмм С","Umm_Xalid","#13th acct | #Pray4Shaam #FreeMuslimPrisoners | Not Affiliated With Any Groups | Following News | #Reminders ~ #Quran • #Hadith • #Quotes",148,324,0,46,"Mountain","None","2015-11-25 16:27:12","None"
240,3431967305,"Benmukside","SinenMuadh","",1,24,0,36,"","None","2015-08-19 20:15:18","None"
241,4276297996,"fallujah12","fallujah12","",3,199,0,0,"","None","2015-11-25 16:35:20","None"
242,3772211296,"Spectrebro","spectrebro4","",0,23,0,1,"","None","2015-09-25 15:04:13","None"
243,4077147680,"Amru aash","AashAmru","",5,27,1,190,"","None","2015-10-31 07:06:55","None"
244,2723135926,"Abu Ahmad","_jibril187","Ya Rabbul Ālamīn make me among At Taīfa Al Mansūra ☝️http://t.co/ufS3qG2TRq",49,192,0,1474,"","Brasilia","2014-07-24 16:23:18","http://t.co/BcHmA23EZv"
245,4233112859,"Ibrahim","Muslim_madni","",2,85,0,3,"","Pacific Time (US & Canada)","2015-11-20 08:31:16","None"
246,919669272,"MrAfgHaN","MrAfgHaN","",10,83,0,27,"Peshawar","None","2012-11-01 19:12:38","None"
247,1911136386,"#باقية","yahyanj","‏{وَلِلَّهِ الْعِزَّةُ وَلِرَسُولِهِ وَلِلْمُؤْمِنِينَ وَلَكِنَّ الْمُنَافِقِينَ لا يَعْلَمُونَ}",43,82,1,470,"","Baghdad","2013-09-27 13:40:38","None"
248,3345830267,"mbahGamblang","mbahGamblang","",7,41,1,31,"","None","2015-06-25 19:07:45","None"
249,3983456350,"sheikh","hamzaA08","sheikh",29,68,0,22,"","None","2015-10-18 00:57:43","None"
250,2892237995,"أم سيف","sa3fy","Dunya",69,116,0,994,"","Urumqi","2014-11-25 17:24:20","None"
251,2727255157,"Rehaan","khanworld123","Kashmir",3,63,0,1,"Jeddah, Makkah Al Mukarrama","None","2014-08-12 20:20:57","None"
252,2614826234,"Mkhan","Mkhan115","",56,311,0,79,"","None","2014-07-10 05:07:21","None"
253,3299768910,"nrdnn","Imduddn","",36,329,0,0,"","None","2015-07-28 19:29:59","None"
254,4227881787,"razzia","razzia_711","",11,30,0,53,"","None","2015-11-19 17:31:46","None"
255,4268442735,"AbuSamiha","AbuSamiha5","Follow and see",1,15,0,0,"","None","2015-11-24 23:31:54","None"
256,3188239626,"sword of steel","sweeelll","",4,23,0,1,"","None","2015-05-08 03:12:39","None"
257,4275011789,"abu said denemarki","abu_said_d","",1,23,0,0,"","None","2015-11-25 13:54:01","None"
258,3621859455,"Bellus Bello ","PulcherBello","",4,35,2,92,"","Pacific Time (US & Canada)","2015-09-11 16:05:04","None"
259,4253901305,"DaughtersLove","FatimaRaven25","thinking about making my page observe & report... keep opinions to myself... it will last longer",1,14,0,21,"","None","2015-11-23 01:56:33","None"
260,4235595871,"#unknown","aishah_mansour","A Meaningful Silence is always better than a Meaningless words.",15,71,0,25,"","None","2015-11-14 14:49:58","None"
261,3925192580,"Bing F4$un","bing_f4sun","Knowing the place and the time of the coming battle, we may concentrate from the greatest distances in order to figh",44,90,0,260,"","None","2015-10-17 13:21:55","None"
262,2778249235,"Taifah al mansura","ISairforce","O Allah! You are Peace, and peace comes from You. Blessed You are, O possessor of Glory and Honor.",73,520,0,137,"","Pacific Time (US & Canada)","2014-08-29 10:25:23","None"
263,3334831813,"Shah Hussain","shahkhannum1","",53,463,1,2,"","None","2015-08-25 07:04:56","None"
264,3198608862,"tidak bernama","tokoalkaromah","",31,323,0,6,"","None","2015-05-17 05:28:48","None"
265,3315490326,"panah 2","panah_2","",219,519,1,463,"","None","2015-08-15 02:28:33","None"
266,2616451311,"Saddam","AkhiSaddam","",93,265,0,731,"","Pacific Time (US & Canada)","2014-06-17 06:39:31","None"
267,2878269938,"RivivalofIslam","RivivalofIslam","",6,44,0,1,"","None","2014-10-26 12:51:26","None"
268,2321751539,"dinkesa dink","dinkesadink","",14,299,0,97,"","Pacific Time (US & Canada)","2014-02-03 11:57:14","None"
269,3694643713,"sfb","sfeeq3","",14,313,0,0,"","None","2015-09-26 16:58:40","None"
270,4134130696,"M,-_-","jesuisinghimasi","طالبة علم الأحياء---مناصرة قوية لدولة اسلامية---اكره الاستسلام امام الكفار -_-",50,51,0,7,"Amsterdam, North Holland","Pacific Time (US & Canada)","2015-11-07 12:19:46","None"
271,3388351083,"cubix24","cubixx24","",20,84,0,0,"","None","2015-07-23 02:06:40","None"
272,4202454101,"Burcu","b113y11_burcu","",1,19,0,0,"","Pacific Time (US & Canada)","2015-11-16 14:43:28","None"
273,3162285313,"Al Hamd o Lillah","crushBorders","Al-Mulk-o-Lillah",425,401,2,243,"Al-Hukam-o-Lillah","Karachi","2015-04-18 10:00:44","http://t.co/WvNrPeKe4e"
274,2596276429,"abou abdullah ","abouabdullah7","",114,220,3,22,"","None","2014-06-30 12:00:54","None"
275,4165751595,"War_Tracking","War_Tracker","Focus on Syria/Iraq - own analysis",29,257,0,494,"","None","2015-11-11 19:01:03","None"
276,3956183534,"sumon kha","sumonkh19768490","",6,152,0,0,"","None","2015-10-20 08:36:55","None"
277,195876703,"R","cro5600","",29,416,0,0,"","Pacific Time (US & Canada)","2010-09-27 19:58:46","None"
278,3193638997,"আমি জিহাদী/ I Jihadi","iamjihadi88","",97,186,2,36,"","Pacific Time (US & Canada)","2015-05-12 19:53:08","None"
279,3948245601,"Chong","chong141","",1,56,0,53,"","None","2015-10-13 17:17:04","None"
280,4273804036,"IT Man","IT_Man_006","",103,166,0,79,"","None","2015-11-25 11:05:47","None"
281,3420443261,"Mahmoud Ibrihim","MahIbrihim","Muslim Islam Allah’s Property Mujaddid",4347,2052,2,823,"New Jersey, USA","Pacific Time (US & Canada)","2015-08-13 16:35:53","https://t.co/qkc5Ay55Ch"
282,40873388,"Mo Goudah","Goudah","Lefty centrist internationalist interested in Rule of Law. Dad, husband Chelsea FC, Labour. Personal tweets. RTs are not always endorsements.",144,579,5,989,"London, UK","London","2009-05-18 13:33:45","None"
283,185876566,"Orang Desa","iedjoyo","Ijo Royo-royo",141,681,1,1685,"","Jakarta","2010-09-02 01:31:17","None"
284,2760362387,"Gary Fox","abu_auslaender","Freedom and Democracy • I condemn every act of terrorism, every terrorist group and i am against every type of extremism • Only here for researchig etc.",20,179,0,3,"America","Ljubljana","2014-09-03 13:25:48","None"
285,2751538880,"Al Awlaki Muhammad","muhammad1187","Al malhama getting closer",254,40,2,0,"","None","2014-08-21 07:08:09","None"
286,262720964,"The muslim","muslim_innocent","",45,113,1,628,"darul kufr","None","2011-03-08 16:33:11","None"
287,2856369833,"Sun Tzu","Sun_Tzu2014","The Art of War",3370,3217,15,6572,"","None","2014-11-02 08:28:00","None"
288,2809593953,"Abd Allah al faransi","abdAllah00130","",78,170,2,347,"","None","2014-10-06 05:32:51","None"
289,3089849885,"Asim Abu Merjem","AsimAbuMerjem","Servant of Allah, in need of Allah's mercy !!!",418,564,1,244,"","Belgrade","2015-03-12 20:33:36","https://t.co/1RjnsvddRV"
290,3067719315,"abumusa10","habsa11","",23,170,0,0,"","None","2015-03-03 12:58:52","None"
291,3181970101,"Inzy","inzy08","",0,237,0,2,"","None","2015-05-01 16:16:21","None"
292,4244707815,"Junoob","junoob7","",5,37,0,58,"","None","2015-11-21 20:58:54","None"
293,15460847,"Stranger_Ahk","StrangerAhk","",15,61,0,775,"Wherever","Pacific Time (US & Canada)","2008-07-16 22:42:31","None"
294,909061453,"Abu Alpha_Wolf","ayokurd","just looking around",103,194,5,979,"Paradise","None","2012-10-27 22:38:29","None"
295,4202472035,"mohamed","habby4africa","",67,349,3,471,"","None","2015-11-16 14:46:40","None"
296,4300587373,"Saify","ab_saif34","",109,183,0,306,"Dar Al Kufr","None","2015-11-20 11:47:48","None"
297,4217997868,"Alhamdulillah","zuluu11","",13,173,0,7,"","Pacific Time (US & Canada)","2015-11-18 12:40:21","None"
298,3140915458,"elcocobango","elcocobango","",34,859,0,9,"","None","2015-04-06 16:11:39","None"
299,2590174868,"Harun rashid","HarunrashidT","",69,40,1,272,"","None","2014-06-26 19:47:20","None"
300,2424982708,"أبو جميلة","abujamillah1","#Sometimes people put up walls, not to keep others out, but to see who cares enough to break them down",114,224,3,708,"Worldwide News","Athens","2014-03-20 16:02:31","None"
301,3118348438,"Mawdoud","a_uthmaan","مناصر لدولة الإسلام ، يا لائمي اني نصير عقيدتي شمخ اباة حامل القرآن",99,354,0,1628,"Coconut Town","None","2015-03-26 12:08:01","None"
302,4199919328,"Time is Ticking","Libaax_1437","",4,56,0,1,"","None","2015-11-16 06:33:44","None"
303,4164633015,"عراقي وافتخر","Araq_alfagr","حين توفيت أبنتها الصغيره !! أبتسمت وفي عينيهآ الدمع وقالت : هناك في الآخره سأطرق بآب الجنة وستفتحه لي ..  هكذآ الصبر عند المصآئب",323,3715,0,11,"العراق","None","2015-11-11 15:31:16","None"
304,4274765537,"ErshadChowdhury","Ershachowdhu16","I will throw fear into the hearts of those who disbelieve. Then smite the necks and smite of them each finger.  [8:12]",50,68,0,15,"#16th","None","2015-11-25 13:21:22","None"
305,2230456042,"Farooq Khan","Farooq970Khan","",0,123,2,4,"","None","2013-12-17 17:49:10","None"
306,2782845544,"Imran ibn Fareed","Imran_ibnFareed","Islam is a comprehensive religion, it is not limited to praying and fasting, it does not ‘Render onto God what is to God and unto Caesar what is to Caesar.'",329,125,2,1095,"London","None","2014-09-24 20:45:27","https://t.co/Ee6uZXwRvb"
307,3670400652,"Zubair Bin Awwam","awwam_iii","",19,64,0,32,"","None","2015-09-24 12:55:32","None"
308,3162027648,"99","MuhFath99","",169,178,1,368,"","Pacific Time (US & Canada)","2015-04-18 07:17:25","None"
309,4272159267,"Yuaqwer","yuaqwer","",32,608,0,0,"","None","2015-11-25 07:43:24","None"
310,3172850925,"Mindvision","Mindv1sion","Oh Mankind, what has deluded you from conveying the truth ?  Media Analyst  | Islamic Reminders",1394,662,1,1614,"","Belgrade","2015-04-16 14:16:07","https://t.co/mKI4bRuAeW"
311,3158417380,"justanotherslave","justaslave13","",10,61,2,10,"","Pacific Time (US & Canada)","2015-04-12 04:39:47","None"
312,998204676,"Metamorfoze","mmfzopbhradio1","Geopolitical analyst interested in the ME",35,460,1,93,"Mostar","Sarajevo","2012-12-08 23:38:06","None"
313,2479774621,"life","mohamediqbal2","",10,75,0,2,"","None","2014-05-06 12:37:45","None"
314,4202456607,"Mahatmadeen111","mahatmatheIsis","Narrated Abdullah bin Abi Aufa Allah's apostle saidKnow that paradise is under the shades of swords [volume 4 book 52 number 74]",65,107,0,635,"","None","2015-11-16 14:52:55","None"
315,203030545,"Belkadette","Belkadette","",285,354,4,4317,"تونس / Paris ","Paris","2010-10-15 11:18:13","None"
316,4041460923,"ILoveKhalifIbrahiM","mangos2015","ad-Dawlah al-Islāmiyah fī 'l-Irāq wa-sh-Shām baqiya wa tatamaddad account #2",52,86,2,71,"in my cave","None","2015-10-25 21:00:20","https://t.co/7dpojbgfhl"
317,3637876770,"Om20","TilesCake","",7,60,0,1,"","None","2015-09-21 13:03:13","None"
318,4217909234,"Abu Bakr","tawheeddawla","",51,175,1,11,"","None","2015-11-13 00:34:18","None"
319,956068087,"biza hamis-khan","bizahamiskhan","",1,103,2,14,"","None","2012-11-18 19:11:30","None"
320,3093983653,"Springooo","pkkypg2","",19,132,0,34,"","None","2015-03-17 14:27:45","None"
321,468826931,"Abu Uthman","zeta001x1","",1,58,0,1,"","Jerusalem","2012-01-19 23:29:32","None"
322,3129630760,"olamide Olaseni","olamideseni","It's me and not you!",115,789,1,132,"","None","2015-03-30 18:33:18","None"
323,4274613736,"Abd-El-Rahman","istishhadi5","Mechanical engeneer. I follow ,reporting and comenting situation on M.E.",26,76,0,31,"wilayat Twitter","None","2015-11-25 12:52:50","None"
324,2756212607,"thoughts","M_i_n_u","",5,25,0,1,"","None","2014-08-30 20:14:31","None"
325,1492171597,"Abdullaha Mukhlis","AbdulahaMukhlis","",10,43,0,545,"","None","2013-06-08 06:37:51","None"
326,3335100395,"baba","robalseneghali","",9,72,0,0,"","None","2015-06-19 16:42:36","None"
327,2613935324,"donny zahruridjal","zahruridjal009","",119,393,4,1913,"","Hanoi","2014-07-09 17:41:28","None"
328,2729646975,"batunde omoojonla","omoojonla","A slave of ALLAH",77,842,0,16,"","None","2014-07-31 06:16:38","None"
329,3168856429,"abuharis77","kingdiamond7375","",4,89,0,0,"","None","2015-04-23 14:15:20","None"
330,4212062319,"Millatu Ibraheem","alafghaniyyahh","",14,88,0,0,"","None","2015-11-17 19:13:39","None"
331,3440933361,"Saad Ibn Zayd","SaadIbnZayd1","",150,465,0,414,"","None","2015-08-25 23:16:02","None"
332,4068703894,"abdullah afriki","51abdullah02","",2,9,0,10,"","None","2015-10-29 15:29:02","None"
333,4073595646,"Private","privatepribado","",22,167,0,42,"","None","2015-10-30 07:17:38","None"
334,295139387,"Ahmed","abdullah1133223","",0,281,0,0,"","Quito","2011-05-08 12:54:25","None"
335,271872647,"Hadi","RajaHadiBullo","",107,1354,0,27,"","None","2011-03-25 10:35:00","None"
336,3530113760,"Ustaz Hussein","silatsharaf","Author of Iron Sultan: 40 Lessons in Islamic Leadership for Business, Politics and War. Combatives Trainer, Medic, Polyglot, Lover of Cats, Crypto & Caliphates.",137,299,0,715,"Japan and Malaysia","None","2015-09-11 19:57:33","http://t.co/xqje9w100g"
337,46856501,"s3s","_s3s_s3s_","",33,212,2,8134,"The Reservation aka Dunya","Pacific Time (US & Canada)","2009-06-13 09:01:51","None"
338,3435393135,"Abu Rahmatullah","Bbbackup48","You must use less than the time you take to blink in deciding on hijrah ☝",4,22,0,0,"Sirte, Wilayat Tarablus, IS ","None","2015-08-22 13:06:43","None"
339,2772346337,"salahudeen Adubayaan","Abu_Adnaa","",38,61,0,30,"","None","2014-09-16 16:29:46","None"
340,3198006496,"Musa","Musa23890366","",135,183,2,2,"","None","2015-04-23 13:12:52","None"
341,3902716749,"M","plokijuh_m","",7,121,0,2,"","None","2015-10-08 20:55:27","None"
342,212075567,"ابو نمور القطن","cribergangs","",167,939,2,300,"","Bangkok","2010-11-05 02:04:39","None"
343,4338784154,"نم","LiquidEffect","#BlackFlagUp....",13,225,1,72,"","None","2015-11-23 23:17:05","None"
344,4209602547,"mario lorenzo","darnag898","",3,40,0,7,"","None","2015-11-17 12:25:21","None"
345,561705408,"letspeakenglish","lseinfo","Let's speak English, because people speak English.",34,39,0,10,"Indonesia","None","2012-04-24 01:29:03","http://t.co/EG7NCUTERn"
346,4236009808,"Ansar Al-Shari'a","phtxd17","",155,246,0,462,"","Pacific Time (US & Canada)","2015-11-20 17:04:05","None"
347,4105448172,"Silent Reader","SilentReader16","Believe in Allah and put your trust with Him !",148,242,0,75,"","None","2015-11-02 20:40:35","None"
348,982640065,"Yusuba Tweeta","YusubaTweeta","Never Trust Media and if you do then you are an idiot! Love justice! Hate Shaytan",35,129,1,740,"","Hawaii","2012-12-01 14:16:33","None"
349,3160428014,"Achino","achino_O","Hudep sare, mate SyahidAllahu Akbar",136,130,4,1092,"Acheh","Tehran","2015-04-17 03:10:03","None"
350,467377583,"أبو سعد","Abou_Tayr","",17,45,0,34,"Paris","None","2012-01-18 12:03:32","None"
351,3304610016,"awakening","coconut_phobe","Rts =/= endorsements",23,184,2,80,"","None","2015-08-03 00:32:00","None"
352,3072523879,"Taring Serigala","sigit88833","“Sesungguhnya syirik itu benar-benar kezaliman yang berat”. QS. Luqman (31): 13.",360,206,4,1256,"","None","2015-03-11 06:07:22","None"
353,2878154742,"cool daddy","kasufini","",9,65,0,943,"","None","2014-10-26 11:35:37","None"
354,239012509,"Abu Al Ankabut","AlankabutEi","A salam aleykoum wa rahmatoullah wa barakatou, dawlat ul islam baqya bi idhnillahi.",396,1038,3,4451,"","None","2011-01-16 15:58:58","None"
355,3307009684,"Rap Kilroy","abu_amaal2","As we journey, the truth becomes clearer. The fog lifts up and we see our brothers and sisters in the blessed lands.",150,775,3,63,"Here!","None","2015-06-03 11:25:39","None"
356,4234081753,"monokuma","monokuma1984","",11,134,0,124,"","None","2015-11-14 11:32:49","None"
357,3204669785,"Abu Muhajir","balinun1","",225,178,3,204,"Rio de Janeiro, Brasil","None","2015-04-25 08:47:40","None"
358,102001685,"deliar t roosadie","delgadogado","",356,1845,3,8168,"yogyakarta ","Jakarta","2010-01-05 08:23:33","None"
359,92725152,"خليل الزاوي","IshtibaktAnifa","",50,87,0,266,"","Pacific Time (US & Canada)","2009-11-26 10:04:41","https://t.co/Jc7V2tHeVb"
360,627975112,"Abdulaziz","Dralamoudy2012","",80,652,1,43,"","Pacific Time (US & Canada)","2012-07-06 02:47:37","None"
361,2673833757,"poto","zalandocubaz","",13,226,0,0,"","None","2014-07-05 00:31:27","None"
362,516454221,"Sabun Colek","iwang18","",200,505,0,10128,"","Jakarta","2012-03-06 11:49:13","None"
363,3174745295,"saifulislaam","saifulislaam008","",197,91,3,104,"","Belgrade","2015-04-17 02:29:54","None"
364,4186519031,"Abu Hafs","Dabiiq7","Interested in Middle East & information warfare, RTs ≠ endorsements. Following ≠ endorsements.",84,92,0,192,"","Pacific Time (US & Canada)","2015-11-14 13:12:03","None"
365,4217410155,"Abu Aisha","traffiq5","Baqiah biidnillah5th Account",94,20,0,155,"","None","2015-11-18 11:17:40","None"
366,1431457976,"Abu Muhammed ☝","abubit","News from the khilafah (NL/EN): http://t.co/YpTn564kUj",481,647,0,796,"","Athens","2013-05-15 20:36:23","None"
367,4149922471,"Integrity","Integrity2992","A Muslim sister who supports justice, integrity and truth = ISLAM☝️☝️☝️",57,94,1,240,"","None","2015-11-06 20:54:48","None"
368,2970519029,"BintNoor","BintNoor","السلام عليكم ورحمة الله وبركاته. All posts are only for research purposes.",788,343,4,1721,"","Dublin","2015-01-09 22:27:04","None"
369,1836353353,"saeed gogo","saeedgogo","",5,37,0,2,"","None","2013-09-08 23:55:13","None"
370,907775058,"Khalid Ahmed","KhalidAhmed322","",31,228,0,26,"","None","2012-10-27 09:54:16","None"
371,254530054,"Febry Prayugo","prayugo24","You know how they say 'you can't live without love'? Well, oxygen is even more important",263,556,8,7443,"Bumi Allah SWT","None","2011-02-19 13:26:19","None"
372,4091053042,"Abu Obaida khurasani","icbmtous","‏‏ولن ترضى عنك اليهود ولا النصارى حتى تتبع ملتهم فمن يكفر بالطغوت ويومن بالله فقد استمسك بالعروة الوثقى لا انفصام لهاولا يشرك فى حكمه أحداان الحكم إلا لله",182,345,6,295,"Khorasan ","None","2015-11-01 16:09:28","None"
373,4211641390,"el turkii","TurkiiEl","",35,21,1,103,"","None","2015-11-17 17:46:30","None"
374,3378461249,"Battlefield Watch","BA77LEFIELD","Civil Engineer. Interested in MENA News.",928,436,3,1072,"Frankfurt, Germany","Pacific Time (US & Canada)","2015-07-16 07:45:28","None"
375,4110928527,"abdel aziz","malhama3","",28,90,1,40,"","None","2015-11-04 09:25:29","None"
376,3416062528,"brother Mohamed","Abu_Mohamed__","forgive me, make dua for me, moroccan, just checking tweets, if you tell a lie to reunite brothers then its not a lie.engaged",194,184,1,524,"Greece, NY","Pacific Time (US & Canada)","2015-08-11 19:36:27","None"
377,2653983271,"Rasked","RaskedBel","enseignement / histoire - géographie / politique.",50,174,2,4224,"","Athens","2014-07-17 14:47:34","None"
378,4323727453,"Muhammad Nabi","asyiya006","Wahai Muslim, masa depanmu adalah Syuhada di jalan Allah.",184,241,1,146,"Iraq","None","2015-11-22 14:01:08","https://t.co/g6xeJPeNPb"
379,4217686643,"Abdul Hameed Mohamed","AbdulHa05792591","",46,351,1,3,"","None","2015-11-18 11:58:12","None"
380,3280164900,"Emerge","04Emerge","Glad Tiding Nation Ummah",349,622,0,554,"","None","2015-07-15 03:20:52","None"
381,3431447345,"Umar الخراساني","umar_khurasani","I'm here to support Islam which is ahlus-sunnah-wal-jamaah upon the manhaj of salaf-us-saliheen.Tweets on Islam & News.",393,1131,1,691,"under the lowest sky","None","2015-08-19 12:45:46","None"
382,1862930791,"Imran Mazumder","ImranMazumder3","",67,253,2,1,"","None","2013-09-14 06:41:24","None"
383,3844399413,"Doğan Şahin","jn_if","",1,273,0,0,"","Baku","2015-10-02 16:27:51","None"
384,2563084345," ARAFATT 17","ARAFATT17","",193,667,3,66,"","Athens","2014-06-12 09:27:46","None"
385,3240528559,"khan","Akkhan912","A believer of Islam interested in news about middle east afghanistan and a socile media activist it's my own opinion don't belong to any group  ☝",570,1427,1,123,"","None","2015-06-09 05:39:28","None"
386,3160366093,"Abu Yousha","_yoibn_abdullah","",661,1010,3,1835,"","Ekaterinburg","2015-04-17 01:16:00","None"
387,1672475748,"sallo333","Sallo333","",5,141,0,1,"","None","2013-08-15 07:21:23","None"
388,2602740970,"Qawqaz","iigogre","",4,305,0,0,"","Brussels","2014-06-12 02:33:27","None"
389,2533055300,"Lampu Hitam","Lampu_Hitam","",7,53,0,51,"","Novosibirsk","2014-05-29 17:21:47","None"
390,4134408484,"Abu Uthman","AbuUthmanIraqi","",15,214,0,1,"","None","2015-11-07 13:13:33","None"
391,4127957357,"waadagaalamnaa","EbbeDartis_",".......shall test ⬆...........⁉",20,52,0,3,"","None","2015-11-06 16:14:46","None"
392,4219675637,"rron","RronKilafa","",9,57,0,4,"","None","2015-11-18 17:29:02","None"
393,3325515190,"Abdirahman","Abdirahman8237","",38,173,3,0,"","None","2015-06-14 20:00:21","None"
394,3175372815,"Abu Talha","AbuTalha7777","The Prophet ﷺ said: “Paradise is surrounded by hardships and the Hell-Fire is surrounded by temptations.” •[Saheeh Muslim (2822)]",579,149,2,7842,"","None","2015-04-17 06:53:19","None"
395,4221981874,"drwaleed5253lu","drwaleed5253lu","KHILAFAH SUPPORTERالرجاء عدم دعم الحساب وخاصه الدعم الجماعي لانه يساعد عليهم حذف الحسابات بسهوله",115,778,3,2711,"","None","2015-11-18 23:31:04","None"
396,4191067701,"Aburayyan Sawahilii","aburayyan_4","I hate kufru and its people, get ready we will slash you in numbers",45,91,1,92,"","None","2015-11-15 03:38:10","None"
397,3391667427,"ShamiWitness","Merozil2","Activist-Independent analyst of the issues of the Muslim world",230,382,1,674,"","Pacific Time (US & Canada)","2015-07-28 09:06:06","None"
398,4206720509,"aimardarwis4","aimardarwis4","",42,219,0,73,"","None","2015-11-17 03:16:33","None"
399,4252103687,"Abu Pay Or Die","AbuPayOrDie","",24,157,0,5,"","None","2015-11-22 20:23:17","None"
400,74551345,"Dummyville Hero ","Dummyville_Hero","One who submits to the will of The Almighty Creator.",83,45,0,48,"Earth ","Eastern Time (US & Canada)","2009-09-15 20:48:12","http://t.co/YIqFLYIEVH"
401,4224842069,"Bocah Kurir Al-Haq","HaqHunter06","",106,148,0,240,"","None","2015-11-19 08:11:05","None"
402,2889076726,"Khaletun Kanita","UkhtiSalahudin_","",198,472,2,5,"","Ljubljana","2014-11-23 10:37:22","None"
403,3300686865,"abu hafiz","ukirnamafree","man",183,212,5,3190,"Malaysia","None","2015-05-27 18:34:19","http://t.co/LVMgquNWaX"
404,2677242969,"Abu omar","dodo1924d","",361,136,7,1306,"","None","2014-07-05 23:49:56","None"
405,2424417058,"Waqar Hussain","9a9b3a710bfb47e","",109,124,4,747,"","None","2014-03-20 10:16:57","None"
406,275653622,"Mohamed Naseem","NaseemAhmed50","Journalist ,Seeking and spreading the truth.",1936,1050,16,4737,"Male'. Maldives.","Central Time (US & Canada)","2011-04-01 18:26:14","None"
407,4024248269,"simple guy","allitwani","Shaam - graveyard of the crusaders",40,273,0,405,"","None","2015-10-23 12:51:56","None"
408,3369040173,"арыстан","Qonaqkend","Nous faisons descendre du Coran, ce qui est une guérison et une miséricorde pour les croyants. Cependant, cela ne fait qu'accroître la perdition des injustes.",763,789,14,13334,"","Pacific Time (US & Canada)","2015-07-10 11:33:36","None"
409,2721686904,"Hasham","Songul1919","Islamic Supermacist",242,439,6,5738,"Rome ","Belgrade","2014-08-10 14:13:36","None"
410,4199349496,"Abu Layth At-Tamimi","usood165","Help me back..anti-Shabab and anti-AQ..I am against groups and calls towards the unity under one leader!My hijra-advices only limited to Sham",481,59,1,76,"","None","2015-11-16 04:46:06","None"
411,3622456157,"Abu Hamza as Somaal","irhaabiun","",20,151,0,299,"Amsterdam, North Holland","None","2015-09-11 17:18:32","None"
412,4097466749,"tayyeb shah","ShahTayyebshah","",44,266,0,143,"","None","2015-11-02 13:23:13","None"
413,2886714822,"abu muhammad","abualfadh","menjadi hamba Allah yang taat",79,232,1,130,"Indonesia","Novosibirsk","2014-11-01 22:35:54","None"
414,3184474467,"one way","oneway1196","Allah 3",25,95,0,142,"","None","2015-04-19 20:13:10","None"
415,64770798,"Wojciech Szewko","wszewko","Wojciech Szewko PhD, academic, scholar.  Poland. writing (mostly) about Islam, sharia, jihad and Middle East.",11765,669,93,28632,"Poland","Warsaw","2009-08-11 17:16:43","None"
416,4273090096,"OumYahya","oumyahya135","-brothers please no dm or ill block yous-married alhamdulillah- not new to twitter use to go on my husbands twitter sometimes.",20,54,0,7,"","None","2015-11-25 09:31:12","None"
417,124827257,"إبن محمد","ahmedshamil","Do not forget the Angel of Death ,for he does not forget you !",567,558,9,4025,"Maldives","None","2010-03-20 18:13:51","None"
418,4272906797,"شيخ روحاني ابو قتاده","Laich12","اقوى شيخ روحاني جلب الحبيب الخواتم الروحانيه الخاصه وفك السحر وتسهيل زواج العانس ورد الغائب بأذن الله.                    للتواصل واتساب 00962780074052",148,647,0,7,"","None","2015-11-25 09:15:38","None"
419,3902877084,"jozemendez","baqiyahfamily","",36,154,0,94,"","None","2015-10-15 13:06:08","None"
420,4271970160,"Salma","umme_salma21","",89,175,0,46,"","None","2015-11-25 07:03:11","None"
421,2727515889,"Majid ","Bosxxlxx","",134,720,6,5,"","None","2014-07-28 19:20:19","None"
422,3084590098,"علم وعمل","IlmWaAmal_","ألـسْتَ الذي غذيْتني وهَــدَيْتني ولا زلتَ مَنـَّانـا عليّ ومُنعِـمــا | عسَى مَنْ لَـهُ الإحْسَانَ يَغفِرُ زَلتِي ويَسْترُ أوْزارِي ومـا قـدْ تقدَّمــا",460,35,3,4234,"المغرب الاسلامي","Bucharest","2015-03-10 18:12:25","None"
423,4151281995,"AbSallahdin9","AbSallahdin9","One Allah One Quran One Ummah One Khilafah One Amir...baqiya bi idni Allah",206,284,1,58,"","CET","2015-11-09 19:38:03","None"
424,2178546057,"mahamed Ali","abdika145","",17,66,0,39,"","Pacific Time (US & Canada)","2013-11-12 18:40:26","None"
425,4178161769,"Umma A'Shadleeyah","Umma_Love17","",51,85,1,62,"uk","None","2015-11-13 10:41:29","None"
426,2400419348,"lll_rarbi","aAl_rarbii","",89,289,1,293,"","Ljubljana","2014-03-20 20:36:56","None"
427,2873832839,"قط فضولي","IzzudeenMansour",".....فَلَا تَأْسَ عَلَى الْقَوْمِ الْكَافِرِينَ .",8,197,0,70,"","None","2014-11-12 15:11:35","None"
428,4090566857,"Umm Dujana","UDujana","Muwahidah☝. Brothers no DM",276,249,1,96,"","None","2015-11-01 14:49:44","None"
429,3741979947,"ﺍﻟﻄﺎﺋﻔﺔ ﺍﻟﻤﻨﺼﻮﺭ","Gentlem68246590","",6,127,1,4,"","None","2015-09-22 19:55:44","None"
430,3158950514,"αgє оғ кнîℓαғαн","AgeOfKhilafah","『 The Joy Of Life Is In Battle ♡ Jīhād Fīsabīlillāh ♡』",577,78,3,1606,"","None","2015-04-16 06:58:13","None"
431,2555641920,"Omar","Frank_Plumber","عن أبي هريرة رضي الله عنه، عن النبي صلى الله عليه وسلم أنه قال: ((بدأ الإسلام غريباً، وسيعود غريباً كما بدأ، فطوبى للغرباء))",13,78,0,29,"Liberia","Pacific Time (US & Canada)","2014-06-08 23:05:24","https://t.co/rrGq76Q3Bl"
432,3291870434,"Abdul wahab Tipu","wahab_tipu","",3,53,0,3,"Sd","None","2015-07-25 04:53:33","None"
433,388415906,"محمد أسعدبيوض تميمي","csf29dlaytpzn83","",14546,8788,18,919,"","Pacific Time (US & Canada)","2011-10-10 18:18:22","None"
434,2631551349,"muslim crescent","muslimcrescent1","",376,2436,5,2823,"","None","2014-06-22 14:41:35","None"
435,2814344970,"Abu_Syrie","AbuSyrie","",173,790,3,14,"","Belgrade","2014-09-17 06:47:25","None"
436,4105195518,"ابو محمد ب.","hijrah_jihad","O you who believe! Be afraid of Allah, and be with those who are true (in words and deeds) . [9-119]Come and live this ayah in the land of خلافة",25,99,0,41,"الخلافة","Pacific Time (US & Canada)","2015-11-02 20:07:47","None"
437,3648601578,"Abu Yahya","abu_abuyahy55","",76,390,1,63,"","None","2015-09-22 12:39:42","None"
438,2816912713,"Bumimas Adijaya","BumimasA","just ordinary people",130,452,2,426,"Kembangan, DKI Jakarta","None","2014-09-18 11:43:28","None"
439,3144559680,"fhfh","895c74af36e643a","",0,27,0,0,"","Pacific Time (US & Canada)","2015-04-08 10:30:22","None"
440,4287371112,"Mazloom Koshur","MKoshur3","My location is enough to describe my everything.",83,64,0,60,"Occupied Kashmir","None","2015-11-19 07:28:08","None"
441,2707046283,"ابو معاوية المغربي","jari_el","love tagines",134,330,1,514,"","None","2014-07-13 13:23:18","None"
442,4217886113,"Salt","y01_salt","Here just for updates and news.",68,780,0,4,"","Pacific Time (US & Canada)","2015-11-18 12:32:04","None"
443,4267882213,"Sebut IS","Abubay10","https://t.co/0agN38v45i",326,92,1,93,"World","Pacific Time (US & Canada)","2015-11-17 12:53:49","None"
444,2242889534,"marwan","Marwan52Mahdi","",205,461,0,207,"","None","2013-12-12 20:36:23","None"
445,3935919989,"gytew","gytew1","",74,895,1,518,"","None","2015-10-12 09:36:34","None"
446,4346397794,"Teuku Alif","alifpasai_15","",115,85,0,26,"","None","2015-11-24 15:51:14","None"
447,3064372317,"في عيونك","Maghrebeyyah_","في عيونك| In your eyes",160,60,0,295,"المغرب الاسلامي","Bucharest","2015-02-27 14:10:23","None"
448,4159915635,"ThickShaikh","ThickShaikkh","I AM ⓝⓞⓣ  …a ⓑⓞⓣ  …a ⓟⓐⓡⓞⓓⓨ …aⓕⓕⓘⓛⓘⓐⓣⓔⓓ T͜͡W͜͡E͜͡E͜͡T͜͡/R͜͡T͜͡/M͜͡E͜͡N͜͡T͜͡I͜͡O͜͡N͜͡ A͟R͟E͟ N͟O͟T͟ ENDORSEMENT [OR] MY VIEWS",68,73,0,97,"WorldWideWilayat","None","2015-11-10 23:46:42","https://t.co/bcs0bRFGId"
449,4246128091,"Umm Naufa","yanthi_jyanthi","",59,74,1,16,"","None","2015-11-15 13:41:25","None"
450,4271913807,"مسلم موحد 2","2Iilhlilhlilhl","عائد بعد الحذف 17 عدنا يا جاك مناصر لدولتي الاسلامية",38,890,0,3,"","None","2015-11-25 07:11:05","None"
451,3318120522,"Umm ammar","spaghettiny","The Prophet صلى الله عليه و سلم said:“Even a person who was in Sujud from birth until death, will still be regretful on Qiyaamah”",223,68,4,1083,"","None","2015-08-18 00:14:52","None"
452,3336173573,"Joe Kents","JoeKents","JK",0,48,0,0,"","Pacific Time (US & Canada)","2015-06-20 05:01:56","None"
453,1949654281,"student","Nowmaan1","ﷺﷺﷺﷺﷺﷺﷺﷺﷺﷺﷺﷺﷺﷺﷺﷺﷺﷺﷺﷺﷺﷺﷺﷺﷺﷺﷺﷺﷺﷺﷺﷺﷺﷺﷺﷺﷺﷺﷺﷺﷺﷺﷺﷺﷺاللهم صلِ وسلم على نبينا محمد ﷺﷺﷺﷺﷺﷺﷺﷺﷺﷺﷺﷺﷺﷺﷺﷺﷺﷺﷺﷺﷺﷺﷺﷺﷺﷺﷺﷺﷺﷺﷺﷺﷺﷺﷺﷺﷺﷺﷺﷺﷺﷺﷺﷺﷺﷺ",10,41,0,54,"","None","2013-10-09 16:28:48","None"
454,4209342014,"Bınt▪Stēppēs","fd_esma004","#23/ummH/What can you do with me? My Jannah is in my heart./Let your faith be bigger than your fear.Remember aseer in your night prayers.❌Brothers NO DM!❌",469,219,2,327,"Far away from dear people","None","2015-11-12 05:58:50","None"
455,2593217756,"el dorado","eldorado343","",24,64,1,2100,"Jacksonville, Flo","Melbourne","2014-06-28 14:57:57","None"
456,4196407834,"Islamic Analyst","IslamicAnalyst5","I'm not a terrorist, Analyst observing the events in the Middle East. NOT Affiliated With Islamic State or AlQaeda",704,214,9,855,"","None","2015-11-15 19:48:44","None"
457,4186889358,"nuwazer09","nuwazer09","",44,74,0,16,"","None","2015-11-10 05:24:46","None"
458,753306889,"0mar عمر","0marmuslim","يا راحلا والله لن أنساك",7,82,1,2,"","Belgrade","2012-08-12 15:31:28","None"
459,4320211758,"Raj Talwar","rajtalwarr","",11,49,0,85,"","None","2015-11-22 06:39:49","None"
460,4235772986,"khalidBINwalid","bi_nwalid","",85,307,4,1257,"","None","2015-11-14 15:20:21","None"
461,4258818013,"Abu Chinja","makasi2020","‏لا اله الا الله محمد رسول الله",2,23,0,9,"somewhere ","None","2015-11-16 17:13:36","https://t.co/vXBpmitqJw"
462,269251049,"Elz Abd ","El_Abdullah","surespot: zubri80fb: Zubri Abdullah",239,1293,2,49,"","None","2011-03-20 11:37:41","None"
463,3250410992,"Stranger","RHF2IS","",44,333,2,3206,"","Pacific Time (US & Canada)","2015-06-20 05:59:32","None"
464,3320793187,"Nusaibah Al Islam","Malika_raheel","lets fly high to be amongst the Green Birds of Jannah..Baqiyyah Wa Tatamaddad Biiznillah",149,175,0,476,"Syria","None","2015-08-20 00:58:24","None"
465,1061653448,"NGO","ihamza18","",71,468,2,216,"","None","2013-01-04 23:09:57","None"
466,336860958,"Bouncue","Bouncue_","",6,53,0,26,"","None","2011-07-17 01:42:49","None"
467,4333796413,"Abdul Matin","_abdulmatin_","",115,169,0,22,"","None","2015-11-23 12:11:12","None"
468,407655545,"Trevor","nurikaruka","faster-bigger-stronger",52,179,0,245,"Los-Angeles","None","2011-11-08 10:47:05","None"
469,3428223592,"David Wanedam","DavidWanedam","Former journalist in Sahel -Be realistic, demand the impossible!",51,263,0,37,"Cameroon","None","2015-08-17 14:11:08","None"
470,4165432617,"0mar عمر","0marmuslim2","",0,76,0,0,"","Pacific Time (US & Canada)","2015-11-11 18:01:19","None"
471,2842633986,"Mash McNair","mash87mcnair","",83,759,1,85,"","None","2014-10-06 20:33:19","None"
472,2760576749,"Abu Naiila","amitabachan99","",88,222,3,21,"","None","2014-09-03 18:32:37","None"
473,3175352847,"Hamza al Bosnawi","HanzaKhattab","",184,582,0,39569,"","None","2015-04-17 06:47:03","None"
474,4259429657,"Bint khurasan","bint_khurasan","Give Me Shout out",38,19,0,0,"","None","2015-11-23 19:39:46","None"
475,3259477506,"Rahib","RahibWitness","",22,199,1,5,"","None","2015-06-29 04:06:48","None"
476,3596859977,"Sarah Umm Amira","Sarah301088","Converted to Islam, May Allah guide me to the right path! Dutch/English",158,201,1,120,"","Pacific Time (US & Canada)","2015-09-09 09:15:47","None"
477,3370976122,"L'3orwatou l'wothqa","Fjodor_6","",89,43,0,312,"","Pacific Time (US & Canada)","2015-07-11 15:43:39","None"
478,1279604916,"M.A.Nasir","Nasirtaee","Truth Seeker, Student of Islamic Studies",123,479,1,210,"","None","2013-03-19 05:41:52","None"
479,515244441,"Abu Fulan al Fulani","abufulanalfulan","",25,70,0,153,"Fulanistan","Jerusalem","2012-03-05 08:30:54","None"
480,4206804262,"jihad akber","JihadAkber","",23,409,1,9,"","None","2015-11-17 03:20:25","None"
481,2198333966,"che shishani","cheshishani1","",77,146,0,357,"","Amsterdam","2013-11-16 20:02:34","None"
482,3873295036,"omashkavash13","omashkavash14","",189,75,2,261,"","None","2015-10-05 18:05:00","None"
483,52345570,"..","dollaghetto","",14,156,0,63,"","None","2009-06-30 08:41:30","None"
484,2842646003,"Abu Talia","TalibItaali","There is no god but Allah, & Muhammad ﷺ is the Messenger of Allah. | Studying the deen somewhere in the Middle East.",273,407,2,240,"","Ljubljana","2014-10-24 16:15:54","None"
485,1410017539,"drruhul11","ruhul_dr","",31,311,2,175,"","None","2013-05-07 11:18:11","None"
486,3288124701,"Sayf","sayf_soon","",650,1457,1,366,"","None","2015-05-18 09:38:52","None"
487,998636906,"QUITKASHMIR","Quitkashmir1","Kashmir and Freedom in Blood",319,318,5,4254," Indian occupied #Kashmir","None","2012-12-09 05:27:58","None"
488,3662493677,"latyre faye","sokhar65","",7,67,0,12,"","Pacific Time (US & Canada)","2015-09-15 09:31:37","None"
489,327608942,"Numan Nayif","NumanBin","",54,244,0,6,"sylhet","None","2011-07-01 21:05:38","None"
490,165402973,"Paki Jav","Paki_Jav","",29,308,1,3,"Compton","None","2010-07-11 13:24:11","None"
491,4286066832,"Shaheen Striv3r","v3rStri","Inactive for the moment, I mainly focus on US proxies (sahawat) & their movements in Syria",946,56,0,128,"Zanzibar South and Central","None","2015-11-19 04:38:16","None"
492,2278076989,"didi","didi54978232","",16,127,0,89,"","Ljubljana","2014-01-05 20:35:24","None"
493,3300417590,"kungfooguy","xinzia01","",0,172,0,0,"","Pacific Time (US & Canada)","2015-07-29 10:35:08","None"
494,3374413906,"Bombardements","RoyalWinj","La réalité des bombardements en Syrie et en Iraq.",309,79,4,264,"","None","2015-07-13 18:01:25","None"
495,1040944824,"dawla returns","jesuismuslimmm","",23,38,0,185,"","None","2012-12-28 00:32:49","None"
496,481552308,"Rezwan Wasti","ShamMujahidDE","",59,929,3,429,"","Bern","2012-02-02 22:18:34","None"
497,33522966,"Abu A","borneoblackflag","",0,78,0,851,"","Alaska","2009-04-20 14:09:42","None"
498,28738078,"Maxx","SUNNAHA_1","Allah is most merciful",33,70,0,99,"","Mountain Time (US & Canada)","2009-04-04 04:17:03","None"
499,4265271827,"Bint Fulan","alqawwlu_thabit","‏‏‏‏‏‏‏‏‏‏‏‏تمضي الأيام فينفر من ينفر ويستشهد من يستشهد ويُسجن من يُسجن يرحل أُناس ويأتي الله بآخرين وستظل سُنة الإستخدام والإستبدال ماضية فطوبى لمن ثبت.",104,110,0,64,"","None","2015-11-24 14:47:48","None"
500,3825815494,"Der Schakal","ibnKadir","",22,51,0,85,"","None","2015-09-30 16:46:43","None"
501,4178299785,"1binshaafi","2istishhadhi31","",16,152,1,37,"","Pacific Time (US & Canada)","2015-11-13 11:18:40","None"
502,1724805944,"Md. Mofazzal Hossain","Mofazzal786159","",147,560,0,11,"","None","2013-09-03 08:15:12","None"
503,4263935019,"Ahmad Ahmadi","ahmad_5989","",3,50,0,1,"","None","2015-11-24 10:33:48","None"
504,3755836632,"Ramos Ibrahim","RamosIbrahim3","Muslim.",4,92,0,13,"Somewhere-stan","None","2015-10-02 06:00:40","None"
505,3453930972,"Ayoub","ayoub82_","A Muslim, husband, and father of three beautiful kids.",284,144,0,373,"Earth","Pacific Time (US & Canada)","2015-09-05 01:16:49","None"
506,4112551697,"عزيز","3retgf45erfsd34","",23,767,0,36,"","Pacific Time (US & Canada)","2015-11-04 14:29:01","None"
507,1053232026,"Mahmoud Salafi","mahmoud_salafi","",33,69,0,1,"","None","2013-01-01 18:50:16","None"
508,3165292723,"abu muqatil al muqim","insearchKhilafa","",163,430,0,374,"","Bucharest","2015-04-20 11:46:58","None"
509,133888816,"ZulNs","zulns","‏لا اله الا الله",126,272,3,8037,"Indonesia","Jakarta","2010-04-16 22:37:13","None"
510,3184138167,"unshakable","unshakably","",162,1570,2,19,"","Belgrade","2015-04-19 18:52:35","None"
511,2887149802,"RADICAL OFFSHOOT","in_epic","ALLAH s.w is our protector and they don't have any protector (kaffir)",418,774,4,195,"","None","2014-11-21 17:49:38","None"
512,3145019692,"STOP Genocide","genocidesyria","",29,983,3,15,"","None","2015-04-07 18:16:04","http://t.co/qkjmmyKgrD"
513,2342068546,"Hamza Abu Hamza","ElderHamzah","Son Of Islam On Education And Research purpose (Muslim World Affairs)",283,122,4,664,"niger area","None","2014-02-13 21:22:54","None"
514,4319528412,"ذات النطاقين","jvdjbr1","خلافة على منهاج النبوة",58,155,0,8,"","None","2015-11-22 05:10:50","None"
515,4267706911,"Shashianna","Shashianna1","",8,81,0,0,"","None","2015-11-17 12:31:00","None"
516,4085471412,"alkachin","alkachin","",59,343,0,154,"","None","2015-11-01 01:20:08","None"
517,3227133942,"feeq3","feeq33","FOLLOWER OF NEWS(Dont be sad;indeed Allah is with us)",339,1844,1,6,"","None","2015-05-26 14:19:56","None"
518,3573476476,"Kanadi Muhajir","razaksami21","The Taghut nations have their Media of lies, free of being suspended. The Ummah must spread the truth. Maybe not get suspended again.. INSHAHALLAH.",74,88,0,72,"","None","2015-09-07 04:49:50","None"
519,3426185031,"medina9996_jr","medina9996_jr","If u are a #daeshbag u will meet me soon - Proud to be a dirty kafira - #blockistan is haram :-))",204,115,4,1276,"Italy","None","2015-08-16 16:46:14","None"
520,3343620371,"waseem","RebelWaseem","",76,871,0,177,"","None","2015-06-24 04:12:24","None"
521,3272959765,"آٍبُوَحًمٌزُهً","Hahsahd","أبراج استراتيجية",5537,5222,5,281,"","Pacific Time (US & Canada)","2015-07-09 12:05:21","None"
522,1866905269,"Abu Al Farouq","Abu_al_farouq","",131,179,1,93,"","None","2013-09-15 08:31:23","None"
523,94794380,"RTIS❇","rtacnt","For global news/updates about war/conflicts esp ME.RT & ♥ ≠ Support",244,186,0,779,"","Central Time (US & Canada)","2009-12-05 13:46:28","None"
524,2668395959,"Muhammad shakil","umaribnkhalid","let the eyes of the coward never sleep",48,108,0,141,"","None","2014-07-03 16:13:50","None"
525,3109489107,"Mr.Khilafah","Hilafet_Haber","important news about khilafah",881,2168,1,708,"","Belgrade","2015-03-24 05:36:06","None"
526,3958000858,"Abujilaal7","Abujilaal7","",46,92,0,1154,"","Pacific Time (US & Canada)","2015-10-14 17:58:41","None"
527,4264869867,"Mountain Man","mount_45_bbnm","Mountains Don't lie....People lie",373,306,0,73,"","Pacific Time (US & Canada)","2015-11-24 13:41:26","None"
528,2927033511,"olamide omoni","iselonse","",160,816,3,300,"Earth","None","2014-12-17 14:28:39","None"
529,3308467978,"Omar Mohammadi","omarmohammadi27","",178,842,1,2,"","Pacific Time (US & Canada)","2015-06-04 17:15:05","None"
530,3358925169,"Hamza Ansari","Ansr39711","#6   DM for SS & W   #Blackhat",279,504,0,101,"Daar ul kufr wal fasaad","Eastern Time (US & Canada)","2015-07-04 17:11:41","None"
531,4208088314,"Abu Humayra","abuhumayra3","‏إِنَّ صَلَاتِي وَنُسُكِي وَمَحْيَايَ وَمَمَاتِي لِلَّهِ رَبِّ الْعَالَمِينَ",303,124,2,299,"","None","2015-11-12 03:15:33","None"
532,4311719532,"Masih Gerilya Lagi","MasihBGerilya","",81,105,0,160,"","None","2015-11-21 12:13:59","None"
533,4270613782,"Rafidi Hunter7","RafidiXihi","The Islamic State will remain and expand by the will of Allah swt",11,40,0,108,"Wilayat Twitter","None","2015-11-25 04:03:41","None"
534,3697778473,"uummaarr","uk7320942","",22,142,1,19,"","None","2015-09-26 23:46:56","None"
535,2646795838,"Khalid","Khal_030","",13,49,0,0,"","None","2014-06-27 12:06:44","None"
536,3396551758,"Ali Idris","AliIdris87a","",18,345,1,114,"","None","2015-07-31 02:20:59","None"
537,4150317940,"modest believer","mod3stbeliever","I believe there is one God and I believe that prophet Muhammed is his servant and messenger.",16,182,0,29,"world","Pacific Time (US & Canada)","2015-11-09 16:16:06","None"
538,3289326456,"khalid bin waleed","khalidbinwale20","",12,53,0,0,"","None","2015-07-24 04:37:17","None"
539,4240254612,"Fire Dragon","Xiao_long13","Fear is not a policySurrender is not an option",596,152,0,565,"新疆, 中华人民共和国","None","2015-11-15 01:13:13","None"
540,4224950714,"Zap","ZapZapis","",6,51,1,742,"","None","2015-11-13 15:51:06","None"
541,3110160136,"M","Mr_Baass","Nothing I post or RT is a direct indication of support or approval.",111,110,0,272,"","None","2015-03-24 11:35:32","None"
542,3093333289,"abdullah al-afreeky","al_afreeky","",67,314,3,15,"","None","2015-03-17 10:58:42","None"
543,4253073374,"Abu Abdullah","AbuAbdu20100537","spread the truth",6,35,0,24,"","None","2015-11-16 04:53:04","None"
544,394335608,"hani","Hani_m_m","",112,988,1,2,"","None","2011-10-19 22:39:39","None"
545,4247050036,"Yazmin☀️","yazzyc97","Back up account! @jazzycookies97 was compromised - new main account is @jazzy9797 ☀️",42,84,0,33,"","None","2015-11-22 04:10:15","None"
546,244187480,"Nirues","waaay123","",4,52,0,66,"","Amsterdam","2011-01-28 18:36:15","None"
547,617948124,"Abu ayyubi","abu_ayyubi3","Berkatalah semau kalian tentang kami wahai salibis, yahudi dan murtaddin kami tidak peduli. Matilah dengan kedengkian kalian",440,81,0,132,"","Pacific Time (US & Canada)","2012-06-25 07:20:47","None"
548,3316183593,"Ahmad","abo_zax","Baqqiyah",173,253,2,121,"","None","2015-06-09 23:42:43","None"
549,3290131532,"Bocah Ingusan","bocahingusantea","",170,177,2,387,"","None","2015-07-24 15:10:16","None"
550,4253613734,"Adam","adamchami55681","",5,30,0,2,"","None","2015-11-16 06:03:17","None"
551,2711896346,"Silent Watcher","silent_wtchr","",239,507,1,104,"","Astana","2014-08-06 12:26:56","None"
552,18540904,"Uzun-Malay","saadiinn","regained consciousness",18,79,1,264,"Blythe, CA","None","2009-01-02 00:56:33","None"
553,3094313065,"SHAH GUL","khanbaba1290","",0,91,2,0,"","Islamabad","2015-03-17 16:36:08","None"
554,1372675514,"blahblah","baruruk","",65,30,2,326,"","Eastern Time (US & Canada)","2013-04-22 17:38:51","None"
555,962732432,"Muāwiyah","AkhiJibran","CCNP. Interested in Middle East. Muslim Conquests. The love for Shia'a keeps me in blacklist. (Back Again)",665,61,4,964,"Takht-e-Soleymān","None","2012-11-21 17:00:39","None"
556,3335613133,"MyHeartHasStereo","HeartHasStereo","Radical Strategist. Mocks stupids and unpopular decisions.",22,50,4,741,"","None","2015-08-25 08:46:34","None"
557,2699569328,"habla","0Habla0","",4,59,0,0,"","London","2014-08-02 01:23:38","None"
558,2350765032,"Muslim Forever ","AbuSeid123","",114,220,4,39,"","Arizona","2014-02-18 22:41:59","None"
559,50885208,"Said Baisa","saidbaisa","",118,241,2,3420,"","Novosibirsk","2009-06-26 02:30:52","https://t.co/tX45QJiTX7"
560,4182294329,"أبو أسامة الصومالي","CXaafada2","I am neither a journalist nor a military expert.#IslamicState #IslamicPolitics #Somalia",141,32,1,73,"Wilayatu Somaal","None","2015-11-13 23:44:09","None"
561,75136513,"Adri Aswin Azhari","adrasaz","",316,306,1,4041,"Jakarta","Jakarta","2009-09-17 22:43:30","http://t.co/oC97WHrdC1"
562,3435980087,"Abu Abdullah","AbuAbdullah0015","",52,328,2,0,"","None","2015-08-22 21:32:22","None"
563,4056151033,"Muhammad Hanzala","AlBakistani_IS9","A Media Knight Of #Islamic_State #IS. T & RT News Globally Around The World About The Soldiers Of #Islamic_Caliphate. Live From #Pakistan.",24,97,1,88,"Pakistan","None","2015-10-29 09:25:38","None"
564,2602293348,"BintAdam ","Bint_Adam12","",0,110,0,46,"","None","2014-07-03 21:58:11","None"
565,3183804429,"Jabaliyah","tsvetochek_m","No DMs from brothers please",1813,192,3,3059,"","Bucharest","2015-04-19 17:15:53","None"
566,4074932752,"Jack Yellow","JackYell001","Jack Vs Giant",37,370,1,0,"Up in The Clouds","Pacific Time (US & Canada)","2015-10-30 11:41:08","None"
567,354887111,"muhammad ismail","milk22887","",58,131,0,297,"","New Delhi","2011-08-14 13:34:26","None"
568,4163847732,"ethan","Duniaghuraba2","Daulatul islam Baqiyyah",288,551,2,8,"","None","2015-11-08 03:24:41","None"
569,3504756852,"Nino tito","ninotito00","",0,20,0,0,"","None","2015-09-09 13:52:51","None"
570,3979464554,"yaz","yazoj1410","",19,176,1,0,"","Riyadh","2015-10-22 11:08:10","None"
571,2593578464,"Ibn Adam","saleel_sawarim","",105,399,1,61,"","None","2014-06-28 19:44:10","None"
572,4268860463,"ألميرا نسيبة","NusaybahAlmira","The Munāfiqīn are always the ones who will not side with the Haq until they see victory.And when victory comes, Allāh ﷻ humiliates them.",12,21,0,2,"","None","2015-11-25 00:20:26","None"
573,3729207784,"Abu Azzam","Abu_Azzam23","I'm a lover of Allah's greatness. May he bring about the destruction of the kuffar and the triumph of his deen!",77,184,2,1097,"","None","2015-09-21 14:45:46","None"
574,1115693624,"g1g","said_s77","",3,698,0,1,"","None","2013-01-24 01:16:21","None"
575,2722478451,"mrsandman147","mrsandman147","I keep up to date with world affairs and conflict news war zones I'm not aligned to any group Im also anti Zionist and support the people of Palestine",23,389,0,225,"London, England","None","2014-07-24 02:25:11","None"
576,2893052165,"Gharib ","Kiwrah","",7,376,2,3,"","None","2014-11-26 07:13:22","None"
577,3972275662,"Maaraka Guy","Shahada_Striver","Quran 59:11 (Hypocrites you are brothers of Disbelievers)",16,204,1,27,"","Pacific Time (US & Canada)","2015-10-16 13:13:23","None"
578,3311063027,"omar mbarak","omarmbarak4","",87,376,1,0,"","None","2015-06-06 20:11:40","None"
579,3279979368,"Michael Ford Smith","michaelfordsmi1","Proud retired veteran (former Colonel) and grandfather of 6 wonderful children using Twiiter to understand todays generation and have a better view on the world",758,185,0,688,"","None","2015-07-14 23:24:41","None"
580,534047221,"asasa","ChelseaFC010","Bismillah",61,206,0,336,"Melbourne","Arizona","2012-03-23 08:33:15","None"
581,2894010902,"KhalilAbuFalastini","khalilray21","Born in Detroit. Palestinian,Muslim. not asso",NA,NA,NA,NA,"","","",""
