0,3177677811,"hirna","hirna11","Am a pastrolist who move from one place to another looking for a greener pasture always eager to know how Khilafa is prospering",136,221,8,2802,"","None","2015-04-17 18:59:18","None"
1,4159833083,"Wail al Barisi","wail75g","",353,278,4,847,"","None","2015-11-10 23:20:44","None"
2,583954817,"Rami","RamiSafadi93","Anarchist - Looking for information",4451,920,168,93310,"","Central Time (US & Canada)","2012-05-18 16:29:09","None"
3,384263446,"The Witnesser","Bajwa47online","The Dust Will Never Settle Down                                                                        (Abu Talhah)",426,66,2,1962,"","None","2011-10-03 11:19:57","None"
4,3335278779,"IraqSyriaNews","peter_gabrial","Iraq/Syria conflict news covering all groups, regimes",664,151,14,2552,"Berlin, Germany","None","2015-06-19 18:52:36","None"
5,3378902055,"Steve davis","Stevedavis1924","MENA; Politic Analysis; Writer; War Studies; ISIS.",27,145,1,1017,"","None","2015-07-16 15:50:31","None"
6,1970966900,"عراق الفاروق عمر","Kuy9095","",1206,1,4,46,"","Pacific Time (US & Canada)","2013-10-19 09:08:26","None"
7,3279979368,"Michael Ford Smith","michaelfordsmi1","Proud retired veteran (former Colonel) and grandfather of 6 wonderful children using Twiiter to understand todays generation and have a better view on the world",815,186,0,692,"","None","2015-07-14 23:24:41","None"
8,4272424397,"BosnianWitness5","BosnianWitness5","",29,51,0,7,"","None","2015-11-25 08:11:40","None"
9,4277325321,"arbaramzi12","arbaramzi12","",32,50,0,140,"","None","2015-11-25 19:06:24","None"
10,4368378734,"أبو عبد الله","jundullah_29","",136,90,0,59,"","None","2015-11-26 16:16:09","None"
11,593344418,"العراق للإحصاء","IraqSurveys","Nothing is what it seems شباب العراق هم القادة .. نجمع أنفسنا للمستقبل",18598,1452,172,103183,"لكل عراقي اينما كان","Pacific Time (US & Canada)","2012-05-29 04:16:07","http://t.co/pzZRsdxd7y"
12,4277793497,"أخت في الإسلام","Muslimmaah_1","Breaking News--International News--Reminders--",243,194,4,39,"","Cairo","2015-11-25 20:01:27","None"
13,4278132989,"سبحان الله وبحمده","Astaghfirllah70","",94,240,0,233,"","None","2015-11-25 20:46:22","None"
14,4011851367,"عبدالله بن محمد","S__0N","‏‏‏صحوجي معتدل متخصص في المصالحات وتسليم المدن للنظام ..أقبل الرز من كل دول العالم ، عدوي الوحيد هم الدواعش الخوارج الذين خرجوا على أمريكا وولاة الأمر",3596,63,14,207,"جنب الرز","Pacific Time (US & Canada)","2015-10-21 20:18:43","https://t.co/cSPNDQuV02"
15,4225698254,"التمش","TrVcer0L","الكذب هو الكفر، والكذب هو واحد من أعظم الذنوب. الحقيقة يجلب راحة البال، والخداع شك",50,71,0,639,"","Pacific Time (US & Canada)","2015-11-13 17:28:28","None"
16,3370976122,"L'3orwatou l'wothqa","Fjodor_6","",128,63,0,365,"","Pacific Time (US & Canada)","2015-07-11 15:43:39","None"
17,201222004,"أُسامة المري","C3yTe9x","من قبيلة #آل_مُره من #يام #الهمدانية ، انتمي لأهل #التوحيد أينما وجدوا ابيضهم واسودهم واحمرهم واعجميهم وعربيهم محب للصحابة ولأهل السُنه ولا أنتمي لأي #وطن",629,953,0,348,"تحت السماء وفوق الأرض #مؤقتاً ","Pacific Time (US & Canada)","2010-10-11 11:14:50","https://t.co/2E3Sg37kTi"
18,4049226035,"Mallam Babangida","MallamBabangida","Muslim. Into mental, physical and spiritual well being.                   Disclaimer: Mallam = Mr / Sir. Not a scholar.",45,49,1,418,"Nigeria","None","2015-10-26 22:35:32","https://t.co/J51EHzu9zJ"
19,4282623856,"GREAT IS NATION","GreatISNation95","I'm back for those who miss me :) Follow Spread & Retweet the news of our Great IS Nation of Khilafah & it's conquests 4 the Free World Lovers ☆Without Borders☆",19,45,1,42,"","None","2015-11-26 06:31:51","None"
20,2809323206,"DR Erdoğan","drerdogan_00001","",959,337,6,5918,"Afghanistan","Kyiv","2014-09-14 11:59:33","None"
21,1617998246,"أبو جعفر المغربل","AboJafarMgarbel","‏ناشط إعلامي في الثورة السورية لا أتبع لأي فصيل عسكري ولا أي تيار سياسي",38981,532,137,6982,"سورية - حمص ","Athens","2013-07-24 15:19:16","https://t.co/Lc2QV5AyYF"
22,627886667,"العقيد رياض الأسعد","riyadhalasaad","مؤسس وقائد الجيش السوري الحرمن اوائل المنشقيين عن الجيش السوري النظاميهدفنا وغايتنا تحرير سوريا ورفع راية الحق وأقامة العدل بعون الله ارجو عفو الله ورضاه",340358,138,1136,15465,"الحساب الرسمي لقائد الجيش الحر","London","2012-07-06 00:45:32","None"
23,48956231,"Zaid Benjamin","zaidbenjamin","Radio Sawa Washington Correspondent . News & Views Are My Own. Retweets Not Endorsement.",123891,4348,1737,79966,"Washington DC","Eastern Time (US & Canada)","2009-06-20 07:50:44","http://t.co/rM6KMpoY0N"
24,96083073,"فيصل القاسم","kasimf","الصفحة الرسمية لمقدم برنامج الاتجاه المعاكس بقناة الجزيرة. آرائي وتغريداتي هنا شخصية بحتة. والريتويت لا يعني بالضرورة التبني.صفحتي على فيسبوك:falkasim",2916246,683,7087,59094,"Doha, Qatar","London","2009-12-11 07:53:15","None"
25,3679796596,"DawahAkh","DawahAkh2","| Ahl as-Sunnāh wal-Jamāʻah | Upon the way of the Salāf | Kunya: Abu Hamza | Dawah account |",685,2636,0,114," أَرْضُ اللَّهِ وَاسِعَةً","None","2015-09-16 23:32:26","None"
26,251041708,"د. سعد الفقيه","saadalfagih","ايميل islahchat@gmail.com",170641,52,1005,20306,"","Amsterdam","2011-02-12 09:38:07","http://t.co/lCcYbVOt3U"
27,265597285,"أ. د. محمد المسعري","almass3ari","أمين عام حزب التجديد الإسلامي (معرف سكايب  Almass3ari)تابعونا على قناة حزب التجديد الإسلامي بتطبيق تيليجرام:@Tajdeed_Channelhttps://t.co/fTOXro7voG",74629,63,476,13029,"London, UK","London","2011-03-13 20:55:50","https://t.co/6ocwfJL68a"
28,924215852,"مارك العربي","ArabicMark","يا عرب يا عجم , يا تُرك يا بربر , يا حماة العقيدة , دينكم واحدمارك يونج (مارك العربي)arabicmarc@gmail.com",156694,17,897,3803,"London, United Kingdom","London","2012-11-03 23:11:04","None"
29,384120146,"عمر .. الحكومة≠الوطن","oamaz7","أحلم بـ ( و ) وأطمح لـ ( إ ) وأسير مع ( ح ) وأبحث عن ( ص ) وأسعى كـ ( ث ) وأحب ( م ) وأقدم #برنامج_فتنة ،، ألقاكم على خير كونوا أحرارًا. لا للبلوك ٧/٧/٢٠١٥",146793,2651,809,62359,"MTL . PIN:540E56C2 snap:oamaz7","Eastern Time (US & Canada)","2011-10-03 03:19:57","None"
30,4234312787,"سيف الحمصي","Brkddj1","",123,137,0,67,"","None","2015-11-20 12:07:08","None"
31,3985893736,"خضير خشفة-حمص","khder70003","‏ناشط ميداني مستقل وصحفي سوري لا اتبع لأي فصيل او تكتل سياسي",3697,65,5,198,"حمص","None","2015-10-18 08:54:32","None"
32,4357685780,"Abu Dujana","___abudujana","",24,14,0,10,"","None","2015-11-25 16:43:03","None"
33,4286625041,"Abou Naba'a","pthxd19","En ce qui concerne le sang des apostats et des hypocrites, des fois ils[les croisés] l'avancent, et d'autres fois, ils le retardent",50,191,0,30,"","None","2015-11-26 15:29:30","None"
34,4134130696,"M,-_-","jesuisbrave19","طالبة علم الأحياء---مناصرة قوية لدولة اسلامية---اكره الاستسلام امام الكفار -_-",196,194,0,133,"Amsterdam, North Holland","Pacific Time (US & Canada)","2015-11-07 12:19:46","None"
35,536485550,"عبد الرزاق الجمل","rezqali1","‏صحافي وباحث في شؤون تنظيم القاعدة في الجزيرة العربية",38811,500,224,4037,"اليمن","Minsk","2012-03-25 17:23:59","https://t.co/BawwhSJbqQ"
36,55258021,"د. ناصر التميمي","nasertamimi","أكاديمي وباحث بشؤون الطاقة  -  متابع مثابر لشؤون الحركات الإسلامية  -  الرتويت أو التفضيل لا يعني الموافقة على المضمون.  RT & Favorites not endorsement",23115,1988,93,19695,"My Home","Jerusalem","2009-07-09 14:57:30","https://t.co/91MSIzdEtI"
37,497788324,"ANADOLU AGENCY (AR)","aa_arabic","الحساب الرسمي لوكالة الأناضول للأنباء",240981,8,1509,134097,"İstanbul, Türkiye","Istanbul","2012-02-20 10:58:32","http://t.co/HmbdNIurOu"
38,2358249146,"أحرار العراق","IQsunni","عراقي سٌني حُر , مهتم بقضايا أهل السُنة و بفضح جرائم الحكومة و الميليشيات",35864,333,130,25330,"Iraq","Baghdad","2014-02-23 17:04:46","https://t.co/FMGQKut8g7"
39,2469903506,"نوري المرادي","norimm2011","",33102,1320,76,5600,"","Saskatchewan","2014-04-29 22:03:34","http://t.co/YpbygXvzPR"
40,216289357,"Sky News Arabia","skynewsarabia","تتخذ قناة “سكاي نيوز عربية” من أبوظبي مقراً لها وتقدم الأخبار باللغة العربية عبر البث التلفزيوني المجاني والإنترنت والأجهزة المحمولة بما فيها الآي فون والآيباد",1935975,116,3352,113609,"Abu Dhabi, UAE","Abu Dhabi","2010-11-16 08:40:50","http://t.co/CMUUxOVKYY"
41,2594396728,"بسام جعارة","BassamJaara","من لايقدم الصواريخ المضادة للطائرات لشعبنا فهو خائن أو خائن",151351,552,667,14519,"","None","2014-06-09 08:13:04","None"
42,4001415141,"أبو عبدالله الأفغاني","afghanishir4","رحمك الله أميرنا وشيخنا وأمير المؤمنين الملا محمد عمر رحمة واسعة. الحساب الرسمي الوحيد لأبي عبدالله الخراساني",1588,21,3,31,"خراسان حيث الغيرة والإباء","Pacific Time (US & Canada)","2015-10-20 10:59:35","https://t.co/CNk1oNbNL5"
43,3419804345,"خضير خشفة-حمص","kher80270_0605","",710,69,2,223,"","Pacific Time (US & Canada)","2015-08-13 09:35:34","None"
44,4218559583,"معاوية القريشي","isUSAia_USa","‏رابط قناتي على التلغرام    https://t.co/oe5KskDswf‎",6219,296,14,221,"","None","2015-11-18 14:26:10","None"
45,2611657657,"المناصرون","almonaseron24","حساب المناصرون رقم [24]",4878,156,14,143,"","Kuwait","2014-07-08 13:01:45","None"
46,3986509053,"مراقب","mastafa735","",2235,31,6,223,"","None","2015-10-18 11:16:19","None"
47,4217410155,"Abu Aisha","traffiq5","Baqiah biidnillah5th Account",102,29,0,173,"","None","2015-11-18 11:17:40","None"
48,4265559814,"Abu Yusuf Al-Jabarti","AlJabarti50a","There's 2 kinds of people: those who support a Khilafah & those who support groups who ally with democrats. Which one are you, kid?PS: No DM, sisters",348,156,3,314," Languages: French/English ","Pacific Time (US & Canada)","2015-11-24 15:29:28","None"
49,376805797,"موسى العمر","MousaAlomar","صحفي ومذيع سوري ما أكتبه يعكس وجهة نظري فقط وليس المؤسسة التي أعمل بها . -سليل بني أمية - https://t.co/m2H0fxBXUm",228793,604,1063,31681,"london","Casablanca","2011-09-20 14:38:41","None"
50,3648846622,"Shteti Islam","X2Shteti","",85,37,0,1759,"","Pacific Time (US & Canada)","2015-09-14 03:19:58","None"
51,4300587373,"Saify","ab_saif34","",131,262,0,404,"Dar Al Kufr","None","2015-11-20 11:47:48","None"
52,4265986473,"Ebû Mus'âb et-Turkî","ibnimurad8","",141,116,0,178,"","None","2015-11-24 17:07:40","None"
53,4203657099,"Veritas Media","Veritas__Media","",86,96,0,137,"","Pacific Time (US & Canada)","2015-11-16 18:22:50","None"
54,4366903572,"ANP","ANP99_17th","17th account. Slave of Allah SWT",126,71,1,4,"Allah's Land","None","2015-11-26 13:10:38","None"
55,3120649431,"Step News Agency","Step_Agency","شبكة اعلامية مستقلة تهدف لنقل الحقيقة كما هي عن طريق مراسليها المنتشرين في الداخل السوري",8087,0,32,7048,"Syria","Bucharest","2015-03-27 06:39:48","http://t.co/GS9wJOy8BE"
56,3327095957,"JuietaLopez","JuietaLopez","",195,296,2,429,"","None","2015-06-15 14:38:04","None"
57,3174745295,"saifulislaam","saifulislaam008","",201,90,3,104,"","Belgrade","2015-04-17 02:29:54","None"
58,4221080475,"Abu Muhammad AlKurdi","baqqqiyah3","",53,52,0,27,"","None","2015-11-18 21:18:46","None"
59,4232839306,"Abou Henk La Haye","HenkLaHaye","",36,176,0,1,"","None","2015-11-20 07:32:31","None"
60,277315536,"أبو هاجر","C36_abh","",209,86,2,598,"","Paris","2011-04-05 03:41:18","None"
61,3322480335,"TheGermanMusel","TheGermanMus","",371,211,11,7846,"","None","2015-06-13 07:05:04","None"
62,4276081401,"Abu_Muhajir","abu_muhajir14","#14 acc.Die in your rageO Kuffar",200,110,0,70,"","None","2015-11-25 16:22:07","None"
63,4282760055,"JOIN IS NATION","JoinISNation91","I'm back for those who miss me :) Follow Spread & Retweet the news of our Great IS Nation of Khilafah & it's conquests 4 the Free World Lovers ☆Without Borders☆",21,42,0,34,"","None","2015-11-26 07:05:04","None"
64,2817373743,"Snuggledrip","JihadiScrub","#AQ & #IslamicState #news opinions my own, retweets don't always equal endorsements. Ask me stuff i'm an #islamist #libertarian",592,1060,31,33404,"Brooklyn","None","2014-10-08 23:07:24","https://t.co/CdVuQ4Fxvy"
65,1259465114,"omar al kaisy","alkaisy96","hi guys how u doi?.I am muslim and I practice kung fu ...... peace and love! LOL",36,46,0,599,"italy","Rome","2013-03-11 13:27:34","None"
66,4225144815,"Долгожданный Халифат","Muhadjlr13","Борьбу ведите с ними до того мгновенья,пока не будет больше смут и угнетения,и правосудие воцарит и вера в Аллаха.",747,191,6,620,"Исламское Государство","None","2015-11-19 09:14:52","None"
67,4209384554,"Bint Str","Black_lilac1","#41",221,175,1,142,"Blockistan","Chihuahua","2015-11-12 06:04:22","None"
68,3055067522,"Terrormonitor.org","Terror_Monitor","Monitoring terrorist groups globally. We are trying to develop this as a complete online to inform about terrorist outfits, activities and its impact worldwide.",58152,6667,722,12194,"Worldwide ","Pacific Time (US & Canada)","2015-03-02 06:40:14","http://t.co/R7di8CnHH2"
69,2566535282,"Conflict News","Conflicts","Breaking news on global Conflicts. Curators: @GissiSim @MJ_Cruickshank @K_JG1992 @stephen2it @JuliaArciga @ErielleDelzer media@conflict-news.com",114821,1364,2837,42499,"","Belgrade","2014-06-14 05:49:56","http://t.co/A41Rjj4MoE"
70,4357957884,"GENERAL FALLUJAH","GENERALFALLUJA7","If a SOUL is meant to DIE why wont it DIE for its CREATOR",73,52,2,71,"Somewhere in a merciful grave","None","2015-11-25 17:28:39","https://t.co/48sX8Pmryb"
71,4361433912,"OzSalam☝️","OzWitness13","Strike fear into the hearts of the enemies of Allah (8:60)",148,73,0,59,"Dār al-Kufr","None","2015-11-26 01:08:02","None"
72,275653622,"Mohamed Naseem","NaseemAhmed50","Journalist ,Seeking and spreading the truth.",1943,1130,16,4748,"Male'. Maldives.","Central Time (US & Canada)","2011-04-01 18:26:14","None"
73,4199450794,"مھندس عامرالباکستانی","AmirBakistani36","● 35th Account ● The Caliphate Supporter ● Civil Engineer ● I Have Left groups to be part of The Caliphate ● Martyrdom My Goal ● #خلافہ_علی_منہاج_النبوہ#باقیہ",146,323,0,76,"","Pacific Time (US & Canada)","2015-11-16 05:05:33","None"
74,3194099095,"Iosiah","WorldWarTerror","Extremism in the defense of liberty is no vice. Moderation in the pursuit of justice is no virtue. -Barry Goldwater",121,402,1,1295,"Ground Zero, NY","None","2015-05-13 08:00:07","None"
75,3558358638,"Jihadi","jihadi__1","",622,170,2,1328,"","None","2015-09-14 08:40:46","None"
76,4244262379,"Alwalawalbara100","Alwalawalbara89","O hater and Abuser of the Ahlul hadeeth, be happy on establishing your friendship with shaytaan. -Ibn al Qayyim",502,413,0,278,"NO DMS!","None","2015-11-15 09:38:20","None"
77,3264119562,"ᑭᖇᗩY4ᔕᕼᗩᗰ™","minut_lov3r","i'm cats lover. Nutella fans and always retweet Middle East News.",582,463,4,691,"Hazelnut Farm","Pacific Time (US & Canada)","2015-07-01 16:08:22","None"
78,3280164900,"Emerge","04Emerge","Glad Tiding Nation Ummah",360,634,0,560,"","None","2015-07-15 03:20:52","None"
79,3432905596,"Maghrabi Arabie","MaghrabiArabi","I'm not a terrorist , just an Islamic Analyst watching events in the ME. Not affiliated with IS or AlQaeda",150,41,3,404,"Dunya","Pacific Time (US & Canada)","2015-08-20 14:26:20","https://t.co/TfJGcFSTu0"
80,4217376569,"Weaboo ✭ ابن الأزرق","AzraqDaWebo","Silvanist ✭ Protect your Salah & Lower Your Gaze. Ex-NEET #Anime #الفتح_الثاني  (Dont Follow me..) ! فطوبى لمن قتلني  #لا_للردة_الجديدة https://t.co/rj5Tmg3vNC",43,371,0,387,"Where is @intrestho Madara様","None","2015-11-18 11:02:28","https://t.co/XccDDaZ59X"
81,4230087741,"prophetcontinues","bekapanpc15","Prophethood of Muhammad (SAW) continues until Qiyamah. No need of new prophet. The ummat just need to complete the nubuwah. Now era of 2nd Caliphate. Baaqiyah !",89,82,0,103,"Arkhobil","None","2015-11-19 23:35:03","https://t.co/XESWr7kWGE"
82,315710919,"shahrul haidi","shahrulhaidi","Kuala Lumpur. Muslim.",782,2011,15,24331,"kl","None","2011-06-12 09:44:02","None"
83,4285101329,"Abu Lut al almani","al_sayfullah7","",3,19,0,5,"","None","2015-11-26 12:08:05","None"
84,3300800741,"Breaking I News 950K","News3Islamic900","Observer & Reporter who cares for the oppressed and dislike injustice.",597,1961,2,5369,"","None","2015-05-27 19:36:13","None"
85,4112805693,"John IbnWalid","jibnwalid3","RT is not an endorsement. If you're are egg & I don't know you I'm going to block you, it's not personal.",239,275,0,531,"","None","2015-11-04 15:27:01","None"
86,469509327,"Charles Lister","Charles_Lister","Visiting Fellow, @BrookingsDoha & Senior Consultant, The Shaikh Group.US-UK dual national. Author - The Syrian Jihad (https://t.co/31tFdt2Oj9)  #Syria #Iraq",33850,1163,1486,14603,"Doha / Istanbul / DC / London","None","2012-01-20 17:35:08","http://t.co/VHr56uwQAa"
87,70592901,"ابو اسامة الملباري","geek_mujahid","The muslim who is free from the sick of nationalism ,Wish to live in at Least oneday in True Islamic State ..aameen",367,288,9,1756,"","Kuwait","2009-09-01 04:03:06","None"
88,262380992,"Isaac Cohen","IHWCo","Independent Terrorism Analyst |AntiTheist|Atheist|Offensive|Opinions are my own|Research & Study Religious Extremist|#IS|#AQ|#AS|#AN Owned by @Disasterasaurus",1062,142,31,17585,"Tenjoux8@gmail.com","Central Time (US & Canada)","2011-03-07 23:13:11","https://t.co/qYXBTwnEew"
89,4267644885,"Abu Salahudeen","AbuSalaahudeen","Just hear for the news and posting reminders. Creating awareness for Tawheed and giving voice to the aseer",163,58,0,58,"","None","2015-11-24 21:44:36","None"
90,4273804036,"IT Man","IT_Man_006","",156,226,0,153,"","None","2015-11-25 11:05:47","None"
91,4278839122,"Umm Fatima","UmmFatima8","Dutch/English/French - 8th account",197,158,0,24,"Maghreb","None","2015-11-25 22:11:15","None"
92,4276496975,"✴ghuraba fi dunya✴","GhurabaFi","#56❎ bro's no DM's pls ❎ /▶▶☝tauwheed☝◀◀/⭐⭐⭐umm Abisali⭐⭐⭐/ tweets in NL-EN-FR-D-Ar",186,393,0,289,"dar ul none of your business ","None","2015-11-25 17:10:16","None"
93,3121341826,"mohammed","2_mohammed_2990","Assalamu A'alikum , I'm on twitter just to keep up with what is happening in the Middle East ( Muslim world )",200,504,0,808,"","Belgrade","2015-03-27 13:24:28","None"
94,18450890,"Abu Hamza","EastSouthPaw","Muslim, Football (Arsenal), Boxing and Sneakers. RTs ≠ endorsements.Following ≠ endorsements",215,674,1,1183,"UK","None","2008-12-29 15:03:06","None"
95,4274613736,"Abd-El-Rahman","istishhadi5","Mechanical engeneer. I follow ,reporting and comenting situation on M.E.",48,90,0,46,"wilayat Twitter","None","2015-11-25 12:52:50","None"
96,289035065,"Oleg_Msk","apollo_next","Moscow awaking",712,1127,24,42941,"","Moscow","2011-04-27 22:18:10","None"
97,2778249235,"Taifah al mansura","ISairforce","O Allah! You are Peace, and peace comes from You. Blessed You are, O possessor of Glory and Honor.",253,948,0,272,"","Pacific Time (US & Canada)","2014-08-29 10:25:23","None"
98,4188246202,"Rain Qattal","RussiaAKM","♡VERILY THE SLEEP OF THE MUJAHID IS BETTER THEN THE FAST & THE PRAYER OF THE ONE WHO REMAINS BEHIND♡Victory or Shahadat",226,438,0,505,"Punch, Jammu And Kashmir","None","2015-11-14 18:23:29","https://t.co/W3WwqJm4p6"
99,3131094215,"abu mishmish","tmustaphash","Silent Observer.",376,123,1,2192,"","Dublin","2015-04-01 17:05:47","None"
100,762577514,"Bacan Infantry","bacan1453","Islamic Resurrection | Judgement Day | Malhamah Kubro",1493,188,3,8745,"","Istanbul","2012-08-16 23:53:07","None"
101,2908384451,"Константин","viilenin","",592,1247,9,24740,"","Pacific Time (US & Canada)","2014-12-06 22:03:03","None"
102,2427485323,"archicivilians","archicivilians","Freelance Conflict Analyst & Mapper | Military Situation Maps & Reports",12936,86,500,7445,"Middle East & Europe","Baku","2014-04-04 15:45:56","http://t.co/F3aWB1a4xF"
103,3945065967,"ĀMĀZIGHIYĀ","conii93k","|Polyglot| |21| |RT ≠ endorsement or support| |I'm just a soul whose intentions are good| |NO DM's from brothers|",47,20,0,330,"Belgium","None","2015-10-13 09:10:51","None"
104,841153616,"Marshall FR","Chief_MarshallR","Freelance Journalist&Photo. I was military&firefighter. Interested in Jihadism & other mouvements,armed conflict RTs & FAVs are(n't) endorsements",575,589,29,4992,"Copenhague, Hovedstaden","Amsterdam","2012-09-23 06:40:45","https://t.co/AlFFbDcD87"
105,4193041693,"Elbrqawe Ebn Drna","thylelwadi","حسبنا الله ونعم الوكيل وكفى",165,128,0,161,"","Cairo","2015-11-10 18:29:06","None"
106,418759049,"Abu Umayyah Tetouani","StraightOuttaTL","Writer | Poet | Thinker | Reefi | Tetouani",205,90,0,1478,"Cold cell in Blockistan.","Pacific Time (US & Canada)","2011-11-22 14:59:52","None"
107,4199349496,"Abu Layth At-Tamimi","usood165","Help me back..anti-Shabab and anti-AQ..I am against groups and calls towards the unity under one leader!My hijra-advices only limited to Sham",575,55,1,89,"","None","2015-11-16 04:46:06","None"
108,4101004169,"آدم خَانَصُوَري","adamkhanasori","Interested in developments in Syria and Iraq. Not affiliated. RT/like/follow ≠ endorsement.",206,43,0,26,"محافظة الحسكة / قضاء سنجار ","Pacific Time (US & Canada)","2015-11-03 00:44:59","https://t.co/YSk7dNn0q8"
109,2190038624,"بــومة شريرة","Ocr20x6","",2480,40,2,205,"","Pacific Time (US & Canada)","2013-11-12 10:05:07","None"
110,3426955097,"Newscriticus","newscriticus1","Retweeting news from activists about Syria, Iraq, Turkey, Libya, Egypt, Nigeria, and Afghanistan",146,192,2,6593,"","None","2015-08-16 23:27:02","None"
111,4185855039,"Abang Jampang 5","SayureKangkung","backup » @AbangFal «",226,280,0,510,"","None","2015-11-14 11:16:15","None"
112,4276587268,"NewEraJihadi","NewEraJihadi28","Oh Moderate Muslims know that when the oppressed make dua against their enemies that surely you are amongst the enemies.",156,127,0,17,"Prison (Darul Kufr)","None","2015-11-25 17:13:37","None"
113,3895160297,"Abu omar al-iraqi","ahk971","@laithalghab20 got suspended",48,141,0,144,"","None","2015-10-08 01:39:03","None"
114,4182294329,"أبو أسامة الصومالي","CXaafada2","I am neither a journalist nor a military expert.#IslamicState #IslamicPolitics #Somalia",152,31,0,73,"Wilayatu Somaal","None","2015-11-13 23:44:09","None"
115,4218121403,"Observer | مراقب","taw_ops","Interested in Islam, news, wars and conflicts | not affiliated with anyone | RT/follow/fav ≠ endorsement | You have your opinion, I have mine.",452,324,4,315,"The land of Levant","Pacific Time (US & Canada)","2015-11-18 13:11:47","https://t.co/hENwoAcEME"
116,4266987749,"Abu Baseer","TawheedofAllah_","",163,124,1,35,"","Pacific Time (US & Canada)","2015-11-24 19:55:10","None"
117,4218039015,"Abu Youha","abuyoohar","",33,15,0,1,"","None","2015-11-18 13:06:24","None"
118,4127957357,"waadagaalamnaa","EbbeDartis_",".......shall test ⬆...........⁉",23,52,0,3,"","None","2015-11-06 16:14:46","None"
119,3852872579,"ابن الفاروق","QuranAlRahman","Bismillah. Spreading the true Islam through dawah Insha Allah Returning the honor to the Muslims. #IslamicReminders",161,34,0,136,"Mecca","Pacific Time (US & Canada)","2015-10-03 14:02:06","https://t.co/hTr6B0S51C"
120,4172024655,"AM 22","afalwjdaiwd","اشهد ان لا اله الا الله واشهد ان محمد رسول الله",35,82,0,955,"","Pacific Time (US & Canada)","2015-11-12 15:12:42","None"
121,4028248647,"AT 90","uahfaiwhfaiw","اشهد ان لا اله الا الله واشهد ان محمد رسول الله",33,62,0,822,"","None","2015-10-24 01:51:00","None"
122,3387766055,"Naser El Shari3a","NaserElShari3a","Your Security Matters || أمانك مهم",284,356,1,1101,"Earth","Pacific Time (US & Canada)","2015-07-22 18:40:02","https://t.co/RblsGptLog"
123,4023650849,"Abduba","abduba_abduba8","",120,228,0,128,"","None","2015-10-23 10:55:35","None"
124,3631862423,"أبو أيمن الصومالي","NikoRea_","‏‏‏‏‏‏‏ اللهم إني أسالك برضاك والفوز بالفردوس",1256,71,4,422,"الدولة الإسلاميه","None","2015-09-12 14:03:19","None"
125,37182597,"David Thomson","_DavidThomson","Journaliste @RFI correspondant Tunisie/Libye 2011-13 Réal de Tunisie, la tentation du jihad http://t.co/xPF86hHZkM Auteur du livre Les Français jihadistes",65797,933,1031,21165,"Paris","Greenland","2009-05-02 11:44:12","None"
126,4197251885,"من جيل الخلافة","nadzir35","على منهاج النبوة I'm not linked with any group",33,94,0,105,"","None","2015-11-15 22:29:57","None"
127,3162269695,"Salahuddin Ayubi","mobi_ayubi","Journalist, specialize in ongoing war against terrorism.Retweet is not endorsement.",688,948,5,6361,"","None","2015-04-18 09:47:22","None"
128,4066356434,"أم عائشة","_Umm3aysha34___","#34thAcc || GhanimaAccount || No DMs Please!",144,137,0,25,"","Pacific Time (US & Canada)","2015-10-30 07:41:50","None"
129,377920712,"HadidH  حامد حديد","HamidHadeed","محرر الشؤون العراقية في قناة الجزيرة وما أكتبه هنا هو رأيي الشخصي ولا يلزم شبكة الجزيرة التي أعمل فيها",98148,906,469,60126,"Qatar ","Baghdad","2011-09-22 10:24:09","None"
130,255986116,"Mark","markito0171","xxx",14515,439,511,35312,"xxx","Bern","2011-02-22 12:31:37","None"
131,22741371,"The 47th","THE_47th","90% of the time, I'm right all the time. Toppling dictators is very complicated. Views expressed represent CIA/MOSSAD/UFOs/Highest bidder. From #Homs. In exile.",27156,2395,1093,60132,"Novosyria ","Istanbul","2009-03-04 06:09:32","None"
132,4360197012,"SuperMujahid5","supermujahid6","Muslim happy to see Khilafah rebuilt.Baqiyah",169,415,1,391,"Dar al Harb","Pacific Time (US & Canada)","2015-11-25 22:24:34","None"
133,4184157567,"Pajara Verde","_x_pajaraVerde6","",123,68,0,284,"In my cave","None","2015-11-14 06:03:47","None"
134,4350942794,"⚉الأرقـــ دار ــــم⚉","MA6R_951","قد وقعت العلامة بسحابة الترس الكبيرة على نجد ، فهي العلامة بالنصر والفتح العظيم القادم بإذن الله",2457,143,6,28,"","None","2015-11-25 01:51:56","https://t.co/OkqizMOBsV"
135,3379631338,"الكبير ","ligter3","",140,666,0,227,"","None","2015-07-16 23:22:03","None"
136,4146169569,"Cemal Şenlik","cemal_senlik","Sessiz Sakin Biri İşte",351,977,0,882,"Fatih, İstanbul","Pacific Time (US & Canada)","2015-11-09 03:03:55","None"
137,4278612622,"Abu Samir Almaghribi","FollowTheHaQQQ","",417,49,1,11,"","Pacific Time (US & Canada)","2015-11-25 21:41:10","None"
138,4158158777,"حسن زين العابدين","AbuZenDarawii","الان الان جاء القتال",3246,268,9,58,"","None","2015-11-10 18:06:34","None"
139,4158125835,"حسن زين العابدين","AbuZenDarawi78","الحساب الاحتياطي",691,270,1,58,"","None","2015-11-10 18:09:45","None"
140,4195026803,"الغريب001","ghareeb_01","",3183,611,12,1285,"","Pacific Time (US & Canada)","2015-11-15 15:59:43","None"
141,607198443,"Wassim Nasr","SimNasr","- Veilleur-Analyste & Journaliste @FRANCE24 - النّـــــــــاسُ صِنْفانِ: مَوتَـــى في حَياتِـهِمُ / وآخَرونَ -بِـــبَـطْـن الأرضِ أحْــيـــأءُ -",34265,1049,422,30904," RT is by no means endorsing ","Athens","2012-06-13 11:10:50","http://t.co/j4qdmr31HG"
142,1972216999,"د. عبدالله النفيسي","DrAlnefisi","الحساب الرسمي الوحيد د.عبدالله فهد النفيسي أستاذ العلوم السياسية",817591,0,3303,878,"","None","2013-10-19 16:53:11","None"
143,1013888300,"خالد شعبان","Khaled_qahtan","Editor-in-Chief at Radio Sawt Beirut International in Europe Reporting on Syria and Lebanon. RT not endorsement.",68181,60,274,28459,"","Jerusalem","2012-12-15 20:31:10","http://t.co/7wGOeo5kdz"
144,3394552039,"ابو خباب العراقي","ahm7891","",3334,0,5,1,"","None","2015-08-30 16:40:24","None"
145,3662735179,"ماجد اللفتاوي","MajedLeftawi5","حساب المحامي ماجد اللفتاوي . التغريد و إعادة التغريد لا تعني التبني",11242,33,15,2631,"","None","2015-09-23 20:00:51","https://t.co/TnkUuzRq6T"
146,3305304258,"Generation Awlaki","Jizyasoon","You must make the intentions of joining the ranks of the mujahideen. -Imam Anwar Awlakī rahimahullah",2161,295,7,52,"Heart of Green Bird","None","2015-08-03 17:32:45","None"
147,4149699864,"NowresR","NwrorseR","A sunni from Iraq where my people are being massacred and the world is supporting those who kill them..",1950,193,7,153,"Iraq","None","2015-11-06 20:42:27","None"
148,339770545,"مجتهد","mujtahidd","حارث وهمام     mujtahidmail@gmail.com",1452204,75,7117,9509,"الكرة الارضية","Midway Island","2011-07-21 16:43:16","None"
149,538285556,"عبد الباري عطوان","abdelbariatwan","Writer - Author - http://t.co/5LvFoFY8V6 page:http://t.co/mY9eIac3R7",929615,299,2510,10745,"London","London","2012-03-27 16:19:34","http://t.co/Exp2AllgeN"
150,624334932,"Counterattack","meck_van_deeor","Battle of Yarmouk & Battle of Qadisiyyah",2120,40,7,622,"","Pacific Time (US & Canada)","2012-07-02 01:37:25","None"
151,2933715824,"لواء شهداء اليرموك","shohdaaalyarmok","",7628,47,20,5,"","None","2014-12-17 15:47:34","None"
152,3258159232,"ابومصطفى الإعلامي","mohd1709","اعلامي مستقل - معلم سابق",9358,7,36,142,"حلب الصمود","None","2015-05-15 20:47:33","None"
153,962732432,"Muāwiyah","AkhiJibran","CCNP. Interested in Middle East. Muslim Conquests. The love for Shia'a keeps me in blacklist. (Back Again)",676,66,4,964,"Takht-e-Soleymān","None","2012-11-21 17:00:39","None"
154,472962312,"Rami","RamiAlLolah","Close to Real-Time News, Exclusives, Intelligence & Classified Information/Reports from the ME. Leaked many Israeli strikes in Syria/Lebanon. No BACKUP accounts",26971,169,753,15960,"Read my blog","Stockholm","2012-01-24 13:58:57","http://t.co/oIf3peWbMm"
155,3422851438,"Mister Sad Dollar","Coconut_PHD","Mister Sad Dollar living in NYC and working in Wall Street . Peaceful activist , Peace and Love . RT,DM,Tweet,Fav doesn't mean I agree .#freedom_of_speech",1939,1120,11,7275,"Wall Street , New York City .","None","2015-08-14 20:03:32","http://t.co/sbEaKhRXjQ"
156,301324445,"جهازالمخابرات العامة","SYRIA_GID","الجمهورية العربية السورية الحساب الرسمي لإدارة المخابرات العامة للثورة السورية مكتب الأمن الوطني General Intelligence Department of the Syrian Revolution",316308,1124,1476,109723,"Syria دمشق ","Quito","2011-05-19 08:33:13","http://t.co/Gl1rmJDo8f"
157,524467582,"Wael Essam وائل عصام","WaelEssam77","Journalist ( war correspondent , film maker ) صحفي وكاتب عربي",50834,1403,312,19884,"","Abu Dhabi","2012-03-14 15:46:12","None"
158,4212937335,"Abu Bakr al Iraqi","Pashabakr1","Civil Engineer, Chef, Gamer, Reader etc",1435,308,4,570,"","None","2015-11-17 21:37:19","None"
159,4095841253,"أبو سليمآن العدنآني","AL_adnani_75","‏‏‏‏‏‏‏‏‏‏‏‏‏‏• رجلٌ منْ أقْصى المدِينةِ جآء يسْعىحافيَ القدمينِ أشعث الرّأس يشْتهِي ركُوبَ الحِمار وجَندلة رؤُوس المرتَدِّين قرّةُ عَينِهِ أَخيهِ مُحمّد •",2775,101,3,39,"• الـدَّولة الإسلاميَّـة •","None","2015-11-02 07:59:15","None"
160,4219509347,"أبو محمد الدرعاوي63","isisom63","الحساب الإحتياطي",966,147,4,1,"","None","2015-11-18 17:01:51","None"
161,4286066832,"Shaheen Striv3r","v3rStri","Inactive for the moment, I mainly focus on US proxies (sahawat) & their movements in Syria",1018,53,0,147,"Zanzibar South and Central","None","2015-11-19 04:38:16","None"
162,2232116382,"وكالة الأنباء - حق","dawalhaaq","وكالة الأنباء الإسلامية - حق ننقل الأخبار الموثقة التي لا يجرؤ الآخرون على نشرها من مصادرها الأصلية إلى القارئ والمتابع مباشرة",8227,44,11,1080,"","Pacific Time (US & Canada)","2013-12-05 22:48:35","https://t.co/jw5w8fzoko"
163,342480524,"Grevé مم","_dischi_","",204,107,1,661,"","Pacific Time (US & Canada)","2011-07-26 02:34:09","https://t.co/oFNjYzRAWc"
164,4047170027,"Vvv","DawlawiCat","I usually tweet on Global Jihad. I also tweet(occasionally) on the tyranny of the South Asian regimes.PLEASE DO NOT SHOUT ME OUTجزاكم الله خيرا",368,239,0,80,"","Pacific Time (US & Canada)","2015-10-26 15:55:35","None"
165,2596645092,"b. Yahyā al-Maghrībi","Tawheed4all","❝O you who believe! Protect yourselves and your families from the Fire whose fuel will be people and stones (idols).❞ Al-Qurān [66:6]",1499,50,4,676,"XXX","Paris","2014-06-30 17:22:36","http://t.co/8bF2k2BlsB"
166,3654178036,"أبوبكرالعربي","SanawatKhada3at","Analysis based on the Quran & Sunnah. Unaffiliated. Gamer, into geography & Wildlife -RT's, Likes & follows ≠ endorsement",572,42,0,634,"","Pacific Time (US & Canada)","2015-09-14 15:05:12","None"
167,2810364189,"Ibn Al-Anbari","sparksofirhabi1","Follow for reminders. No Fancy Pictures, Just Substance.",1023,86,1,976,"In Your Thoughts","Pacific Time (US & Canada)","2014-10-06 14:02:59","http://t.co/ybjEJGOy1U"
168,397203591,"MuslimPrisoners","MuslimPrisoners","The one who is (truly) imprisoned is the one whose heart is imprisoned from Allaah and the captivated one is the one whose desires have enslaved him. IbnQayim",10920,2246,53,15949,"#FreeMuslimPrisoners","London","2011-10-24 11:29:48","http://t.co/oxl9gOBCCw"
169,3290209467,"Ibn Ahmed ابن احمد","Black_Panther_I","‏‏‏‏بسم الله الرحمن الرحيم",655,99,2,753,"Qatar","Pacific Time (US & Canada)","2015-05-19 17:13:37","https://t.co/tK1g7a8bUc"
170,94794380,"RTIS❇","rtacnt","For global news/updates about war/conflicts esp ME.RT & ♥ ≠ Support",286,217,0,816,"","Central Time (US & Canada)","2009-12-05 13:46:28","None"
171,4196407834,"Islamic Analyst","IslamicAnalyst5","I'm not a terrorist, Analyst observing the events in the Middle East. NOT Affiliated With Islamic State or AlQaeda",736,223,4,880,"","None","2015-11-15 19:48:44","None"
172,3222144356,"AlLubnani","Laysalghareeb2","The liberation of Homs and the opening of the Arabian Peninsula inshaAllah. Disclaimer: I favorite things that I want to read later هي الدنيا ورب البيت تفنى",1156,141,7,598,"هنا وهناك ","None","2015-05-21 09:35:33","None"
173,4232891499,"Sultan Fulaani","iridium_fulaani","Your friendly brother from Mars. Observing the world since 2001. 27th account.",137,28,0,267,"27th Street, Qamar Precint","None","2015-11-20 08:01:35","None"
174,2972239727,"Abu Salman ~MW","rdMW11","",97,303,0,0,"","Pacific Time (US & Canada)","2015-01-10 23:29:20","None"
175,3376197081,"Al Walaa Wal Baraa","MuwahidahYamila","Ahadun Ahad ❌Brothers NO DM!❌",434,251,0,56,"Dar Al Fasad","Pacific Time (US & Canada)","2015-07-14 19:19:21","https://t.co/3zY6RkgRRU"
176,4209342014,"Bınt▪Stēppēs","jt_esmaesma303","#23//What can you do with me? My Jannah is in my heart./Let your faith be bigger than your fear.Remember aseer in your night prayers.❌Brothers NO DM!❌",524,238,2,366,"","None","2015-11-12 05:58:50","None"
177,3434193089,"الاموي⭕️","praistio3","",4268,57,7,16,"","None","2015-08-21 13:37:18","None"
178,4237951228,"حجي بكر الجزراوي","OZm1234","",1724,186,4,61,"","None","2015-11-20 23:02:02","None"
179,1399303916,"[ مُتطرف ] To You ","wabaasher_1OO","To You ,The Creator ,I Raise My Longing & Even If I am An Evildoer , A Criminal , O Posserssor Of Kindness & Generosity",2194,260,4,821,"مخصص للنشر باللغات الأجنبية","Casablanca","2013-05-03 09:29:41","None"
180,194389806,"فهد بوهندي","Fahad_Buhendi","مؤلف ٩ كتب ( #الوظائف + سوق نفسك+ راحة البال + #قادمون + استراتيجية تويتر + الثعابين البشرية). الحساب لتحليل احداث المنطقة وأعتذر اذا تأخرت بسبب كثرة الرسائل",430546,419472,276,23668,"الكتب متوفرة بالموقع مجانا ","Kuwait","2010-09-24 00:44:35","http://t.co/Ls7DJyhsQ7"
181,427140763," د.إيمان مصطفى البغا","sydwael","",10321,25,24,52,"","Athens","2011-12-03 05:00:35","None"
182,2485110664,"فيلسوف الشرق","alshemal77","سائح بـ العقول",1920,284,3,33,"","None","2014-04-14 21:54:16","None"
183,3148509975,"[ مُتطرف ] To You","wabasher_3O","#في_حفظ_الله | محتسب أمري | يقولون #خوارج | اللهم أحفظني وأحفظ أهلي وأهل السنة | اللهم ارحم أبي وإغفر له | اللهم وأنصر دولة منهاج النبوة | 48 | .",901,450,2,73,"كاميران مصطفى عسكر ","Baghdad","2015-04-08 17:00:27","None"
184,2601606667,"أحمد آلـ عبدالقادر","iahmd72","‏(إن معي ربي سيهدين)",1432,107,6,5,"Q8","Pacific Time (US & Canada)","2014-07-03 12:28:55","None"
185,1383012194,"[ متطرف ] To You","wabasher_5X","#في_حفظ_الله | محتسب أمري | يقولون #خوارج | اللهم أحفظني وأحفظ أهلي وأهل السنة | اللهم ارحم أبي وإغفر له | اللهم وأنصر دولة منهاج النبوة | 50 | .",2937,782,6,117,"كاميران مصطفى عسكر","Casablanca","2013-04-26 22:28:30","None"
186,4269071303,"أبو خطاب اليماني","A_S_G_k","",1560,81,4,48,"","None","2015-11-25 00:48:15","None"
187,4072693273,"السلطان سنجر","mad8729","‏‏الطعن في ثغر النحور ، خير منه في اﻷعجاز و الدبور !",2553,112,5,43,"","Pacific Time (US & Canada)","2015-10-30 21:19:33","None"
188,4267247121,"فـهـد الكــويــتي","AntiSaloli","المترجم الكويتي. Anti-Saloli - Anti-Jahil - ISIS is not Islamic, according to Obama.",308,212,1,284,"ولايه نجد Wilayat Najd","None","2015-11-24 20:44:57","https://t.co/4LgwflDLvA"
189,68234732,"منبر الجنة","gvabq","يَا حَبَّذَا الْجَنَّةُ وَاقْتِرَابُهَا طَيِّبَةٌ بَارِدَةٌ شَرَابُهَا وَالرُّومُ رُومٌ قَدْ دَنَا عَذَابُهَا عَلَيَّ إِنْ لاقَيْتُهَا ضِرَابُهَا",625,88,1,34,"","Pacific Time (US & Canada)","2009-08-23 20:58:28","None"
190,4194173153,"محب العدناني ٥٧","dawlawi181","",312,569,0,60,"","None","2015-11-15 13:27:29","None"
191,4283274673,"أبو ريان الـبروناوي","feedtheant6","al faqir ilallah",54,113,0,70,"Borneo","Pacific Time (US & Canada)","2015-11-18 22:18:06","None"
192,115718513,"Damian Paletta","damianpaletta","National security and intelligence reporter at the Wall Street Journal.PGP at http://t.co/mjmNPmXSEr",8008,1231,459,4841,"Washington DC","Central Time (US & Canada)","2010-02-19 17:32:49","http://t.co/bJR9mmokaH"
193,36761331,"Julian Reid","JulReid","Author of The Neoliberal Subject (forthcoming); Resilient Life: The Art of Living Dangerously; The Liberal Way of War; The Biopolitics of the War on Terror.",11283,214,240,2083,"Lapland","Santiago","2009-04-30 20:22:31","https://t.co/ThKfUlKjmf"
194,382306905,"S~","Soso331991","{ ربِّ ابْنِ لي عندكَ بيتًا في الجَنّة }",174,276,0,3755,"Qatar","None","2011-09-29 20:58:23","None"
195,64770798,"Wojciech Szewko","wszewko","Wojciech Szewko PhD, academic, scholar.  Poland. writing (mostly) about Islam, sharia, jihad and Middle East.",11786,666,92,28705,"Poland","Warsaw","2009-08-11 17:16:43","None"
196,1017077611,"Civil Engineer","Haidarah1980","سائح",3681,670,7,976,"","Bucharest","2012-12-17 09:25:01","None"
197,3352507107,"منشق عن حزب الله","mahdi13203505","",78454,123,316,2588,"أحرار حزب الله","None","2015-06-30 23:32:39","None"
198,3080499920,"Obaida aldolaimy","obeada_aa","‏عبيدة عامر الدليمي ..‏‏‏مسلم من سنة العراق ....اعﻻمي يسعى لنقل الحقيقة ...أكره المجامﻻت وأحب طرح اﻻمور كما هي",11049,531,31,2377,"الفلوجة - بغداد","Bucharest","2015-03-14 11:08:59","None"
199,3355900570,"مــؤمـن الـبـغـدادي","momen_rev1","ناشط اعلامي واداري في صفحة الثورة العراقية الكبرى iraqi revolution",10420,436,22,1332,"العراق ","Pacific Time (US & Canada)","2015-07-02 23:31:03","https://t.co/TgDVGpy5OY"
200,3147807231,"ﷲ MILLATU IBRAHIM ﷲ","EbshiruGhuraba","“Whosoever Allah ﷻ wishes good for, He gives him understanding (fiqh) of the Religion.” ~ Prophet Muhammad ﷺ Retweets/Following ≠ Endorsements",1027,9,3,274,"Dunya","Pacific Time (US & Canada)","2015-04-08 13:01:22","None"
201,3433329796,"al-Janabi","Irhabaljanabi","Just a simple Iraqi who cares for the opressed.",940,210,1,140,"","Pacific Time (US & Canada)","2015-08-20 20:49:54","None"
202,3327360542,"Bint Emergent","bintemergent","",1437,1063,11,5317,"Titan World","Pacific Time (US & Canada)","2015-08-23 22:49:15","http://t.co/5vFZRH7l0e"
203,636791961,"Abdel Rahman","VivaRevolt","Retweet =/= endorsement,History Major,Analyzing the Situation in Syria,Egypt,Iraq,Kurdistan,Libya,Weather,Ukraine #FreeSyria RU18 US Elections 2016",4059,1871,144,43733,"","Eastern Time (US & Canada)","2012-07-16 05:03:26","None"
204,2832479888,"Hassan Ridha","sayed_ridha","RT =\= Endorsement",9282,640,294,32236,"Tartous, Syria","Jerusalem","2014-09-26 03:22:33","None"
205,3624870316,"Abou Hatim La Haye","AbeHatim7","",152,167,0,10,"","None","2015-09-11 22:30:38","None"
206,569699901,"Y","Y715th","",13111,38,15,10950,"","Central Time (US & Canada)","2012-05-03 02:30:41","None"
207,1319700061,"Abu Hanzalah","abuhanzalah10","''Fighting has Just begun''",150,130,0,49,"","Pacific Time (US & Canada)","2013-04-01 05:08:51","None"
208,3240425845,"أبو معاوية السوري","binn234","‏‏ولدت و ترعرعت تحت نظام الجحش اﻷسدي. جندي من جنود الخلافة. مدرس لغة إنجليزية سابق. معتقل سابق في فرع فلسطين 2011",88,209,0,352,"","None","2015-06-09 03:14:16","None"
209,3907587646,"Abu al-Qacem Sfaxian","abul_qacem50","one Call.. one Banner.. one Leader       50th Account",918,82,2,23,"World","Pacific Time (US & Canada)","2015-10-09 09:05:24","None"
210,3968780219,"Al khalidi","khalidi4sham1","political analyst, political reporter, report on news from Syria and MENA, latest updates from Syria especially northern Syria, anti-Assad and his allies ;)",741,634,9,917,"","None","2015-10-16 02:04:36","None"
211,3939483914,"خالد مقدم الشام","AbuKhaledSham","",171,209,0,20,"طرابلس الشام ","None","2015-10-18 20:22:43","None"
212,3908234667,"Abu al-Qacem Sfaxian","qacem51","One Call.. One Banner..  One Leader",912,11,1,98,"World","Pacific Time (US & Canada)","2015-10-09 11:01:06","None"
213,3633693082,"F1ea1337","F1ea1337","#Sy",992,272,28,1239,"","London","2015-09-12 17:56:02","None"
214,428140124,"Julian Röpcke","JulianRoepcke","Journalist - Political editor @BILD / GER This is my private account. RT+♥ ≠endorsement",30167,680,1331,64579,"Germany","Ljubljana","2011-12-04 11:42:45","https://t.co/U04M82WYn6"
215,4150457415,"Abou Naba'a","Ansar_AlSharia0","il prétendent que la bataille et sur le point de prendre finEt ensuite surviennent les frappes,et le monde voit les expéditions victorieuses des Moudjahidines",288,64,1,185,"","None","2015-11-09 17:04:06","None"
216,4202754375,"Marwan Majdi","MarwaanTunsi","Independent journalist, family first, animal lover. https://t.co/Ip66ecL0Uy",1351,177,7,606,"Berlin","Pacific Time (US & Canada)","2015-11-16 15:46:31","None"
217,4243259834,"Kashmiri Witness","Kashmiriwtns23","#23acc Exploring the causes and consequences of the armed conflict, #Kashmir |#Eyes On #Middle_East,",470,148,2,79,"","None","2015-11-15 07:35:07","None"
218,4194272667,"ارفلون","arflon20","",7120,129,24,144,"","Pacific Time (US & Canada)","2015-11-15 13:54:16","None"
219,3294988080,"wayf44rer","wayf44rer15","Reporting news & exposing crimes. Follow/Like/(Re)Tweets NOT endorsement. Lovely header photo. Tweets for informational purposes.",832,290,6,227,"Middle of Nowhere","Pacific Time (US & Canada)","2015-07-26 11:43:49","None"
220,4322290512,"راصد","mastafa785","",2535,203,8,43,"","None","2015-11-22 11:10:29","None"
221,4192056027,"ابو خولة المهاجر","abukhawlamhj","جندي في جبهة النصرة .تنظيم القاعدة في بلاد الشام.  Nusra Front AQ.  News & updates from the blessed Sham",312,483,2,55,"شام الرباط و الجهاد","None","2015-11-15 06:53:29","None"
222,358459982,"Pieter Van Ostaeyen","p_vanostaeyen","Historian, Arabist & Islamicist. Working as an Enterprise Architect. Blogs and tweets mainly about Jihad in Syria & Iraq and foreign fighters",16625,1066,598,40048,"Mechelen, Belgium","Brussels","2011-08-19 23:39:22","https://t.co/ToElsLxm28"
223,4008535756,"الشاهد السني العراقي","elshahediqiq","إعلامي غير مستقل",6996,287,11,563,"","Pacific Time (US & Canada)","2015-10-21 09:32:53","None"
224,277778963,"H e b a","HK2307","Focused on Middle East politics • Interested in world affairs • Pro-resistance •",6018,51,175,14900,"Getting coffee","Melbourne","2011-04-06 00:59:55","None"
225,3381872608,"Salahuddin al-Kurdi","muwahid__47","",89,31,0,17,"","None","2015-07-18 14:55:36","None"
226,619154351,"مراسل حلب","Halab__JN","المنارة البيضاء للإعلام الإسلامي",12754,8,70,149,"حلب","Pacific Time (US & Canada)","2012-06-26 15:06:15","https://t.co/gxexLsYEbJ"
227,1512407119,"War Reporter","War_Reports","Reporting, analysing and discussing conflicts and terrorist movements, with a focus primarily on MENA. Senior Terrorism Analyst at the War Reporting Institute.",4052,618,26,3655,"München, Deutschland","Dublin","2013-06-13 04:27:57","None"
228,2752581300,"ArabFree","ArabFreeeeeeeee","‏‏‏‏‏‏‏‏‏‏‏‏‏‏‏عاشق للحرية و الكرامة. سلامي إلى غزة الصامدة الأبية وإلى سوريا الجريحة و إلى عراق الفلوجة. اللهم أحفظ القدس و المسجد الاقصى. انا لا اتبع لاي جهة",3681,909,11,48596,"","Paris","2014-08-21 17:15:41","None"
229,3596798055,"عُـيُـونُ الأمّـة","oyon_oomaa","حسابٌ مُناصرٌ لـ #الدولة_الإسلامية وعيونٌ لأمتنا؛ ينشر الأخبار الرسمية نقلاً من إعلام الخلافة وغير الرسمية المُوثقة فقط؛ وندحض الشبهات حولها",574,0,3,1,"","Pacific Time (US & Canada)","2015-09-09 09:13:57","None"
230,4248287654,"EPIC","EPlC15","#51-bro",1030,57,0,375,"","None","2015-11-15 18:29:47","None"
231,4217481951,"JOIN IS NATION","JoinISNation89","I'm back for those who miss me :)Follow Spread & Retweet the news of our Great IS Nation of Khilafah & it's conquests 4 the Free World Lovers ☆Without Borders☆",141,38,0,14,"","None","2015-11-18 11:31:02","None"
232,1979108281,"আবু x-nvisor আবু","xnvisor1","x-nvisor元さゲーム全般とアニメとパソコンとスマ Just for the news around the world. Contact: Passionate advocate for information privacy.",373,293,1,143,"Turkey Creek, IN","Pacific Time (US & Canada)","2013-10-21 15:22:04","https://t.co/BOYJlUGQ6I"
233,269115046,"أبو صفية المغربي","abusafmaghrebi","Nanotechnology Engineer reading, sharing and commenting on world news.",1312,357,6,246,"","Pacific Time (US & Canada)","2011-03-20 03:52:40","None"
234,189662629,"GEOrge","ArtWendeley","CT hunting, Syria, Iraq, Ukraine | Avatar is reference to our dark past.",4971,1788,258,69894,"","Athens","2010-09-11 21:58:33","None"
235,4341309852,"YmY","y_farasha","Just here to following the News ,Rt,like # endorsement",284,161,0,48,"","None","2015-11-24 04:55:36","None"
236,4264869867,"Mountain Man","mount_45_pj","Mountains Don't lie....People lie",515,429,0,116,"","Pacific Time (US & Canada)","2015-11-24 13:41:26","None"
237,4276622241,"Ali","AbbdurRazaq","Kuffar don't @ me",187,108,0,20,"","None","2015-11-25 17:33:33","None"
238,27970210,"Pieter Nanninga","pieternanninga","Assist. prof. Middle Eastern Studies, University of Groningen | jihadism, media and violence | tweets in personal capacity | (R)T/follow/fav. ≠ endorsement",3814,374,94,783,"Groningen, The Netherlands","Amsterdam","2009-03-31 21:41:38","http://t.co/5FlMHibkR8"
