0,4290491053,"Saif Al Kanadi","saif__alkanadi","Be wolves on the earth for each man amongst you can be equivalent to an entire army",14,1,0,2,"Dar al kufr ","None","2015-11-19 13:53:13","None"
1,3633625757,"Abou Al-Haq (الحق)","aboumusulman4","۩ BismilLahi Ar-Rahman Ar-Raheem۩ • Al Faransi • Al Belgiki • Baqiya •",181,199,0,198,"","None","2015-09-12 17:54:47","None"
2,4188316827,"Rafidi Hunter6","memadig","The Islamic State the state for all muslims will remain and expand by the will of Allah swt alone.",58,167,0,770,"Wilayat Twitter","None","2015-11-14 18:56:58","None"
3,4224557439,"Bu Ibrahim Khurasani","buibrahim14","#PrayForRaqqah",73,107,0,23,"","None","2015-11-19 07:29:40","None"
4,4223549434,"umseyfulahkhurasanya","desrtcat","zawjatu Ibn Salahaddin Al kurdi❤",190,109,1,42,"in the ❤ & soul of Abu Meryam","Pacific Time (US & Canada)","2015-11-19 04:07:40","None"
5,4149922471,"Integrity","Integrity2992","A Muslim sister who supports justice, integrity and truth = ISLAM☝️☝️☝️",19,58,0,121,"","None","2015-11-06 20:54:48","None"
6,4222976235,"Abu Muhajir","abu_muhajir9","#9th account.",73,88,0,24,"","None","2015-11-19 02:45:03","None"
7,4288730594,"Yoesoef","dieinyourrage8","",85,294,1,21,"","Pacific Time (US & Canada)","2015-11-19 10:15:43","None"
8,4225183409,"IslamSupreme","ibn_nur15","",30,52,0,18,"","None","2015-11-19 09:12:38","None"
9,4214706003,"Abu Saif","ab_saif33","",80,162,0,127,"","None","2015-11-18 02:56:18","None"
10,4263566598,"Nutella Lioness","3nrageKuff4r","Back again as always! haqq always prevails!!! falsehood will perish!!!",21,4,0,3,"","None","2015-11-17 03:48:43","None"
11,4285507032,"أبو عبد الله","jundullah26","love the footsteps of the noble ones",170,138,1,32,"","None","2015-11-19 03:25:22","None"
12,4285580294,"Abu hamza","zauwad_13","",28,181,0,1,"","None","2015-11-19 03:25:31","None"
13,3392877862,"IraqWitness/صومالي","I_Witness_Back","Political Analyst. Pledged allegiance to #Slytherin in 2007. I like Starbucks and white girls with brown hair.",680,317,5,1235,"Somalia","Pacific Time (US & Canada)","2015-07-28 22:42:46","None"
14,4222822523,"Ūмм Снесн","Umm_Chechhh","#FreeMuslimPrisoners      #Pray4Shaam      #DieInYourRage",235,131,0,7,"","None","2015-11-19 02:08:54","None"
15,4262004674,"abu hamza","21abuhaqq","",123,175,0,107,"","None","2015-11-17 00:15:52","None"
16,4222447883,"Abu Samir Almaghribi","FollowTheHaQ77","",253,54,2,24,"","Pacific Time (US & Canada)","2015-11-19 01:03:05","None"
17,4165946297,"Mr Abu Waheeb","mr_waheebb","",106,219,0,147,"","None","2015-11-11 19:28:03","None"
18,4188500919,"Ibn Abdiqany Alsomal","ibn_abdiqany","here for a season and a reason",303,60,0,33,"","None","2015-11-14 19:30:10","None"
19,4265141953,"vrrfb","vrrfb1","",54,92,1,130,"","None","2015-11-17 06:57:02","None"
20,4186529729,"Striving4______","umm_Z1khtru97","And never think of those who have been killed in the cause of Allah as dead. Rather, they are alive with their Lord, receiving provision. Surah Ali Imran 3:169",190,123,0,13,"24th","None","2015-11-14 13:13:22","None"
21,4283451978,"Abi Ramzi","AbuRamzi20","Join this telegram English channel for updates on the Khilafah https://t.co/QX135kUX4h",345,44,1,19,"","None","2015-11-18 22:57:50","https://t.co/zc4xscNnJ6"
22,4283541432,"IT Man","IT_Man_003","",126,148,0,67,"","None","2015-11-18 23:09:34","None"
23,4221871870,"StrivingforJennah","BirdsOfJennah","I'm here to connect with the world in sha Allah :) ☝",74,410,0,0,"","None","2015-11-18 23:12:19","None"
24,4219681600,"Fisebilillah","Luv4AllahsDean","Supporter's of Allah Dean. Retwit Not equal to Endorsement.",47,140,0,20,"Athens, OH","None","2015-11-18 17:19:35","https://t.co/ualrUsDjXA"
25,4282209912,"J Warrior","jwarr999","9th",31,41,0,10,"","Pacific Time (US & Canada)","2015-11-18 20:16:14","None"
26,4215962955,"General Fallujah","GeneralFalluja5","If a soul is meant to DIE why wont it DIE for its CREATOR",61,63,1,35,"somewhere in a merciful grave ","None","2015-11-18 06:51:01","https://t.co/vCJwaBiHXj"
27,4215779716,"Khadijah Muhammad","Khadijah_Islam9","Do all what you can, fight to the last man, spend to the last cent, the caravan will continue. ☝~ Imam Anwar Al-Awlaki~",181,126,0,59,"","None","2015-11-18 05:56:13","None"
28,515244441,"Abu Fulan al Fulani","abufulanalfulan","",17,57,0,99,"Fulanistan","Jerusalem","2012-03-05 08:30:54","None"
29,4172656461,"Maghrebi مشاهد مغربي","MaghrebiWTNSS","Nanotechnology Engineer interested in world events and geopolitics. News & Comments on news...",1036,346,6,135,"","Pacific Time (US & Canada)","2015-11-12 17:07:27","None"
30,2878126844,"☪","Ghaaaaarreeeb","باقية",925,1762,0,3485,"","None","2014-10-26 10:33:28","None"
31,4270536252,"Abu Omar","abu_omar__1113","Et ce qui est à venir sera pire et plus amer.",32,38,0,16,"","None","2015-11-17 18:56:05","None"
32,4217481951,"JOIN IS NATION","JoinISNation89","I'm back for those who miss me :)Follow Spread & Retweet the news of our Great IS Nation of Khilafah & it's conquests 4 the Free World Lovers ☆Without Borders☆",67,45,0,14,"","None","2015-11-18 11:31:02","None"
33,1157251392,"Caliphate observer","atifabbasi13","Lives in Pakistan and a war analyst.",586,1870,1,278,"Islamabad","None","2013-02-07 14:17:01","https://t.co/Xg9NgVwNiP"
34,4216201959,"❤UmmFirdaws❤","fatimatje_96","❤ searching for the straight path... may Allah subhanuhu wa ta3ala guide me ❤ *baqiya*",86,72,0,22,"wilayat twitter","None","2015-11-18 07:35:18","None"
35,4202440421,"★Ghuraba★","bintislamiya8","(Ummabassbritaniyya)Allahumma ansur ikhwana Mujahideen Fisabilillah fi kulli makan#7",27,22,1,14,"mind your own business","None","2015-11-16 14:40:54","None"
36,4208302455,"Wilayat Al Somaal","alshababbayah","",150,73,1,125,"","None","2015-11-17 08:25:53","https://t.co/LoC269hR3A"
37,4209342014,"Bınt Stēppēs","ummH_esma1305","#23acc/What can you do with me? My Jannah is in my heart.~Let your faith be bigger than your fear.Remember aseer in your night prayers~",230,138,1,44,"Far away from dear people","None","2015-11-12 05:58:50","None"
38,3362127063,"Umer Afghani","Umerafghani2","",515,15,2,13,"","Pacific Time (US & Canada)","2015-07-06 10:08:51","None"
39,4149699864,"NowresR","NworseR","A sunni from Iraq where my people are being massacred and the world is supporting those who kill them..",1745,200,7,144,"Iraq","None","2015-11-06 20:42:27","None"
40,4167035037,"Jazrawi_Uooud","Jazrawi_Uooud","#PrayforRaqqa",871,412,4,144,"","Pacific Time (US & Canada)","2015-11-11 23:04:12","None"
41,4268971754,"Abu Rayan al 'Arabee","Ibn_Tawheed18","Kik; ZaidofArabia | Telegram; AbuRayanSham | Brothers only*",130,22,0,4,"The Islamic State.","None","2015-11-17 15:22:58","None"
42,4212937335,"Abu Bakr al Iraqi","Pashabakr1","Civil Engineer, Chef, Gamer, Reader etc",632,321,1,105,"","None","2015-11-17 21:37:19","None"
43,4204431467,"Aboe Jandal","safwaan00425286","",76,104,0,19,"","None","2015-11-16 20:25:10","None"
44,309222606,"Abū Yahyā al-Alwān","Speedy_Villain","“Even if you cut off my head, I will not say that!”",3480,228,37,57749,"Prisons of Sa’ūd","London","2011-06-01 18:51:53","None"
45,4088059504,"Abisali","Abisali3737","Baqiyah Family",86,236,2,15,"khalifah","None","2015-11-01 06:26:11","None"
46,4214732434,"Islam_Is_Peace5","Islam_is_Peaceq","back up account #3  Female- Supports Sharia Polygamy -baqiya",3,3,0,5,"Dunya ","None","2015-11-18 02:39:57","None"
47,3302865392,"دولت اسلامیہ خراسان۔","QasimKhurasan","",188,161,0,180,"خراسان","Pacific Time (US & Canada)","2015-08-01 00:32:14","None"
48,4212723633,"Umm Talha","_Umm_T","Who hears the verses of Allah recited to him, then persists arrogantly as if he had not heard them. So give him tidings of a painful punishment. Quran {45:8}",204,52,1,90,"Cave","None","2015-11-17 21:00:42","None"
49,4214034976,"Islam_is_Peace","Islam_is_Peacex","got suspended  new account #2  back again-student-female  Baqiya",104,138,0,186,"","Pacific Time (US & Canada)","2015-11-18 00:33:59","None"
50,4204601806,"أبو أسامه المغربي","Almaghribiii6","Islam deen al haqq // green bird in sha Allaah // Free Aseer // From Bilad Al Kufr // Dutch English",102,47,0,54,"","None","2015-11-16 20:43:34","None"
51,3863246975,"مسليم","Mujahidlhabeshi","",52,205,0,155,"","None","2015-10-04 16:31:37","None"
52,4174611761,"Abu Zakariyya","CheapAloo","Baqiya wa tatamaddad",253,230,1,204,"Dunya","None","2015-11-12 22:55:59","https://t.co/6Zrs3KZ6Y3"
53,83562077,"ISMAIL ABDUL JABBAR","emailayashots","ISMAIL ABDUL JABBAR AL -BRAZILI",255,125,0,99,"IS","None","2009-10-19 09:34:30","None"
54,3170237362,"umm Nusaybah","ummNusaybah86","Dutch || niqab || revertif i get suspended again-- telegram: justm86",173,171,0,112," dunya for now ","None","2015-04-15 14:16:28","None"
55,3952368381,"Lion of Tawheed","psilaha","",21,29,0,34,"","None","2015-10-14 03:50:05","None"
56,2196494912,"Abu Dujana","mhteeg105","",241,100,2,80,"","Pacific Time (US & Canada)","2013-11-15 19:22:23","None"
57,4116167535,"Mujahid Shaheed","MujahidShaheed7","",39,51,0,1,"","None","2015-11-05 02:12:53","None"
58,4209209614,"Mustafa al Iraqi","mustafaklsh13","",470,56,1,30,"","None","2015-11-17 10:55:22","None"
59,4209579989,"Wife of Shahīd","ommabbass","zawjati @maxabbes4 rahimahullah,  al muhajirāt fi khilafah",305,56,1,13,"الدولية السلامة ","None","2015-11-17 12:12:28","None"
60,4210256247,"Umm Hussain","birdofIS_1","Dawlah Islamiya baqiya! / no DM brothers pls",120,47,0,47,"","None","2015-11-17 14:16:59","None"
61,4263433572,"NewEraJihadi","NewEraJihadi26","",198,101,1,29,"","None","2015-11-17 03:31:21","None"
62,3085242986,"ابو زبير ويغري","abou_zubair","https://t.co/RWJ0FcpOIb",153,296,0,497,"","None","2015-03-15 13:18:00","None"
63,3885013461,"devoted_in_Dhikr","AbuHafsaBritani","living under the shade of shariah alhamdulillah. stack deeds act humble! baqiya bi'ithnillah ☝️",931,321,3,44,"dawlatul islam","Pacific Time (US & Canada)","2015-10-07 00:01:24","None"
64,4228692859,"Kuwaiti","refase123","Sheikh Barack bin Hussein al amriki, mufti of murtadeen.",345,440,0,219,"White House البيت الابيض","None","2015-11-13 23:51:07","None"
65,4192495911,"Nasiha Baass","baass_Nas1ha_21","",97,90,0,149,"","None","2015-11-15 08:20:37","None"
66,4208168483,"Teukualif","pasaialif14","Aceh Syariat Islam",100,93,1,49,"","None","2015-11-17 07:50:30","None"
67,4199876381,"Abu Layth At-Tamimi","usood146","Help me back bros..We ask Allah to make us among the sincere muhajireen!",156,37,0,52,"","None","2015-11-16 06:37:32","None"
68,4208448862,"umm Abisali","abisali82","#52revert/ proud single mum ☝/❎ bro's no DM's pls ❎ / ❤love my baqiyah family for the sake of Allah!!❤/tweets in NL-EN-FR-D-Ar",282,293,0,189,"","None","2015-11-17 08:32:06","None"
69,4208376981,"Anak Sabil","anaksabil13","",75,57,0,28,"","None","2015-11-17 08:40:05","None"
70,4200576196,"Abu Dujana","fr33palestine_2","Back from #suspension; #shoutout and follow!Medical doctor and research scientist. Haqq will prevail.",77,51,0,17,"Dar al Kuffar","None","2015-11-16 08:36:12","None"
71,4204615407,"YahMila","YahMila1","Almachtige zegt: فَاعْلَمْ أَنَّهُ لاَ إِلَـهَ إِلأاللَّهُ “Weet, dat er geen wetgeving/ordening/heerschappij is dan die van Allaah”(47:19). [#GETROUWD ❤️]",115,326,0,30,"NL (Bilad lkufr fitan & fasad)","None","2015-11-16 21:05:18","None"
72,4263409706,"Saiful Islam","BlackFlagUK11","",250,200,0,17,"","None","2015-11-17 03:18:47","None"
73,4157583099,"Ghazwat Witness","GhazwatWitness","Willayat Somal... Coming Soon In shaa Allah",122,372,1,64,"","None","2015-11-10 16:27:42","None"
74,4261774693,"Khilafah Superstate","khlifa29a111","29 Account",133,94,0,73,"Dār al-Kufr","None","2015-11-16 23:38:33","https://t.co/9DtNBGCn9n"
75,3941650753,"x-nvisor","xnvisors","元さゲーム全般とアニメとパソコンとスマ @xnvisor1  Just for the news around the world. Contact: Passionate advocate for information privacy.",516,158,4,192,"you dont get this","Pacific Time (US & Canada)","2015-10-19 00:57:36","https://t.co/BOYJlUGQ6I"
76,1979108281,"x-nvisor","xnvisor1","元さゲーム全般とアニメとパソコンとスマ @xnvisors Just for the news around the world. Contact: Passionate advocate for information privacy.",103,118,1,0,"PrayforRaqqa","Pacific Time (US & Canada)","2013-10-21 15:22:04","None"
77,4188295137,"Umm Aisha Nigeri","umm_nigeri","Muslims don't fear the blame of d blamers",328,183,0,231,"","None","2015-11-14 18:52:59","None"
78,4205304629,"Umm Zubayr","UmmZubayr_IS","Al-wala' wa-l-bara' .",145,95,0,20,"","None","2015-11-16 22:56:37","None"
79,2221304628,"Ali","moreCambridge","",202,61,0,27,"Kuffar don't @ me","Pacific Time (US & Canada)","2013-11-29 11:50:38","None"
80,4202754375,"BaniHillal","MarwaanTunsi","",685,171,5,124,"","Pacific Time (US & Canada)","2015-11-16 15:46:31","None"
81,4192076775,"Fisabilillah02","fisabilillah02","",19,83,0,8,"","None","2015-11-15 06:57:31","None"
82,882122846,"WifeOfAShaheedd","OneOemmah","To overcome evil with good is good, to resist evil by evil is evil.",604,89,0,3494,"","Athens","2012-10-15 11:25:33","None"
83,4223027232,"غريبة شامية","bcfjdj1","françaises convertir alhamdoulillahغريبة الروح شامية الهوى ...",829,487,0,173,"#تتمدد","None","2015-11-13 11:50:06","None"
84,3298689091,"umar mujahid","umarmujahid50","",520,714,2,11,"","None","2015-07-27 20:57:19","None"
85,462715260,"#BringBackOurGirls","SholaKassim","CEO Lazeezah Spices, Unappologetic Hijabi Muslimah, Passionate about Islam.",274,1507,2,796,"Lagos, Nigeria","None","2012-01-13 08:11:29","http://t.co/4EiEYsGc"
86,4196362827,"Al Baraa","g8670062_8","وَلِلَّهِ الْعِزَّةُ وَلِرَسُولِهِ وَلِلْمُؤْمِنِينَ وَلَكِنَّ الْمُنَافِقِينَ لا يَعْلَمُونَ",347,201,0,185,"#FreeMuslimPrisoners ","None","2015-11-15 20:00:50","None"
87,4169142203,"Bint Stranger","Umm_AbdlMatin2","#39",312,104,0,294,"Blockistan","Monterrey","2015-11-12 05:48:03","None"
88,4092710053,"Abu Ali Al Hindi","al_munaseer01","",128,215,3,424,"","None","2015-11-01 16:45:51","None"
89,151402501,"Masehullah Bin Yakub","Maseehullah","•Not Part Of Any Organisation",456,1814,0,107,"","None","2010-06-03 09:47:24","None"
90,4202096733,"Abu Hussain Brazilli","BaqiyahIS_","We will burn America , random muslim brazilian",55,26,0,28,"","None","2015-11-16 13:47:36","None"
91,38328375,"x","AbdulGhafurcom","",563,490,1,205,"x","Eastern Time (US & Canada)","2009-05-07 01:08:45","None"
92,210997813,"Aymenn J Al-Tamimi","ajaltamimi","انا طالب من جامعة اكسفورد وباحث مهتم بالاخبار الجهادية في بلاد الشام والعراق اضافة الى سياسة  العالم الاسلامي",16491,1299,702,37357,"Quneitra","Amsterdam","2010-11-02 00:47:59","http://t.co/9tmm4nFFL9"
93,4248287654,"EPIC","EPlC15","#51-bro",682,56,0,179,"","None","2015-11-15 18:29:47","None"
94,3046251019,"Wal Islam","itsatif901","M Back after suspension..In search of right path #IS",68,86,1,104,"India","Pacific Time (US & Canada)","2015-02-27 11:02:24","None"
95,285894459,"Kawthar","kawthar1881","Islam till I die...Allah's face is our desire!!!",100,216,0,452,"temporary world , Londoner","None","2011-04-22 00:14:26","None"
96,4090566857,"Umm Dujana","UDujana","Muwahidah☝. Brothers no DM",208,239,1,86,"","None","2015-11-01 14:49:44","None"
97,3538066759,"Sarah Ali","zak_umm","",103,620,0,140,"","None","2015-09-12 12:51:09","None"
98,3612215243,"abu bilal","khifadena","join  the  caravan,don't  wait,it's  moving",282,247,0,66,"","None","2015-09-10 18:29:18","None"
99,3387513519,"Umm Qisās Asomāliyah","halaawatul_eman","'We have smelled misk coming from our Loved ones & the light in their faces didn't seem sad. As if the hūr called them saying: Come O my love to tranquillity'",1075,219,7,576,"Certainly not in your dms ","Pacific Time (US & Canada)","2015-07-22 16:24:28","None"
100,2991555917,"Maya","cutemaya20","",84,486,1,8,"","None","2015-01-22 05:55:24","None"
101,4133971299,"M.-_-","jesuisinghimasi","طالبة علم الأحياء--- مناصرة الدولة الأسلامية- ^_^اكره الأستسلام امام الكفار -_-",69,84,0,23,"Amsterdam, North Holland","Pacific Time (US & Canada)","2015-11-07 12:11:13","None"
102,4198789629,"Mountain Man","MountAfrica_ii","Mountains don't lie....People lie",478,601,2,226,"","Pacific Time (US & Canada)","2015-11-16 03:22:12","None"
103,3280164900,"Emerge","04Emerge","Glad Tiding Nation Ummah",344,655,0,531,"","None","2015-07-15 03:20:52","None"
104,3335710774,"Latifah Rashid","latifah_ow1","☝   الله أكبر",85,177,1,14,"","Pacific Time (US & Canada)","2015-06-19 22:24:24","None"
105,4196407834,"Islamic Analyst","IslamicAnalyst5","",358,114,2,295,"","None","2015-11-15 19:48:44","None"
106,4196592155,"Oum SawarimSomaliyah","ummubaydullah15","Stranger among the Strangers. | Eng & Dutch",186,195,0,48,"Dunya","None","2015-11-15 20:32:25","None"
107,4243259834,"Kashmiri Witness","Kashmiriwtns23","#23acc Exploring the causes and consequences of the armed conflict, #Kashmir |#Eyes On #Middle_East,",353,172,2,48,"","None","2015-11-15 07:35:07","None"
108,3241190323,"Muslim Witness 2","moslemwitness2","anti democracy Rts not endorsementRt war news.. Not associated with any group or media",859,834,4,3165,"","None","2015-06-10 08:16:05","None"
109,4175579183,"Umm Mehz","meh38Za","",245,269,0,388,"","None","2015-11-13 02:02:19","None"
110,4192811943,"Salma","Salma_Umme18","Twitter suspends me for being Anti Alqaeda , Which side are you on Twitter? oh wait , Alqaeda & Jabhat alNusra are now western controled! makes sense!",280,306,1,485,"","None","2015-11-15 09:21:46","None"
111,4244262379,"Alwalawalbara100","Alwalawalbara89","O hater and Abuser of the Ahlul hadeeth, be happy on establishing your friendship with shaytaan. -Ibn al Qayyim",254,278,0,46,"","None","2015-11-15 09:38:20","None"
112,4163817887,"Abu Khaleed Al-Iraki","AbuKhaleedIraqi","Abu Khaleed Walid Al Bayiati Al Iraqi Al Quraishi Al Hussaini Al Hashimi//////////Languages:german, arabic, kurdish, english",78,85,0,4,"","None","2015-11-11 12:42:27","None"
113,4131380430,"prophetcontinues","pc13simpanan","Muhammad (صلى الله عليه و سلم) prophethood continues up till the last day. His ummah is to complete  the nubuwah. Now era of the 2nd Caliphate: #Baaqiyah ! #IS!",190,86,0,507,"Arkhobil Land","None","2015-11-05 04:57:13","https://t.co/XESWr7kWGE"
114,4190843668,"Ummah Bleeding","UmmAhBleeding2","",174,60,0,105,"","None","2015-11-15 02:32:00","None"
115,4188246202,"Rain Qattal","RussiaAKM","Victory or Shahadat",109,348,0,63,"Punch, Jammu And Kashmir","None","2015-11-14 18:23:29","https://t.co/W3WwqJm4p6"
116,4188561917,"Abu Kauthar Somali","AbuKauthar7","If you fight it, it will only get stronger & tougher, & if you leave it alone, it will expand.",227,171,0,64,"","Pacific Time (US & Canada)","2015-11-14 19:32:03","None"
117,3242967482,"Pearls In The Mud","Umm_LuLu91","❤I'm nothing but I'm striving to be Miss Akhirah❤Wanna be Syaheedah , Brother's don't DM !!! my 12th acct",254,213,1,172,"","None","2015-06-12 05:42:29","None"
118,3589362263,"Umm Lina","UmmLina72","Prisoner of this Dunya Acc #7",323,104,1,75,"","None","2015-09-08 16:29:39","None"
119,4189607385,"Amar Iqbal","crazycaves35","",18,41,0,2,"","None","2015-11-14 22:53:59","None"
120,4152027975,"Ben Isa","ben7491","",89,210,1,93,"","None","2015-11-09 22:04:30","None"
121,4145841633,"Sayf al-Dawla","turmeda000313","I want to kill Shaitan with my hand.",79,101,0,117,"","Pacific Time (US & Canada)","2015-11-09 01:57:41","https://t.co/kUlvUwCUGR"
122,3184236059,"Jad'Hamiss2","JadHamiss2","étudiante   Student",150,142,2,166,"","None","2015-04-19 19:07:59","None"
123,4228699704,"AlFarisa","UmmChattouille","dislikes rape and torture.",356,261,1,644,"","Pacific Time (US & Canada)","2015-11-14 00:08:41","None"
124,3358925169,"Hamza Ansari","Ansr39711","#6   DM for SS & W   #Blackhat",269,465,0,97,"Daar ul kufr wal fasaad","Eastern Time (US & Canada)","2015-07-04 17:11:41","None"
125,4096596197,"Ayisha Begum","Ayisha_Bangla","Muslimah | Back from suspension-used to be AyishaalBritani | 3rd Account | Not afraid to say what I think | Islam is my Guidance | Baqiya",337,232,1,181,"London for now","London","2015-11-02 10:31:04","None"
126,277778963,"H e b a","HK2307","Focused on Middle East politics • Interested in world affairs • Pro-resistance •",5659,56,168,14807,"Getting coffee","Melbourne","2011-04-06 00:59:55","None"
127,3269895992,"Sh. Mohammed Junaid","MJunaidThorne2","الحساب الرسمي للشيخ محمد جنيد. داعية إسلامي بـ #سيدني #أسترالياOfficial account. Islamic preacher based in #Perth & #Sydney #Australia",241,25,0,64,"","None","2015-07-06 10:13:50","http://t.co/EA1s5g7hqB"
128,3376893418,"Abu Salih ابو صالح","abusalih02","Adherer of The Glorious Qur'an and Sunnah with the understanding of the Companions",710,28,4,226,"","None","2015-07-15 03:52:47","None"
129,3364771521,"Abdullahdeen2","abdullahdeen_2","",439,40,0,1008,"","None","2015-07-07 21:23:29","None"
130,4214044574,"Abdul Matin","_abdul_matin_","",262,169,2,74,"","Pacific Time (US & Canada)","2015-11-12 16:11:12","None"
131,4120077500,"AbuQayix","AbuQ4yiX","",207,362,0,8,"","Pacific Time (US & Canada)","2015-11-04 04:16:04","None"
132,3177155175,"Travellers Notes2","TravellersNote2","",223,583,3,134,"","None","2015-04-17 16:11:05","None"
133,4060510216,"Nirvah","17Nirvah","May Allah❤❤ guide & protect us in this dunya until we reach JannahAllahu AkbarBrothers no DM's.",158,550,0,897,"Dunya ","None","2015-10-28 12:05:55","None"
134,3376197081,"Al Walaa Wal Baraa","MuwahidahYamila","Ahadun Ahad",343,261,0,12,"Dunya","Pacific Time (US & Canada)","2015-07-14 19:19:21","https://t.co/tlAVJ2HG4Z"
135,3997558821,"Sara Al-Baghdadia","SarAlBaghdadia","ام مصعب",372,344,0,21,"","None","2015-10-19 22:31:13","None"
136,1321282188,"LOCKED","AryaStark_ST","dislikes rape and torture.",229,157,0,563,"dunya","None","2013-04-01 22:44:58","None"
137,3981368594,"SW","EightSuthrn","",37,63,0,36,"","None","2015-10-22 15:16:01","None"
138,3071590982,"faaris","knowUrfoe","||Student||Networking Associate||",579,431,8,2264,"place called paradise on Earth","None","2015-03-10 15:00:29","https://t.co/3ku92Rn0dm"
139,368194391,"Sunnah Style","SunnahStyle","Elegantly Modest Islamic Clothing",366,4,4,436,"Worldwide","Eastern Time (US & Canada)","2011-09-05 07:20:13","http://t.co/TiXiF8rgz0"
140,631213621,"Lost Islamic History","LostIslamicHist","Tweeting forgotten facts of Islamic History, rediscovering the past. Get the book here: http://t.co/X23oiIcTf1",128326,11,859,4453,"From Spain to China","Eastern Time (US & Canada)","2012-07-09 16:06:14","http://t.co/84d0vSFLZE"
141,3257120107,"News Seeker","SeekerHaqq","",977,1668,3,0,"","None","2015-06-26 22:03:50","None"
142,4149638434,"Bint Anisah","BintAnisah1","Revert trauma nurse living a solitary life.Seeking to follow the righteous path that is laid out for me.Make dua for me please. Back-up account is @BintAnisah3.",119,185,0,750,"Land of the Kuffar","None","2015-11-09 14:05:48","None"
143,4141776797,"Abu Asma' Al-Amriki","al_amriki7956","",372,84,0,36,"","None","2015-11-08 12:59:28","None"
144,4011245652,"Abu Malik Al Qatari","promptfire85","Soldier of arRahman",425,50,3,72,"","None","2015-10-25 08:15:44","None"
145,4159915635,"ThickShaikh","ThickShaikkh","[ I AM NOT ] … [a BOT ] … [a PARODY] …[aFFILIATED] … … _TWEET/RT/MENTIONS [ARE NOT] ENDORSEMENT [OR] MY VIEWS_",58,59,0,76,"WorldWideWilayat","None","2015-11-10 23:46:42","https://t.co/bcs0bRFGId"
146,3066304424,"matridon","MatriRidon","",420,681,4,1729,"","None","2015-03-07 09:34:57","None"
147,3826080141,"Abu Dujana","redbandanna9","You can run but you'll only die tired",318,122,2,50,"","None","2015-09-30 17:44:03","None"
148,4150457415,"Abou Naba'a","Ansar_AlSharia0","il prétendent que la bataille et sur le point de prendre finEt ensuite surviennent les frappes,et le monde voit les expéditions victorieuses des Moudjahidines",269,74,1,185,"","None","2015-11-09 17:04:06","None"
149,3223616364,"Veil knight","veilmuhajira","If you have no enemies, there is nothing good in u. I seek refuge with Allah from the plot of my enemies.A story starts with dream, end with intrepretation.",52,64,0,1505,"innî muhâjirun ilâ Rabbî","None","2015-05-22 21:37:34","None"
150,3602723420,"Abu Saif","ab_saif28","Dar Al Kufr",313,363,6,1328,"","None","2015-09-18 07:34:48","None"
151,4055560947,"Umm Qisās Asomāliyah","ayna_shahadati","INACTIVE©Don't follow request, this acc and other acc @captive_ukht is locked. Follow my current acc @halaawatul_eman",45,40,0,71,"","None","2015-10-27 19:52:04","None"
152,4061248035,"Bint fulan","ummsayfullah_","hasbun Allah wa ni'mal wakil",95,75,0,1122,"","None","2015-10-28 14:54:56","None"
153,257608789,"Not a spy","finriswolf","I'm not!",10860,835,318,10488,"Phnom Penh","Pacific Time (US & Canada)","2011-02-25 20:05:06","None"
154,4055010765,"!!!!!!!!!!","mkadzDI","",210,465,1,59,"","None","2015-10-27 18:07:32","None"
155,557557096,"Abu Baker Waziristan","IslamIsOurBlood","",628,1909,3,3041,"","Pacific Time (US & Canada)","2012-04-19 09:05:53","None"
156,4146826096,"Abu hurayra Al-hindi","alhindi_hhh","direct message for chat secure - Al-Hindi al-afriki",511,237,1,217,"Islamic State ","None","2015-11-09 04:51:56","None"
157,3430194316,"Umm Ghurabaa","Sawtul_Haqq2","Glad tidings to the Strangers....",116,133,1,1476,"","None","2015-08-18 16:54:28","None"
158,456749574,"AlFarisa","Goerge39","dislikes rape and torture",63,10,0,4,"","None","2012-01-06 16:24:24","None"
159,3258908161,"loosers_suspend","calmquiet_336","",613,1163,1,90,"","Pacific Time (US & Canada)","2015-06-28 12:26:25","None"
160,2960158677,"Abu Hamza Al Tunisi","islamiet","I tweet in Dutch and English. ☝️",660,123,3,420,"Tunisie","None","2015-01-04 13:16:30","None"
161,4163847732,"ethan","Duniaghuraba2","Daulatul islam Baqiyyah",241,524,1,7,"","None","2015-11-08 03:24:41","None"
162,3627060077,"Rafidi Hunter 4","JutRafidi","Islamic State will remain and expand by Allah's will alone.",233,427,2,6388,"Wilayat Twitter","None","2015-09-12 03:28:00","None"
163,435297255,"Live From Mogadishu","Daudoo","I am a Freelance Journalist in Mogadishu covering events as they break - with a special focus on Al-Shabaab and global conflict updates",39305,335,441,12474,"Mogadishu - Somalia","None","2011-12-12 22:13:37","None"
164,3730997782,"Umm Qital","_nisaalribat_","-Gladtidings To The Strangers.",272,94,1,28,"","None","2015-09-21 18:47:39","None"
165,4082415028,"Asma bint Usman","binttUsman","",50,86,0,75,"Jannatul Firdous","None","2015-10-31 12:08:00","https://t.co/wFdtgHNyhw"
166,2449216207,"MS","MostSour","",183,1529,0,6210,"","Pacific Time (US & Canada)","2014-04-17 06:51:56","None"
167,64743455,"Umm Al Baraa","pearls_of_dawah","You're my end and my beginning❤️",1041,358,1,78,"","Pacific Time (US & Canada)","2009-08-11 15:32:46","None"
168,4167144079,"Melia Benzema","Najweeen3","Am Back to make u die in ur Rage !!!",59,17,1,213,"","None","2015-11-08 10:17:07","None"
169,3165292723,"abu muqatil al muqim","insearchKhilafa","",138,425,0,366,"","Bucharest","2015-04-20 11:46:58","None"
170,3440933361,"Saad Ibn Zayd","SaadIbnZayd1","",149,494,0,418,"","None","2015-08-25 23:16:02","None"
171,3112083146,"Umm Jibrail al Suri","56a37f7197ba41c","If you must give to God what is God's, then know that Caesar and his throne all belong to Allāh.",82,266,0,304,"Greater Earth of Allāh","None","2015-03-28 03:48:31","None"
172,3442216393,"Leila ♥","55_truth","Stranger",12,196,0,84,"Dunya","Cairo","2015-09-04 00:01:29","None"
173,3630348680,"Ivan Mohamed","CoalitionIvan","",37,85,0,663,"","None","2015-09-20 20:18:55","None"
174,2616451311,"Saddam","AkhiSaddam","",99,249,0,693,"","Pacific Time (US & Canada)","2014-06-17 06:39:31","None"
175,208022074,"ISMAIL AL-BRAZILI","yoyotengo","ISMAIL ABDUL JABBAR AL-BRAZILI",135,66,0,196,"Wilayat Rio","None","2010-10-26 13:44:08","None"
176,3906230894,"أم زنيره","_UmmZunairah_","Poor Slave of Allah..... a beautiful character makes you a beautiful person, type of beauty that is timeless...",246,135,0,666,"","None","2015-10-15 20:12:57","None"
177,1319700061,"Abu Hanzalah","abuhanzalah10","''Fighting has Just begun''",145,139,0,49,"","Pacific Time (US & Canada)","2013-04-01 05:08:51","None"
178,428289491,"هلموا هلموا","dpgrdffdd_popo","formerly @daeshi_popo, @daa3sh1 @dawlahman@no2coconuts and more. Will concentrate on news from IS, AQ, their allies and from S. Asia",465,130,0,341,"Dar al Harb","Pacific Time (US & Canada)","2011-12-04 15:40:29","http://t.co/ngJDYxEPFf"
179,271855718,"ISMAIL ABDUL JABBAR","monglerrc","ISMAIL ABDUL JABBAR AL-BRAZILI",26,16,0,1,"Wilayat Rio","None","2011-03-25 09:37:25","None"
180,2872180777,"Fatima","muhajirahfatima","Attawaakaloo ala Allah wa atooboo ilayh ... (No DMs from brothers please)",352,303,1,1457,"","Pacific Time (US & Canada)","2014-10-22 22:59:24","None"
181,3317392155,"Umm Fatimah","umm_Fatimah15","Her Hijab is her armour,Her weapon is her Dua,Her Iman delivers her like horseback,As she follows the Qur'an, her guiding star.",357,410,0,224,"DM me for kik","None","2015-06-10 14:48:31","None"
182,4082258121,"umm salamah","ummsalamah8","Daar Al Kufr",75,79,0,57,"","None","2015-10-31 11:59:34","None"
183,3297631367,"ام اليقين المهاجرة","UsofNuh","#3 ⚠Warning: You have entered a Shari'ah controlled zone.  Just that muslim lady living under the caliphate which is here to stay and is expanding باذن الله",571,28,4,47,"#دوله_الخلافه","None","2015-05-25 10:05:02","None"
184,4012890575,"Bro of MYRTR","Xylitol88_","bro of Abu Dawud Al Amriki..link for bros/sis in Tawheed until we finish it in Dabiq Enshallah(no DMs) Allahumma arzuqna mitta la ghusl feha wala Kaffan",111,350,0,262,"Dar Al Tawheed  ☝️","Monrovia","2015-10-21 23:28:37","https://t.co/WgKGFfGRrs"
185,4131325152,"sham","Abu___Ifthi29","",78,318,0,0,"earth","Pacific Time (US & Canada)","2015-11-05 04:49:56","None"
186,3670954113,"Ibrahim_Fatih","Ibr4heem321","STAY AWAY FROM ME !!! IM TERORIST !!!",788,268,0,1062,"HINDUNESYIAH (COCON STATE)","Pacific Time (US & Canada)","2015-09-16 04:17:08","None"
187,3316102476,"Maghrebi Witless","maghrebiwitless","A Moroccan engineer in nanotechnology commenting on Middle East politics, mainly Iraq/Syria. Not representing any group. RTs and Favs aren't endorsements.",140,12,0,26,"","Pacific Time (US & Canada)","2015-08-15 17:44:32","None"
188,4067676196,"Umm Khalid somaliyah","umm_axlaam420","baaqiya...no DM akhiis .....keep your dua and prayers for the mujaahieen..dua is the strongest weapon in the world..",240,249,3,393,"darul kufr","None","2015-10-29 12:04:38","None"
189,26369142,"Dick Dixon","Epic11","Retired",12,4,0,2,"Kentucky","Quito","2009-03-25 00:15:01","None"
190,3131586831,"متفائلٌ","Mutafail1n","Nothing I post or RT is a direct indication of support or approval. نسأل الله الثبات",2032,400,26,4491,"Cheerleading = Intercession?","Pacific Time (US & Canada)","2015-04-03 16:27:28","None"
191,3126210647,"Ummah State of Mind™","ummahstate","Designed To Inspire Unity • Mobile: 07772677747 Email: ummahstateofmind@gmail.com • Facebook: Ummah State • Instagram: @ummahstateofmind • Website Coming Soon",22,37,3,130,"London","London","2015-03-29 10:41:45","http://t.co/NhYEosZ0t4"
192,3385111486,"Yaqub ","Yaqub_London","",3,5,0,3,"","None","2015-07-20 22:09:39","None"
193,4044407301,"GENERAL FALLUJAH","GENERALFALLUJA3","If a soul is meant to die why won't he die for its Creator?",107,13,2,19,"In a cool and merciful grave ","None","2015-10-26 06:53:30","https://t.co/azOz6gxKhE"
194,3967506133,"LoveShaykhAhmad","LoveShaykhAhmad","A one man nation; reviver of Milat-Ibrahim حفظه الله",31,6,0,194,"","Pacific Time (US & Canada)","2015-10-21 09:03:56","None"
195,2782845544,"Imran ibn Fareed","Imran_ibnFareed","Islam is a comprehensive religion, it is not limited to praying and fasting, it does not ‘Render onto God what is to God and unto Caesar what is to Caesar.'",319,121,2,1012,"London","None","2014-09-24 20:45:27","https://t.co/Ee6uZXwRvb"
196,3706672216,"Abu Issa","abu_issa92","",103,282,0,40,"","Pacific Time (US & Canada)","2015-09-19 11:34:10","None"
197,4122347713,"Slave of Allah","Lightofthawheed","",79,180,0,25,"","None","2015-11-04 09:04:16","None"
198,3435501292,"AbuQaQa Britani Afro","AfroQaqaisback","kik & surespot- Qistheword",1258,16,6,14,"","None","2015-08-22 13:12:40","None"
199,3356660884,"Omar C.","Alwalaawalbara","Muslim. African. Shar'a (law) of Allah (Azza wa jall) is the only law to be followed. Not a radical or extremist. Allah is the only legislator.",439,353,0,428,"Norway","None","2015-07-03 11:15:27","None"
200,3230060548,"Oum ☆","casaouia_oum","",1009,386,8,1823,"Wilayat Twitter","None","2015-05-03 07:28:50","None"
201,3259319688,"Mr Black","Lostagaintwo","Going nowhere at present. RTs are NOT Endorsements. Just an observer & don't do fanboys or fangirls. Viva la revolution!",264,1019,0,2021,"Still at Da krankenhaus berlin","Pacific Time (US & Canada)","2015-06-29 00:28:17","None"
202,4121117753,"Um_Almujahden..","1almgahden","",97,94,0,133,"","None","2015-11-05 18:11:25","None"
203,4136451980,"أبو هارون الماليزي","abhalmal_06","",198,129,1,287,"","Pacific Time (US & Canada)","2015-11-05 15:48:06","None"
204,4120768822,"AbuAiysha","killercat100","Standing with Kaffir against khilafaa Makes you one of the Dwellers of Hell. Enjoy!!!!",69,40,0,175,"nonofyourbusiness","None","2015-11-05 17:01:42","None"
205,2268638505,"Muslimah","muslimah_bint","The world is full of nice people. If you can't find one ,be one..!!",425,703,0,240,"Traveler","Skopje","2014-01-08 11:14:50","None"
206,3449307797,"Mikaeel Ibraheem.","mikaeelIbraheem","Slave of Allah.",659,627,0,256,"London ","None","2015-08-26 17:52:55","None"
207,3172421641,"News Islam","nwislam","Analyzing news relevant to Muslim audience.",1348,129,7,926,"Worldwide","Islamabad","2015-04-25 15:33:33","None"
208,4116588256,"Takfiri Islamist","AbuLionAlTurki","A Turkish/American revert to Islam who is also a Takfiri Islamist. #IslamIsSuperior #No2DemocracyYes2Sharia Nothing is an endorsement",168,174,2,162,"2nd Account ","None","2015-11-05 03:14:46","https://t.co/bAlUDz6nFj"
209,255986116,"Mark","markito0171","xxx",13914,437,494,34940,"xxx","Bern","2011-02-22 12:31:37","None"
210,417018824,"Abu Maryam","Abu__Marryaam","And say: Truth has (now) arrived, and Falsehood perished: for Falsehood is (by its nature) bound to perish.  [Quran 17:81]",1473,246,3,3159,"","London","2011-11-20 12:22:01","None"
211,4037572153,"UNFOLLOW","Umm_Muwahidah","Blockistan #33 acc",206,80,0,84,"","Pacific Time (US & Canada)","2015-10-27 17:06:30","None"
212,3174791884,"ام شهيده","UmmSyahiidah","Martyrdom is my dream and I want to be the Woman of Jannah , Aamiin .",167,6,6,191,"","None","2015-04-17 02:28:49","None"
213,474795505,"Abu Esaa","AbuEsaa02","Anti Madhkhali | • Allah Huma Ansur Mujahideena Fee Kuli Makaan • For KIK DM",497,20,0,2605,"","None","2012-01-26 10:47:44","None"
214,3590741362,"Simply Sarah","TroubleFiDunya","",150,137,0,139,"fi Dunya","None","2015-09-08 19:26:38","None"
215,2751538880,"Al Awlaki Muhammad","muhammad1187","Al malhama getting closer",241,55,1,0,"","None","2014-08-21 07:08:09","None"
216,4113820103,"Abu Hamza Al Gharieb","Islamist_Akhi04","",140,168,0,139,"","None","2015-11-04 18:28:35","None"
217,3194566621,"Ershad Chowdhury","ershadchowdhu14","I will throw fear into the hearts of those who disbelieve. Then smite the necks and smite of them each finger.  [8:12]  #14th",226,117,0,147,"","Pacific Time (US & Canada)","2015-05-13 16:35:03","None"
218,4126930519,"LOCKED","BintRose67","O you who have believed, if you support Allah , He will support you and plant firmly your feet.{47;7}",212,92,0,32,"","None","2015-11-04 19:01:04","None"
219,2685435300,"zahruridjal","0_zahrurijal","",63,263,1,90,"","Pacific Time (US & Canada)","2014-07-27 16:39:23","None"
220,3157219388,"hafsa","hafsa_hafsah","",216,306,2,1095,"","None","2015-04-15 12:02:02","None"
221,3264119562,"ᑭᖇᗩY4ᔕᕼᗩᗰ™","minut_lov3r","i'm cats lover. Nutella fans and always retweet Middle East News.",568,431,4,678,"Hazelnut Farm","Pacific Time (US & Canada)","2015-07-01 16:08:22","None"
222,3380063728,"Crimes of Britain","crimesofbrits","Revisiting and monitoring the crimes of Britain - For more detailed posts/sources please visit the Facebook page",24248,0,224,887,"FILM OUT EARLY 2016","London","2015-07-17 07:34:24","https://t.co/FkKYSRwMZm"
223,3254273379,"I'm Back","Reporters000","Ya Allah! The Revealer of the Book,the Mover of the clouds,and Defeater of Al-Ahzab, defeat them and grant us victory over them.",649,40,1,839,"","None","2015-05-14 17:28:29","None"
224,3430626012,"Abu Hanzalah","AbuHanzalah2","''... has Just begun''",583,89,1,82,"Earth","Pacific Time (US & Canada)","2015-09-02 23:10:59","http://t.co/uozl2H6nAz"
225,3437094748,"Abu Adam Al Maghrebi","WilayatFezzan","Read my blog http://t.co/nDuAjsmpDq",2169,91,3,1224,"Vern-sur-Seiche, Bretagne","Pacific Time (US & Canada)","2015-08-23 18:32:02","None"
226,4011203658,"Umm Waqqas","wifeofwaqqas1","",104,12,0,1,"","None","2015-10-25 08:10:16","None"
227,3175187921,"Jihadi Jane","JihadiJne1","TWITTER dont ban me! Activist fighting for the GLOBAL RIGHTS of AHLE SUNNAH MUSLIMS! ATHEISTS...Blocked! YOU SWEAR or VULGAR...Blocked!",379,244,0,3684,"","None","2015-04-17 05:37:03","None"
228,3172850925,"Mindvision","Mindv1sion","Oh Mankind, what has deluded you from conveying the truth ?  Media Analyst  | Islamic Reminders",1367,676,1,1587,"","Belgrade","2015-04-16 14:16:07","https://t.co/mKI4bRuAeW"
229,919112946,"ISMAIL ABDUL JABBAR","JohnLollollol","ISMAIL ABDUL JABBAR AL-BRAZILI",144,54,0,48,"#WilayatRio","None","2012-11-01 14:24:34","None"
230,4112805693,"John IbnWalid","jibnwalid3","RT is not an endorsement. If you're are egg & I don't know you I'm going to block you, it's not personal.",229,268,0,447,"","None","2015-11-04 15:27:01","None"
231,3343433531,"سانتي(Santi)","alttahiat","وأنا أعلم ما لا تعلمون . وعلم آدم طبيعة كل شيء. قال الله تعالى : لا استطيع ان اقول لكم انني أعرف سر السماء والأرض، وأعلم ما تعلنون و ما تسرون ؟",1377,3328,3,7295,"","Pacific Time (US & Canada)","2015-06-24 00:58:32","None"
232,3782804783,"kara","BozDewle","",249,157,0,99,"","None","2015-09-26 14:33:27","None"
233,812860057,"BintDarkSand","BintKhareef","#4",499,441,1,6643,"","Pacific Time (US & Canada)","2012-09-09 10:34:05","None"
234,3160366093,"Abu Yousha","_yoibn_abdullah","",661,938,3,1826,"","Ekaterinburg","2015-04-17 01:16:00","None"
235,3580857493,"Accountlocked","Alwalawalbara21","Locked account plse block",848,219,0,677,"will not answer dms","None","2015-09-16 08:37:51","None"
236,2154321236,"Umm Fatima","Ummfatima777","Dutch/English/French - 7th account",1514,380,3,2222,"Maghreb","Pacific Time (US & Canada)","2013-10-25 06:51:14","None"
237,4111789155,"ehli sunneti","EhliSunneti3","",157,396,1,29,"","None","2015-11-04 12:12:34","None"
238,2929293025,"|Locked|","BaqiyahLover25","#٢٥Ibn Abil ‘Izz al-Hanafi said:“Kufr is to Imaan as blindness is to eyesight.”● [Sharh al-'Aqidah at-Tahawiyyah, p.284]#FlagsOfTawheed",454,35,1,116,"Broken Heart ","Karachi","2014-12-14 05:07:58","None"
239,3739986796,"Umm Yahya","oneabiha_","“We're living in the calm before the storm - prepare yourself…” | IG: oneabiha",96,94,1,44," دوالاسلامية باقية و تتمدد","None","2015-09-22 15:10:07","None"
240,3326755323,"Abu Daoud","AbuDaoud1990","Forever learning the beautiful religion of Islam. New to Social Media. 2nd account. Telegram: @abu_daoud1990 Surespot: abudaoud1990 #baqiyah #DIYR",144,365,0,224,"","Pacific Time (US & Canada)","2015-06-15 11:52:45","None"
241,3750270797,"TheTerroristRefugees","TRefugees","بسم الله الرحمن الرحيم - An account dedicated to exposing the enemies of Islam and Muslims that have posed as refugees in Europe - Follow/Retweet/Shoutout",611,178,1,64,"","None","2015-09-23 14:36:58","None"
242,2994433673,"Juba_sniper","juba_sn1per","",917,1571,5,1192,"","None","2015-01-23 17:10:04","None"
243,4111752195,"UmairAbdullah","omarabdullah_11","#11  #Baqyiah My bayah is to Amir al'Muminin not a nation of kufar",53,9,0,47,"Dar al Kufar","None","2015-11-04 12:05:34","None"
244,374316990,"Umm Qaqa alSomaliyah","UmmQaqa","Abandon dms. ‼️",530,326,3,1081,"Ciirka iyo dhulka nobody cares","Belgrade","2011-09-16 03:14:40","None"
245,3306758284,"Amira","Amira_is_here","2nd account.",830,568,3,473,"","Pacific Time (US & Canada)","2015-06-02 15:13:31","None"
246,3244823585,"Casper","truthHURTStough","nationalists educated by newspapers n media bootlickers no concern for ummah don't follow me n don't talk to me when u see me. may allah forgive us and guide us",605,250,6,5303,"","None","2015-05-10 12:57:19","None"
247,400166228,"Ahmad Jibril ","ahmadmusajibril","‏‏خريج الجامعه الاسلاميه بالمدينة - ثم ماجستير قانون من أمريكا Graduate of Islamic University in Medina & Masters Degree in Law/ from USA",38232,0,103,1865,"","None","2011-10-28 16:09:01","None"
248,3329737559,"Abu Esaa","AbuEsaa03","Shariah|Dont Support Any Group Or Org. Submit.",727,40,4,1938,"","None","2015-06-16 16:13:24","None"
249,3074777062,"Umm Talha","Somaliyyah","Who hears the verses of Allah recited to him, then persists arrogantly as if he had not heard them. So give him tidings of a painful punishment. Quran {45:8}",1681,160,2,3604,"Cave","Dublin","2015-03-06 12:33:28","https://t.co/SJaaSTk5IC"
250,3429405196,"Mad Mullah ","majertenyyyi","Poor slave whom Allah enriched him with tawheed..... for Hijrah for advice",2052,155,7,1324,"Islamic State","Pacific Time (US & Canada)","2015-08-18 03:54:26","None"
251,3253871238,"Abu Jandal","Protocol1slam","http://t.co/8ido3xxSbD Follow back on -- @protocolaseer",1628,55,6,36,"Darul Chicken & Chips","Pacific Time (US & Canada)","2015-06-23 19:05:43","None"
252,3422851438,"Mister Sad Dollar","Coconut_PHD","Mister Sad Dollar living in NYC and working in Wall Street . Peaceful activist , Peace and Love . RT,DM,Tweet,Fav doesn't mean I agree .#freedom_of_speech",1880,1098,11,7099,"Wall Street , New York City .","None","2015-08-14 20:03:32","http://t.co/sbEaKhRXjQ"
253,3678542115,"Colonel Dinar","DinarBro","I'm not a terrorist , just an Islamic Analyst watching events in the ME. Not affiliated with IS or AlQaeda",407,101,1,262,"","None","2015-09-16 21:00:40","None"
254,3327360542,"Bint Emergent","bintemergent","",1290,1033,8,4727,"Titan World","Pacific Time (US & Canada)","2015-08-23 22:49:15","http://t.co/5vFZRH7l0e"
255,51850045,"Yusha Evans","yushaevans","﷽ lets spread this beautiful religion! Reverted to islam in 1998 instagram @yushaevans",25666,564,144,2809,"Wherever the plane's taking me","Quito","2009-06-28 21:29:35","http://t.co/t0NK81EOnz"
256,397203591,"MuslimPrisoners","MuslimPrisoners","The one who is (truly) imprisoned is the one whose heart is imprisoned from Allaah and the captivated one is the one whose desires have enslaved him. IbnQayim",10767,2162,55,15859,"#FreeMuslimPrisoners","London","2011-10-24 11:29:48","http://t.co/oxl9gOBCCw"
257,472962312,"Rami","RamiAlLolah","Close to Real-Time News, Exclusives, Intelligence & Classified Information/Reports from the ME. Leaked many Israeli strikes in Syria/Lebanon. No BACKUP accounts",26503,171,743,15836,"Read my blog","Stockholm","2012-01-24 13:58:57","http://t.co/oIf3peWbMm"
258,3305304258,"Generation Awlaki","Jizyasoon","You must make the intentions of joining the ranks of the mujahideen. -Imam Anwar Awlakī rahimahullah",2051,300,9,46,"Heart of Green Bird","None","2015-08-03 17:32:45","None"
259,3935116936,"Abu Shaheedah","AbuQaswar","",554,18,1,7,"","None","2015-10-12 07:22:23","None"
260,3274065140,"Binta Adam","janah_desire","",983,893,2,1335,"","None","2015-07-10 09:33:01","None"
261,3257799320,"ihatecrusaders3","ihatecrusaders3","",74,93,0,4,"","None","2015-06-27 13:42:39","None"
262,4068503333,"Umme Salma","Umme_Salma10","Twitter is a Communist Company - Innocent until proven muslim!- Twitter Suspends me for my Anti Alqaeda Tweets because Alqaeda & USA Became Closest Allies ;)",291,281,2,470,"","None","2015-10-29 15:02:06","None"
263,2283799285,"Abu Milk Sheikh","AbuMilkSheikh","Abu Milk Sheikh brings all hijabis to the yard & they're like: it's better than yours. Damn right, it's better than yours!",507,161,11,7253,"Coconut-istan","Central Time (US & Canada)","2014-01-09 16:15:20","None"
264,263428605,"Anjem Choudary","anjemchoudary","I am a Muslim who believes that Islam is something we must believe in (Tawheed), live by (Shari'ah) and struggle and sacrifice for (by way of Daw'ah and Jihad).",32162,0,471,5694,"London","London","2011-03-10 01:12:18","http://t.co/XOltPJAPbx"
265,3027703227,"AbuJandal","dvghsfc","",68,0,1,0,"","None","2015-02-10 05:59:57","None"
266,3165509711,"Abu Izzadeen1926","AbuIzzadin","",1775,90,7,132,"","None","2015-04-14 00:35:57","None"
267,3891457095,"Bint Crackers","bnazarat","",522,34,0,217,"The Rainforest","None","2015-10-07 16:25:47","http://t.co/40lPVYv9rf"
268,3729426617,"Abu Samurai","AbuSamurai","I'm not a terrorist, Islamic Analyst watching the news around the ME, NOT AFFILIATED WITH IS OR ALQAEDA",676,95,2,331,"","None","2015-09-21 15:21:50","None"
269,3225032894,"Hanbali Fiqh","thehanabilah","Official | Ahlu’s-Sunnah wa’l-Jama’ah | Ahlu'l Athar | Ashaabul-Hadeeth | Classical and Contemporary Fiqh on all issues.",8793,0,23,347,"","Pacific Time (US & Canada)","2015-05-24 09:08:10","None"
270,3158950514,"αgє оғ кнîℓαғαн","AgeOfKhilafah","『 The Joy Of Life Is In Battle ♡ Jīhād Fīsabīlillāh ♡』",567,81,2,1570,"","None","2015-04-16 06:58:13","None"
271,513116847,"Mizanur Rahman","Abu_Baraa1","I am a Muslim who believes the divine shari'ah (law) of Islam is superior to any man-made law in the east or west.",28548,63,117,10944,"UK","Casablanca","2012-03-03 12:23:41","https://t.co/hE613TM2U9"
272,86667713,"Umm Luqman","amatu_rahmaan","Say, O My servants who have transgressed against themselves [by sinning], do not despair of the mercy of Allah . Indeed, Allah forgives all sins.",641,180,1,102,"Wilayah Nineva ","Pacific Time (US & Canada)","2009-11-01 05:38:20","None"
273,3194756641,"Ahmad Alanssari","alanssari_ahmad","تهتم هذه الصفحة بنشر رسالة التوحيد، وهو حق الله على العباد . على منهج أهل السنة والجماعة وعلى فهم السلف الصالح، وهو المنهج الرباني الذي أمرنا الله تعالى به.",488,762,0,1470,"Arizona, USA","Arizona","2015-05-13 22:00:48","None"
274,3751210222,"Bint Stranger","Umm_AbdlWahab","",762,93,1,1434,"Blockistan","Mexico City","2015-09-23 16:36:46","None"
275,3170874665,"Pashtun Cat","CatInPashtunHat","Official spokesperson of myself // Just a Cat in a Pashtun Hat // Not in your Baqiyyah fanclub // News // I post what I want ¯\_(ツ)_/¯",1267,447,5,1998,"*on a break*","Azores","2015-04-15 18:33:05","None"
276,3837729252,"MixedUkht","sellurlife2","Dark Skies Lead to Brighter Days❤|  Jus a Sinner tryna get it right.",99,178,0,479,"Here","None","2015-10-09 15:43:49","None"
277,3183804429,"Jabaliyah","mgoryanka","No DMs from brothers please",1826,223,3,2910,"","Bucharest","2015-04-19 17:15:53","None"
278,3067707071,"✌Sтяιvιηg  ℳυѕℓιмαн✌","_Muslimah_999","♥Sтяιvιηg ғσя נαηηαн♥Our Lord! Forgive us our sins & Efface our bad deeds & take our souls in the company of the Righteous••I'm not Affiliated toany group",1312,53,8,3662,"Dunya","None","2015-03-03 12:20:26","https://t.co/I8qlfiOiOR"
