0,496359525,"Onur","hormonlu_capon","Angry beard - Terrorist",764,1157,4,6166,"Halep - Reyhanlı","Athens","2012-02-18 21:43:51","http://t.co/cl25hSxove"
1,718209968,"الشـاعرة ضـيّ","Dhay9992","..",15473,844,6,8212,"ضي الفكر ( شاعرة سعودية)","None","2012-07-26 14:26:15","None"
2,2410505520,"cheripagafoor","cheripagafoor","",18,28,0,0,"","None","2014-03-25 08:25:46","None"
3,2261762544,"YoungWarriorsOfGod","YOUNGGODSHD","A LIFE STYLE STREET BRAND. INDEPENDENT AND WITHOUT BOUNDARYS.",26,32,0,45,"City of Lost Angels","None","2013-12-25 18:27:13","None"
4,288199978,"Ibn Ahmad","laysalghareeb","The stranger is not a stranger to Sham or Yemen. The stranger is a stranger to his shroud and coffin. (Sounds better in Arabic)",716,218,4,179,"Australia","Brisbane","2011-04-26 12:27:15","None"
5,2600781221,"Tommy Mommy","watchpigs","",43,242,0,2373,"","None","2014-06-11 10:35:28","None"
6,2336787329,"the amazing kafir","muayfarang555","Islamaphobic bigot (apparently) Yorkshire England",444,691,4,1659,"","None","2014-02-11 01:08:52","None"
7,1701530556,"black hawk down","ssgmailshowkat","",16,212,0,438,"","None","2013-08-26 10:36:36","None"
8,2722443104,"العالمية","wwww13951395","",1298,1821,0,1190,"","None","2014-08-10 20:44:42","None"
9,2557429273,"Moussa Ndoye ","siixzn","",16,244,0,0,"","Athens","2014-06-09 19:39:04","None"
10,430938739,"Haroon Aziz","HaroonAziz88","",6,61,0,39,"Lahore","None","2011-12-07 18:47:49","http://t.co/82tESoguwP"
11,454976062,"Umar Al Mali","umar4khalifa","Just a Wanna be IS soldier",105,480,1,286,"nairobi","None","2012-01-04 16:05:29","None"
12,2770921798,"Tasneem","Tasneem4321","",39,306,0,1,"","Ljubljana","2014-09-15 08:00:19","None"
13,853790514,"muneer abdullah","muneerabdullah2","",3,49,0,4,"","None","2012-09-29 23:53:44","None"
14,2449216207,"mostak Sobhan","MostakSobhan","",13,161,0,126,"","None","2014-04-17 06:51:56","None"
15,29680147,"Cola Nicea","colanicea","",7,31,0,2,"","None","2009-04-08 09:15:50","None"
16,2617070040,"Abu Abdulgafoor","abuag2014","I just RT and the Crusaders get pissed off...",109,331,0,1762,"Some where near you","Kyiv","2014-07-11 10:14:49","None"
17,2849999004,"Saudah","rinanr29","DAULAH ISLAMIYAH BAQIYAH♥Hasader don't follow me♥Islamic state♥ Allahuakbar",0,23,0,4,"","None","2014-10-10 09:29:13","None"
18,2683144861,"Back 2 Jannah","Back2Jannah","Just another news follower :) RETWEETS/FOLLOWS ≠ ENDORSEMENTS!",47,599,0,1418,"@Temporary World","None","2014-07-26 19:33:11","None"
19,1976632417,"..","yassertsonga","",0,88,0,0,"","None","2013-10-20 22:20:42","None"
20,205542143,"سفيان المهاجر","AbuMuhammad_1","Dar ul Kufur",145,213,0,614,"","Urumqi","2010-10-21 03:02:27","None"
21,385662835,"ثابت عبد الحق","Kinn002","إنّ دولة الإسلام - باقيـــة",115,909,0,472,"","Monrovia","2011-10-05 22:08:47","None"
22,2814170359,"Lucky One","NurArkarna","",2,49,0,9,"","None","2014-09-17 03:35:21","None"
23,424046135,"Abu hilal al afghani","blackwood123","Alhamdulillah!!!! i do not endorse any group, organisation, or state. fav=Tw=RT is not endorsement...",72,377,0,416,"india","None","2011-11-29 07:48:23","None"
24,14619375,"Luca Picchi","lucapicchi","Observer. I work as entrepreneur in the valley of low Lambro river among mosquitoes and fog. I mainly ReTweet what I consider interesting. RT is not endorsement",147,2001,1,1152,"Milano","Rome","2008-05-01 20:44:14","http://t.co/rYsyrM5yir"
25,861645108,"Mohammed Anas","ibnJameel","",31,230,0,849,"Chennai","None","2012-10-04 16:18:30","None"
26,26810477,"abdul qadir","kadirr","",123,569,0,1363,"Dubai","Abu Dhabi","2009-03-26 18:20:20","None"
27,26986155,"HaqiqatNews","haqiqat01","",13,24,0,460,"","Islamabad","2009-03-27 11:22:36","None"
28,2791350187,"رحيل محروس عبيدة","BlackFlagsIS","Say, Indeed, my prayer, my rites of sacrifice, my living and my dying are for Allah, Lord of the worlds. (6:162) ☝",324,59,0,113,"Dar al-Kufr","None","2014-09-05 07:05:47","None"
29,2526298497,"rabi ul islam","rabiuli12706578","student",67,848,1,63,"Dhaka,Bangladesh","None","2014-05-03 20:34:02","None"
30,2803166566,"Real Phantom Menace","RadioR_m","Smug hipster playing devil's advocate. Put JK after everything I say. Except for: Janet Napolitano is a Hell-bound fat dyke. Allahu Akbar! New account.",449,319,5,373,"Fortress Niihau","None","2014-10-03 23:50:37","None"
31,866831552,"Ömer","Synergiex","",36,38,0,147,"Eurasia","None","2012-10-07 19:28:18","None"
32,2786646622,"الأنصاري ","al_ansary32","نُصرة دولة الخلافة المستفردة بتطبيق شرع الله, ليست قضية ثانوية تُعطيها هامش وقتك، وتدفع بها مَللك! القضية عقديّة, لوبذلت لها روحك لما أكثرت!",2423,1479,5,634,"دولة الخلافة الاسلامية","Kyiv","2014-09-27 03:12:58","None"
33,2150614512,"Md. taBrEz  Ali","mdtabrezali12","",34,329,1,133,"","None","2013-10-23 09:20:08","None"
34,2746270683,"abs000","abs000abs","",1,89,0,0,"","None","2014-08-18 12:28:33","None"
35,238832727,"Rami Ruhayem","ramiruhayem","Correspondent for the BBC. RTs not endorsements. Can't share my views, so the views I don't share are my own",836,1281,43,546,"","Baghdad","2011-01-16 04:22:40","None"
36,2820036488,"Bambang Al Gharib","B_ghuraba","",52,297,0,780,"","None","2014-09-19 14:14:10","None"
37,87471997,"Ibn Jamal ","ajasCR7","And say: Truth has (now) arrived, and Falsehood perished: for Falsehood is (by its nature) bound to perish.(17:81)",0,112,1,0,"","None","2009-11-04 16:14:41","None"
38,157599401,"IslamInsight","IslamInsight","I am First, Second & Last a Muslim. Hater of Nationalism. Dawlatul Islam. Baaqiyah.",66,29,1,552,"","Sri Jayawardenepura","2010-06-20 08:34:19","None"
39,414725914,"Onurcan Kaya","Dr_Onurcan_Kaya","",199,550,2,64,"","Istanbul","2011-11-17 12:11:09","None"
40,1486937328,"Ibnu latif al mksri","ibn_latief","يُرِيدُونَ أَن يُطْفِئُوا نُورَ اللَّهِ بِأَفْوَاهِهِمْ وَيَأْبَى اللَّهُ إِلَّا أَن يُتِمَّ نُورَهُ وَلَوْ كَرِهَ الْكَافِرُونََ (QS. At Taubah 32)",621,1402,4,1054,"","None","2013-06-06 05:57:04","None"
41,2849174756,"ikrimah","abudujana660","",0,8,0,0,"","None","2014-10-09 20:09:34","None"
42,1084174818,"Ihsan Tipu Mehsud","IhsanTipu","Investigative Journalist covering FATA, currently working with The New York Times. Tweets are personal not official.",310,86,14,269,"Islamabad","None","2013-01-12 21:32:10","None"
43,1898613145,"Abu Rijad","AbuRijad","",17,36,0,28,"","Ljubljana","2013-09-23 22:31:01","None"
44,299563088,"Majoni","Don_Majoni","Parapsicobiofísico de la casuística.",110,378,0,2922,"Vivo en Fallujah","Athens","2011-05-16 09:33:50","None"
45,1322938687,"Furkan ","kahramanfurkn","GLOBAL JİHAD",802,215,0,251,"","Hawaii","2013-04-02 17:29:47","None"
46,2255770771,"oec","NKGVASlan","",30,47,0,57,"","Ljubljana","2013-12-21 00:32:58","None"
47,2620461812,"kifah","kifaahh","Waiting.. Alhamdulillaah.",3,74,0,8,"عبد","Arizona","2014-07-12 05:11:13","None"
48,2843128873,"Shoaib Mahmud","ch0zenOne","",3,26,0,6,"","Almaty","2014-10-07 06:06:24","None"
49,975049340,"seo jang ji mi","sul_abd","Fan of journalist games money news music games and politics",11,195,0,0,"china  - Beijing","Riyadh","2012-11-28 00:36:08","http://t.co/LhB4R3EZIG"
50,2673833757,"poto","zalandocubaz","",1,36,0,0,"","None","2014-07-05 00:31:27","None"
51,2808977761,"1,2,3...","AbuAbdulrhman_","new Account",32,765,0,2,"","None","2014-09-14 07:19:57","None"
52,2524021280,"leem","SaleemKundi","",70,809,0,81,"","None","2014-05-26 03:22:49","None"
53,305001920,"Sinan Alpözer","alpozersinan","(3x+y+z).(α+β+3δ)=13  /// { Bosnia and Herzegovina & Bulgaria}",160,459,0,562,"Kocaeli // Turkey","Istanbul","2011-05-25 13:37:57","None"
54,1124932832,"Abū Nutella shawarma","lexyakram","I Like Shawarma and Nutella.",108,765,2,1267,"أبو نوتيلا الشاورما","None","2013-01-27 12:39:14","None"
55,613773912,"AysglDnmz","AysglDnmz1","Lüzumundan fazla biraz...",226,243,1,2068,"","Baghdad","2012-06-20 19:29:57","None"
56,494193482,"Nirvana","N2rvana","Aktivist - Evrim - Devrim  - Sekülerizm",31,346,0,188,"","Athens","2012-02-16 16:39:18","None"
57,1732496928,"mahmut akyüz","akyuz_mahmut","Tam bir anadolu çoçuğu ,pek sever pastırmayla cacığı",239,617,0,497,"","None","2013-09-05 17:13:13","None"
58,2720009663,"News & Info","NewzzInfo","Following to be updated",0,39,0,0,"","None","2014-07-21 19:36:15","None"
59,551988400,"Ubeyd","ubeydg","çerkes - düşünür. çizer, girişir",178,415,1,1183,"istanbul","Istanbul","2012-04-12 16:29:45","None"
60,2274600229,"Reserved Khan","ReservedK","لا إله إلا الله محمد رسول الله",342,222,4,6122,"","London","2014-01-03 14:38:13","http://t.co/JNn6HdIFk6"
61,2785703332,"Jeff Benson","jbenson2521","",2,131,0,0,"","None","2014-09-26 15:28:27","None"
62,336169858,"nurcan akşit","nurcanaksit","",61,379,0,3736,"istanbul","Baghdad","2011-07-15 21:14:09","None"
63,2815239541,"Abu Thurob At Turk","at_thurob","",1,12,0,0,"","None","2014-09-17 16:22:43","None"
64,2849877794,"Khaled Al Waleed","KhaledAlWaleed0","",0,15,0,1,"","None","2014-10-10 07:41:16","None"
65,2793971922,"Abou Al Oualaa ","dawla_1","",267,612,1,281,"","None","2014-09-06 14:08:04","None"
66,2788872467,"jsnow1","jsnow_01","'Defending the oppressed in all time and places, from all colours and in every country is what we believe'-Sheikh Sulaymaan al-‘AlwaanRT=/=endorsements",319,731,0,183,"mariana trench","Rome","2014-09-28 11:52:35","http://t.co/rEqmvQPtFL"
67,2755486062,"SFB","feeq6","Note: I don't support nor I'm part of any organization,          NOT AFFILIATED WITH IS.|News Follower | Follow for news retweets | RT = Not my Straight opinion",139,842,1,253,"","Kyiv","2014-08-22 16:19:46","None"
68,1636388580,"Saminu muhammed","Samen08","",45,771,0,220,"","None","2013-07-31 21:17:22","None"
69,910844174,"ahmed#","presXL","",26,186,0,4,"Amsterdam","None","2012-10-28 18:24:56","None"
70,2212037047,"al maduhuri","al_maduhuri","",15,234,0,17,"","None","2013-11-24 06:49:00","None"
71,2611933028,"ummuabiyu","ummuabiyu","",4,53,0,88,"","None","2014-07-08 16:19:34","None"
72,2801629685,"Ahmed Abderrahman","8456721_ahmed","",1,10,0,2,"","Ljubljana","2014-10-03 09:18:40","None"
73,2743266501,"Andre Wolff","derdruide10000","",0,43,0,0,"","None","2014-08-15 06:03:41","None"
74,2737752974,"abu hamad","moabibkhab","",1,43,0,11,"","None","2014-08-16 17:54:57","None"
75,2777226729,"titan","zena2055_titan","",1,3,0,0,"","None","2014-09-20 00:31:02","None"
76,471296543,"Zahran ibn Javeed","zahranjavid","dolmut chuk vakhat sethi",16,62,0,20,"srinagar kashmir","None","2012-01-22 18:19:01","None"
77,2754312955,"truthwillprevail","tabi_akhbar","truth is mighty and will prevail.",9,164,0,9,"","None","2014-08-22 07:56:30","None"
78,2757174219,"Abu Zakariyah","AbuZakariyyeh","The tweets/retweets of this account do not represent the personal views of the owner.",123,84,1,215,"","None","2014-08-31 15:11:11","None"
79,1478397024,"sammy khamis","Sammysmsm","Journo. on air, online on film. @zuendfunk ARD & ORF",589,550,27,1912,"Munich - Beirut (Cairo)","None","2013-06-02 23:18:15","http://t.co/I8U5lLkUVB"
80,2819184869,"samer bolandi","samerbolandi","",1,136,0,3,"","None","2014-10-09 10:46:17","None"
81,2713967899,"abdulla Ali","AbdullabinAli8","",164,208,0,277,"","None","2014-08-07 07:11:49","None"
82,1028697870,"Aamir samatar ","Aamirsamatar","The only way to return the #khilaafa is by force!! #Islam #Jihad #Shariah",140,48,2,1396,"Planet Earth","Baghdad","2012-12-22 15:24:31","None"
83,366273221,"Omar E.  عمر عزالدين","hjcccompany","Don't look to my photo cause I am awsome / Web developer/ entrepreneur/ other",620,374,3,15436,"صفاقس، تونس/دولة الخلافة قريبا","West Central Africa","2011-09-01 21:55:33","None"
84,2251512959,"Stranger","StAyLoW187","",62,420,0,257,"","None","2013-12-30 07:12:57","None"
85,56638048,"DK","Papafiodk","",7,59,0,8,"","Casablanca","2009-07-14 07:42:01","None"
86,72850490,"Flo","FlorianWae","",2,53,0,1,"","None","2009-09-09 13:22:44","None"
87,94800708,"novrizal mustopa","mfreezal","Printing Specialist with Smile",39,183,0,60,"Serpong","Pacific Time (US & Canada)","2009-12-05 14:25:03","http://t.co/VdRLtDaolS"
88,1271673235,"nimo hassan","HassanNimo","",6,79,0,8,"","None","2013-03-16 07:20:15","None"
89,1665011468,"MOHAMED NAJATH","MOHAMEDNAJATH07","",24,46,0,15,"","Chennai","2013-08-12 12:50:21","None"
90,358616245,"Ziya mirza","infotoziya","",6,136,0,59,"","None","2011-08-20 06:13:35","None"
91,2392361877,"علاء الدين الموصلي","mauusly","علاء الدين الموصلي",211,244,0,1411,"","None","2014-03-07 23:53:49","None"
92,2431455247,"heriro bluess","BluessHeriro","apa yang anda pikirkan???? ... apakah anda esok bisa berpikir lagi???.............. hanya ALLAH yang tau......",16,308,0,381,"Semarang","Jakarta","2014-04-07 04:21:36","None"
93,1112689034,"Adnan Karim Rana","AdnanKarimPK","",32,272,0,473,"Pakistan","Islamabad","2013-01-22 21:30:43","None"
94,2655163864,"Musa","AbuMusa_1","",8,90,0,0,"","None","2014-06-30 02:56:06","None"
95,532440988,"MuMtAz AhMed ","rajamumtazahmed","",184,529,1,2488,"Islamabad pakistan","Karachi","2012-03-21 18:17:16","None"
96,347346059,"#ICC4ISRAEL Robert D","jdot979","Today the aggressor is the shepherd of peace, and the beaten and hunted are the troublemakers of the world. -Erich Maria Remarque",1291,1988,31,9132,"Coquitlam BC","None","2011-08-02 17:15:07","http://t.co/jNlynUXc4x"
97,2650544692,"Aykut Gül","aykutgul84","",2,76,1,184,"","None","2014-06-28 16:08:45","None"
98,1949838806,"Д///ИХАД","tvjihad","Совместный проект Кавказ-центра и Телеканала Дождь. Мы боремся с кафирами, муртадами, мушриками, шаббихами, харбийями, мунафиками, рафидитами и хизбшайтанами.",12968,487,144,7392,"ВИЛАЯТ МОСКВА","Yerevan","2013-10-09 18:27:47","http://t.co/ahdX0sJb5O"
99,2665608842,"Anonymous_Universal","Anon_Stomp","Anonymous_Universal; Anonymous Promoters, Supporters, and Activists. #OpNewBlood, #OpIsrael, #OpFerguson #AnonFamily❤️",1003,1496,6,7891,"Everywhere ","Atlantic Time (Canada)","2014-07-21 11:20:39","https://t.co/T3VcIWhfrr"
100,2696348967,"IS-53","EvilStalinist","The only freedom in this kind of universe is nothingness and therefore any other concept of freedom is a scam and an outright lie ...",34,394,0,74,"Split, Croatia","Ljubljana","2014-07-10 21:23:55","None"
101,2197495434,"anti_is(it)çi","noworryy","dunya ısıt ıtlerınden temızlenmedıkce kımseye huzur yok.",456,1816,1,3942,"uluslar arası uzay ıstasyonu","Pacific Time (US & Canada)","2013-11-16 10:26:01","None"
102,57914577,"Shami Witness","ShamiWitness","Musings on Bilad ash Sham,Sunni Revolutions,Economic Collapse, Post-industrial society,Technology,History etc. RTs ≠ endorsements.Following ≠ endorsements",15036,797,337,121386,"Planet Earth","West Central Africa","2009-07-18 11:43:46","http://t.co/qR78i7Fdu9"
103,2165729521,"يولي","yulia_Ikhtiar","‏‏‏‏‏‏دولة الاسلامية # باقيه باذن الله",326,746,0,1480,"indonesia Earth allah","None","2013-10-31 00:42:55","http://t.co/p8VnxAyhSf"
104,261977362,"hussler","Hussler7777","Allah is 1/Family/Life/World Peace [Media will lead u 2 hate the oppressed & have u loving the ones doing the oppressing] What has the world come too??",35,82,0,1202,"Alert","Mountain Time (US & Canada)","2011-03-07 02:53:09","None"
105,99518358,"Yaasin Rafeeu","yaasinrafeeu","",427,1241,3,3512,"Maldives","Karachi","2009-12-26 15:01:15","None"
106,1954694730,"muhammad sikander","malaham440","Guided by the principles of religion and dominated by the sword",133,174,1,4932,"lahore","Arizona","2013-10-11 17:53:27","None"
107,115871801,"Fazal Subhan","fazal74","Karachi, Pakistan",110,724,0,66,"Karachi, Pakistan","Karachi","2010-02-20 07:37:38","None"
108,2284565358,"asadullah","asadullah021","",13,400,0,24,"","Baku","2014-01-10 05:07:17","None"
109,367584303,"Anand Mohammad","AnandMohammad","I am very islamist.. I am Proud to be a Muslim, Allah is my Lord Mohammed is my Prophet,Islam is my Religion and Jihad is my Way",79,594,0,1314,"iran ","None","2011-09-04 06:15:09","None"
110,2786903073,"islam ummah","IslammUmmah","",112,295,0,59,"","None","2014-09-27 09:35:46","None"
111,2672594625,"Abdulrahman","ishakaomoh50","Ready for them like they ready for me!",86,256,0,219,"","None","2014-07-04 17:24:22","None"
112,2811541960,"matunda","matundamussa5","",30,241,0,3,"","None","2014-10-06 20:48:19","None"
113,548953840,"abdhullasunil MN 4","SunylLaya","",141,566,0,2296,"","None","2012-04-09 05:01:54","None"
114,141410670,"Abu Spiderman","TesladDaDon","Until lions have their own storytellers, stories of hunting will always glorify the hunter. I Hate Music.",772,1049,6,26841,"Abeokuta «-----» Ibadan ","Madrid","2010-05-08 01:22:52","http://t.co/w2WVsnRbqY"
115,559912144,"wibowo Hary","wibowoHary13","mantan mahasiswa Hubungan internasional..penikmat timur tengah..bukan peneliti apalagi pemerhati",69,168,0,378,"","Bangkok","2012-04-21 22:41:47","None"
116,465604907,"Here2keepupwithnews","safeboss","",88,683,0,2139,"","London","2012-01-16 14:56:08","None"
117,2539559261,"النصر او الشهادة ","muhajirghareeb","لا اله الا الله ---- لا معبود بحق الا الله",378,1361,0,1741,"","None","2014-05-10 19:15:14","None"
118,238504105,"demiborong","demiborong","",176,665,0,9,"","None","2011-01-15 09:40:58","None"
119,2239352387,"Usayd Hudayr","UHudayr","لا إله إلا الله محمد رسول الله",115,232,0,1206,"","None","2013-12-23 06:27:28","None"
120,108437684,"patrick mijoni","almijon","",16,237,0,4175,"","Santiago","2010-01-25 23:17:12","None"
121,852542442,"Oussama أبو مصعب","K19_84","Prima di educare la lingua educa il cuore..Islam. Jihad. Shām. Iraq. Yemen. Somalia. Magreb. Khorasan and M.E  الدولة اﻹسلامية",1010,521,10,21323,"","Brussels","2012-09-29 09:18:26","None"
122,184669907,"Slave Of Allah","foisal11","want to be a real muslim.",133,102,1,771,"Bangladesh","None","2010-08-30 04:58:14","None"
123,2849597827,"sniper view","sniper_view","",22,266,0,11,"","None","2014-10-10 03:16:06","None"
124,809115114,"Ash J","AshAgony","Writer. Thinker. Reporter. Iconoclast.Into politics, philosophy, science, sex, religion, and culture.",273,1749,12,2444,"Brooklyn, NYC","Atlantic Time (Canada)","2012-09-07 15:50:39","None"
125,2729599098,"Islamic State Releas","AraEngUrdEtc","",0,518,0,14,"","Arizona","2014-08-13 14:52:56","None"
126,2827153748,"Ibn Abdulla","windcrescent","Not much.....",48,236,0,1371,"Mordor","Baku","2014-09-23 00:34:16","None"
127,1605978720,"Farooq Ahmad","BhatFaruq","",47,459,0,8,"","None","2013-07-19 14:04:44","None"
128,2820286167,"Ar Raqqah Media","arraqqah_media","Coming Soon FB:https://t.co/JrmUXm9dlK",8,20,0,18,"Dunya ","None","2014-10-09 19:22:53","http://t.co/hqywyJsIsm"
129,2327592604,"harun shah","AdwanShah","",50,494,0,25,"","None","2014-02-06 07:05:21","None"
130,2847582584,"Ali Abduallah","aliabduallah38","",6,63,0,0,"","None","2014-10-08 15:30:15","None"
131,2775581986,"Abu Sulayman","admiman2","Islamic State Alhumdulillah :)",29,121,0,245,"","None","2014-09-19 11:10:49","None"
132,2320794146,"Riad","R76315","",10,179,0,2,"","None","2014-01-31 13:24:55","None"
133,2817373743,"Eren Jaeger ","Eren__Jeager","If you win, you live. If you lose, you die. If you don’t fight, you can’t win!",16,133,0,158,"","None","2014-10-08 23:07:24","None"
134,1037775996,"Hussein Suleyman","yzench","",13,92,0,17,"","None","2012-12-26 18:45:32","None"
135,2820727739,"İslam Devleti Haber","IDHaber","Allah bizim koruyucumuzdur Kafirlerin ise koruyucusu yoktur.",43,33,0,6,"","None","2014-10-09 22:28:18","None"
136,949364370,"Role Model (Mohamed)","siddiqesmart","“When you’re think about 3 things:1. Allah is watching you!2. Angels are recording your deeds!3. And death is closer than you think!”",53,392,0,75,"india","None","2012-11-15 09:14:14","None"
137,2794274271,"Rock","RockBilbao","Analyzing uprisings across the world...Ukraine, CAR , Hong Kong, Gaza & Many other places..Counter-terrorism laws can b counter-productive",39,170,0,849,"","None","2014-09-30 11:10:25","None"
138,130586534,"Aamer Zaheer","aamer045","Born and grown up in Arabia. Muslim and Socialist.",18,102,1,1228,"Some Where in the World!","Riyadh","2010-04-07 18:44:46","None"
139,2338772976,"muhadehad","muhadehad","☝",1,142,0,0,"Europe","Bucharest","2014-02-11 18:15:24","None"
140,2322513700,"Abdulaziz sabriye","adi_zizu","",18,126,0,271,"","None","2014-02-03 19:58:52","None"
141,188821336,"DW","DannyWalto","I write Twitter stuff when I'm on drugs, then I delete most of those things when I'm off drugs. My opinions are all endorsed by Sundin, Stephen Harper and Sears",217,518,2,548,"","Central Time (US & Canada)","2010-09-09 17:32:35","None"
142,2751590557,"QA.AF","QA_AF","",12,13,0,2,"","Monrovia","2014-08-21 07:22:16","http://t.co/pMcG6btE8h"
143,2792842433,"ʾIsḥāq Hunteɾ","IsqHunter","- A random guy, searching for news around the world.The alien of planet Twitter.",4,326,0,1,"Deep in the ocean.","Amsterdam","2014-09-29 20:55:16","None"
144,1357799084,"BA","ImYrPresent","followers would be blocked",0,203,0,175,"","Riyadh","2013-04-16 20:18:11","None"
145,2828228238,"MINI ON","skaam90","",119,1188,1,5,"","None","2014-09-23 15:37:48","None"
146,2338154378,"amin moin","moin_amin","",4,44,0,64,"","None","2014-02-11 10:36:50","None"
147,91952367,"adil pasha","adilsum","not yet written :)",84,738,1,243,"Bahrain","Riyadh","2009-11-23 06:36:33","None"
148,2795003536,"The Great Collector","Jizyacollector","Avid suporter of IS and avid hater of Daesh. I do not work for CIA, NSA, FBI. Formerly known as Abu Hamza or something like that. I am not not a terrorist.",366,62,4,297,"Pentagon","Ljubljana","2014-09-30 14:43:50","http://t.co/3PkAkbT6i1"
149,1612453885,"Dr. Hamisi Chigz","312Chigxyz","hooked",4,69,0,61,"Kenya","None","2013-07-22 09:24:32","None"
150,2840403062,"ابو مجاهد","ulwanabu","",30,237,0,71,"","None","2014-10-04 16:33:03","None"
151,2811078130,"نافع","isnaf10","",15,196,0,2,"","Ljubljana","2014-10-06 18:18:03","None"
152,259720650,"fuadi abdulahi","nipisheni","its me",500,1413,2,1880,"NAIROBI","Nairobi","2011-03-02 13:19:17","http://t.co/e2M1iimiXA"
153,153524203,"Karim","Elinkwijk9","",7,100,0,3,"","None","2010-06-08 19:51:11","None"
154,2152426354,"Drilon Gashi","drilonga","Muslim",21,67,0,997,"","None","2013-10-25 10:35:49","None"
155,2792442245,"Сумайа Руш","s_tauhid_rush","",21,138,0,175,"","None","2014-09-29 18:38:01","None"
156,2709401107,"shahen_aldnani","shahen_aldnani","رحمك ربي واسكنك فسيح جناته أيها الشيخ ابي مصعب الزرقاوي، اللهم أمين",85,321,0,1975,"","None","2014-08-05 13:52:51","None"
157,190439114,"Me","mohammedsobh","",78,996,0,17,"","None","2010-09-13 23:27:34","None"
158,171428420,"omer hattab","ohatab11","",224,170,4,1623,"","Athens","2010-07-27 09:34:41","None"
159,1722043892,"Ahmed Sheneen","AhmedSentey","",82,673,1,1194,"","None","2013-09-02 11:18:58","None"
160,2574828528,"muzzzy jabz","Muzzzyjabz","",30,273,0,25,"","None","2014-06-18 13:21:53","None"
161,165697534,"Abu Selima","najmudi","",285,1142,0,439,"48.170043,16.293778","None","2010-07-12 08:49:17","None"
162,2547636216,"K","goldsilverdoor","Disseminating information on societal manipulation and brainwashing disguised as education. RT ≠ endorsement.",234,1813,3,1097,"","Kyiv","2014-06-05 08:05:21","http://t.co/yQezjT6yVI"
163,1532111383,"ابوزبير المحاجر","ABUUZUBEIR","",8,107,0,4,"Arusha","Nairobi","2013-06-19 21:48:58","None"
164,2849082452,"Abu Ibrahim","ibrahim8967","Khilafah has been rises! #SoldierofAllah #Tawheed #AlWalaaWaAlBaraa",9,42,0,3,"","None","2014-10-09 17:31:31","None"
165,2459052708,"SHAIKH IRSHAD®","igaamuk","Can't remember who I stole my bio from & why...Yousmarg...",41,344,0,222,"J&K","None","2014-04-23 02:37:51","http://t.co/FcPURNy6p9"
166,49090347,"Dodi Rahmat","DodiRahmat","",213,95,7,23,"","None","2009-06-20 19:18:26","None"
167,2605271551,"Hussain Afeef","fittay4294","",14,86,0,22,"","None","2014-07-05 10:32:59","None"
168,2759774613,"Matthias Hauser","hauser260","",0,1,0,0,"","None","2014-09-02 21:23:06","None"
169,1543655868,"Ayasofya Ruhu","ayasofyaruhu","#AyasofyaAçılacak...Ayasofya’yı, artık önüne geçilmez bir sel, bu sel açacak…",37,116,0,137,"","None","2013-06-24 16:56:51","None"
170,1535977219,"Aryan Syazwan","aryansyazwan","Look up, get up, and don't ever give up.",3,1181,0,33,"","None","2013-06-21 07:23:00","None"
171,2389741728,"عادل‎","Abu_Maryamm","A husband and a father, and above all Muslim alhamdulillah!",7,44,0,9,"","None","2014-03-14 19:49:10","None"
172,2691207764,"ibn qahtani ","IbnQahtani","",171,740,0,185,"","Chennai","2014-07-29 22:39:03","None"
173,251853419,"Diren Kartal","Diren_k","Semi-pro footballer who loves to travelPersonal trainer !",220,145,0,1324,"everywhere ","None","2011-02-14 00:12:19","None"
174,776644921,"Areeba Makhdoomi","areeeee1","I accept Allah as my God, Islam as my religion and Prophet Muhammad (Sallallahu Alaihi Wasalam) as His final messenger.",354,366,1,5207,"Indian Occupied Kashmir","None","2012-08-23 19:51:53","None"
175,1005936770,"المديني","al_madini","لست ارضى المقام ||",367,1652,1,374,"","Amsterdam","2012-12-12 09:08:51","None"
176,2349885854,"milarepa58","hildo58","man 58 amsterdam.twitteraccount voor alle godsdiensten/religies en nieuws op diverse gebieden en het grote en mindergrote wereldnieuws.for all religions/news",668,1998,0,267,"amsterdam","Midway Island","2014-02-18 10:09:01","None"
177,969654674,"Khalil Ahmad","zarrar181","",14,163,0,71,"","None","2012-11-25 08:29:10","None"
178,2819748766,"Marek Hossein","HossMarek","",1,3,0,2,"","Nairobi","2014-10-09 14:47:56","None"
179,2721512996,"Aminah Hussein ","aminahhussein","Revert Sister//Seeking knowledge, truth & fulfilment of mind body & soul//Livin in Black & White needing an explosion of colour//Allah SWT guides my ❤",310,702,0,968,"North London, UK","London","2014-08-10 12:35:45","None"
180,150242316,"Shoaib ","Shoib47",".",35,90,0,212,"","Baku","2010-05-31 12:55:32","None"
181,2832077114,"Prosperidad","pr0speridad","",1,27,0,0,"","None","2014-09-25 16:59:59","None"
182,915099272,"Ikram Elahi Sadozai","ikramsadozai","",11,92,0,129,"","None","2012-10-30 17:25:59","None"
183,2725735881,"Aßdullah Zußaer","vu_vu_zella","",12,316,1,29,"","Almaty","2014-07-26 23:24:18","None"
184,2816442478,"AbuHussainAlBritani","AbuHussain104","Random British Mujahid Somewhere In The Islamic State // #InspireTheBelievers // #JihadFesabililah // Another New Account",321,51,2,7,"Dowlatul Islam","None","2014-10-08 18:57:41","None"
185,301473969," Maryam tahira","Maryamtahira1","لا اله الا الله محمد رسول اللهThere is no one worthy of Worship but Allah and Muhammad SalAllahu Alyehe Wasallam is His Messenger.",53,158,0,410,"","Almaty","2011-05-19 14:45:35","None"
186,384640384,"Adam Naaix AlMaldifi","Naris69","",140,161,0,173,"","Indian/Maldives","2011-10-04 01:57:10","None"
187,2611233370,"ابو عبدالرحمن","wahiid15","Say, Indeed, my prayer, my rites of sacrifice, my living and my dying are for Allah , Lord of the worlds. 6/162",172,189,1,3142,"","None","2014-06-15 11:44:59","None"
188,2811570181,"اسد # الخلافھ","ibraheemahmad00","",29,70,1,65,"","Baku","2014-09-15 15:48:29","None"
189,269931195,"mary e. koger","kinsler9","To God be the glory!!!!!!!!",31,65,0,940,"Tennessee","America/New_York","2011-03-21 18:21:48","None"
190,2755960222,"Newsfollow","newsfollow128","DONT FOLLOW ME-----I FOLLOW U-----HATE DEJA MOO'S-BREAKING NEWS-HRW-NESPRESSO-TRAVELLER-PD12 CYBERLINK",1,61,0,44,"A'DAM-LDN","None","2014-08-30 15:25:08","http://t.co/rlhPgtLgWH"
191,1205220223,"Jasmine Ahmed","moomin1994","#freepalestine #starwarsfan #1ummah",83,266,7,1018,"","None","2013-02-21 15:22:28","None"
192,1581736298,"BaGhdad","4nd4lus","‏~ الأندَلُسْ .. ولا غَالِبَ إلاّ الله ~",150,506,2,273,"مشرّد,منذُ سقوط #الأندلس ","Baghdad","2013-07-09 23:54:18","None"
193,2324117882,"صخر","DrSakhr1","النقد البناء",57,659,0,321,"","None","2014-02-02 17:58:33","None"
194,294235867,"billel fumigene","billelfumigene","news follower,  interested by middle East theater",24,206,0,772,"","None","2011-05-06 19:34:23","None"
195,1316424026,"ابو_العزايم","mapoalazaym","‏‏‏قد قلت يوما سوف أعود عندما يأتي الربيع لاحرر وطنا ضاع فيه حق الشهيد",180,1339,0,308,"","None","2013-03-30 13:13:27","None"
196,1384480956,"Ahmed Khoso","ahkhoso","",37,184,0,674,"","None","2013-04-27 13:44:32","None"
197,2815242981,"jamil","JamilPilot","الحرب من السماء",44,886,0,0,"بيروت","None","2014-10-08 13:01:41","None"
198,222106577,"hasan hüseyin çakmak","hhcakmak","Chief/TCCI-EU Expert/TOBB -TASCA(Türk-Arap Derneği/Turkish-Arab Association)-YEŞİLAY-BEYAZAY- Istanbul University/Economics in English-Jordan Z.P.Univer./Arabic",684,315,4,2758,"Turkey","Quito","2010-12-02 13:45:14","None"
199,377785004,"ALI BABA","Cyber9uy","",172,1998,0,3,"","None","2011-09-22 03:15:04","None"
200,1624109316,"Ali Sirnakli","AliSirnakli","",247,372,0,2867,"","Brussels","2013-07-26 23:54:11","None"
201,2791248064,"أبو كاسيوتين","Sirocco_LY","Innocent until proven مسلم",16,187,0,2,"Solitude.","None","2014-09-29 10:59:04","None"
202,2319105355,"Oum El Farouk","OumElFarouk","",193,355,1,432,"","None","2014-01-30 15:33:30","None"
203,2266741854,"Al- Mûminîn","Al_Furqan10","الدولة الاسلامية في العراق والشام",996,159,6,956,"","Athens","2013-12-29 02:38:07","None"
204,1043303287,"Asad","asadk08","",80,616,0,887,"","None","2012-12-28 22:31:38","None"
205,2316990030,"stefano argenziano","stefarge","",21,664,0,2,"","Amsterdam","2014-01-29 11:35:42","None"
206,1480087771,"Abdul #Hameed","378Hameed","",53,494,0,133,"","Islamabad","2013-06-03 16:12:24","None"
207,981554214,"yusuf","Yusufali1988","",8,77,0,27,"","None","2012-12-01 01:03:00","None"
208,2811873190,"Khalid Ibn AbdelAziz","IbnAmghar2","ﻭَﺇِﺫْ ﻳَﻤْﻜُﺮُ ﺑِﻚَ ﺍﻟَّﺬِﻳﻦَ ﻛَﻔَﺮُﻭﺍ ﻟِﻴُﺜْﺒِﺘُﻮﻙَ ﺃَﻭْ ﻳَﻘْﺘُﻠُﻮﻙَ ﺃَﻭْ ﻳُﺨْﺮِﺟُﻮﻙَ ۚ ﻭَﻳَﻤْﻜُﺮُﻭﻥَ ﻭَﻳَﻤْﻜُﺮُ ﺍﻟﻠَّﻪُ ۖ ﻭَﺍﻟﻠَّﻪُ ﺧَﻴْﺮُ ﺍﻟْﻤَﺎﻛِﺮِﻳﻦ",121,353,2,205," ","None","2014-10-06 23:03:48","None"
209,2779571156,"5 Kill Isis","Ustekinumab","kill isis. kill isil. kill is, kill Islamic State. Defend all those who love peace.",22408,8518,4,188,"kill Isis","Central Time (US & Canada)","2014-08-30 00:52:26","http://t.co/085QJU5PLu"
210,2818921163,"Mohammad Aamir","42Aamir","",1,44,0,5,"","None","2014-10-09 08:57:30","None"
211,289893104,"Mahmoud FreeGaza","MahmoudAlves","Muslim - Male - 22 - Palestinian - Ummah politics",10,91,0,115,"Denmark","None","2011-04-29 11:57:13","None"
212,2195181086,"Halimah Islaamiyyah","UmmHalimah_89","ALLAAHU AKBAR !Martyrdom is my dream &I wanna be a Women of Jannah,Aamiin :)(again &again my old account has been suspended by Twitter)FB:Halimah Islaamiyyah",1,51,0,26,"Sukabumi Indonesia","None","2013-11-15 01:43:34","None"
213,2590345764,"أبو العباس القلموني","Maxabbes","الويل الويل للروافض ، فقد أطلقت أسود جائعة ...",203,695,0,203,"","Casablanca","2014-06-26 22:32:12","None"
214,162459363,"Mike Dugent","MikeDugent","Husband / Dad first, sports, politics, critical infrastructure cyber security. Currently obsessed with Middle East current events.",261,1098,5,1099,"Philly / Providence, RI","Quito","2010-07-03 18:48:43","None"
215,2821733995,"هوزايف","tawhednasheed","",8,63,0,2,"","None","2014-09-20 11:28:42","None"
216,2725749866,"alfa","AlfaYusriyah","",80,109,0,408,"khilafah islamiyah","None","2014-08-12 09:04:12","None"
217,365549357,"Sono Io","snymartin","Indie developer, recovering academic - interested in justice, history, literature, activism, clicktivism & civil rights [n.b. tweets are talking points]",154,858,4,278,"Cambridge, UK","None","2011-08-31 16:35:36","None"
218,1571701645,"Dinne","Dinne_muslim","Muslim Hamdoulilah - They say our Dawah splits the people. It is correct, we seperate truth from falsehood. - Born in the West, Son of the East.",44,249,1,1766,"","None","2013-07-06 01:01:04","None"
219,2576722749,"abuu mansour","gulabaya","",11,219,0,34,"","None","2014-06-02 06:38:05","None"
220,2770273774,"Uzkudar♥","_an0n_y_m0us_","16  | Hafidha | bunnyhugger| RT/Fav does not equal endorsements",425,292,0,2835,"darul cyberspace","None","2014-09-14 17:31:11","None"
221,161544848,"Tharindu Deeptha","CybertronDeepT","",25,301,0,55,"","None","2010-07-01 03:37:10","None"
222,2794435936,"Ry","MoslmonnRy","#الدوله_الاسلاميه الجزيره العربيه",196,1015,1,86,"","None","2014-09-30 11:57:50","None"
223,912069336,"Mudasir","BestMudasir8","",15,177,0,6,"","None","2012-10-29 09:10:05","None"
224,2535131561,"abdullaherhabi","abdullaherhabi","",34,156,0,91,"","None","2014-05-08 14:07:01","http://t.co/teVPjTswwo"
225,348969244,"Quotes","Quotes_Yo","Funny one liners retweeted. #followback",69,1014,1,319,"Worldwide","None","2011-08-05 09:22:57","None"
226,14617319,"L£T$_FX","iQORTA","",37,244,0,0,"BQY","London","2008-05-01 18:03:53","None"
227,2704545846,"ata beg","naga_laut11","",10,249,0,3,"","None","2014-08-03 17:35:30","None"
228,2431029070,"م","safi_rs","",38,229,0,322,"","None","2014-03-23 13:19:42","None"
229,2845300386,"Rafflesia Langkari","DyakBanjar","War Credit Analyst.....lol :-P",92,23,0,370,"Darl Erl Kufr","None","2014-10-08 00:04:09","None"
230,1291242660,".... LH","Skelet0nius","wa qatiluhum hatta la takuna fitnatun wa yakuna dinnu kulluhu LILLAH",80,229,0,39,"mombasa majengo","None","2013-03-23 12:02:45","None"
231,2421575491,"muhammadisa","Muhammadisa74G","",52,266,0,91,"","None","2014-04-01 05:10:10","None"
232,167698940,"Bow_illuminator","testilluminator","Hamba Allah..",130,574,1,2683,"Indonesia","Pacific Time (US & Canada)","2010-07-17 07:25:07","None"
233,2583489062,"درويش","Darvesh_Baloch","",1,26,0,2,"","None","2014-06-23 06:45:16","None"
234,2686787924,"jihad fi sabilillah","ansaryalhind","",25,119,0,189,"","Astana","2014-07-28 06:21:50","None"
235,956068087,"biza hamis-khan","bizahamiskhan","",1,69,0,9,"","None","2012-11-18 19:11:30","None"
236,2801001567,"Om Om","omar_m3520","i love isil",250,551,0,106,"","None","2014-10-02 23:15:55","None"
237,2795601527,"Mb","MbBargbidi","",2,4,0,0,"","None","2014-09-30 17:04:56","None"
238,2797239105,"Aboo Musa","AbooMusa2","",65,242,0,5,"","None","2014-10-01 05:47:23","None"
239,119324602,"abu khalid","abu_khalid94","",117,242,3,361,"","None","2010-03-03 09:00:53","None"
240,2827704505,"Iqrar-e-Tauheed","IS_Admirer","In quest of HAQ (Sister from Pakistan)",67,202,0,152,"","None","2014-09-23 08:22:47","None"
241,28874101,"beverley walker","indianharbour09","",14,1742,1,1,"","Casablanca","2009-04-04 21:26:35","None"
242,2350103498,"  ŽĀĥЯĀ ЯĀטĀד ","miss_ravat","",1,230,0,23,"","None","2014-02-18 13:16:48","None"
243,2579773511,"abubakrh","e4280391398940e","analysis only. links and re tweets does not mean endorsement",60,666,0,662,"","None","2014-06-03 08:01:07","None"
244,2762269642,"nazeera dawood","nazd345","",6,326,0,0,"","None","2014-09-05 20:30:19","None"
245,233910532,"Abdullah☝عبدالله","BladeOfTruth","I could've been anybody.. I chose to be Free..  chose to be Abdullah",467,286,10,19642,"","Quito","2011-01-04 11:59:40","None"
246,2575810213,"LuvDa3esh ","rizafa850","mylove's stucked on IS completely",231,299,1,1222,"","None","2014-06-19 00:54:59","None"
247,2749601897,"Anvar sami","Anvarsami","",50,618,0,3,"","None","2014-08-21 22:08:44","None"
248,2289334262,"★Ummahat★","Rinanr41","Allahuakbar ahadun ahad ★★★Daulah islamiyah ♥",242,255,0,1526,"","None","2014-01-13 08:32:28","None"
249,1097611951,"usama alsomal(janah)","usamaamin9","",3,28,0,4,"","None","2013-01-17 08:44:53","None"
250,2449559347,"Gta Gta","ggg1575","",35,307,0,5,"","None","2014-04-17 11:21:51","None"
251,2773664399,"Al_Jabali_2","Murabiteen","‏‏مما يزهدني في أرض أندلس.... أسماء معتمد فيها ومعتضدألقاب مملكة في غير موضعها... كالهر يحكي انتفاخا صولة الأسد",779,359,2,499,"","Ljubljana","2014-09-17 17:23:06","None"
252,2783745836,"abu khaleed","AbuHaitham13","",23,264,0,110,"","None","2014-09-01 08:25:36","None"
253,2801664302,"ayik","ucukuprut","",196,948,0,125,"","Jakarta","2014-09-10 12:00:41","None"
254,2847664164,"Ummu Jannah ","M_Sumayyah","- Observer - Jihad - Love - IS - English - Malay - Mujahidah - Solehah - Insyaallah - Sharia -  ♥ ♥ Jannah  ♥ ♥",6,27,0,6,"Malaysia","None","2014-10-08 17:28:17","None"
255,577282072,"Muhammad Rafi UK","mrafiuk","Live for others",237,974,1,641,"","Pacific Time (US & Canada)","2012-05-11 16:36:18","None"
256,2739699278,"Abd-Allah","jihadi4life","“Islam breeds lions who can never be defeated in the fields, while the West breeds rabbits.” NOT AFFILIATED TO ANY GROUP",209,200,1,1582,"darul kufr","None","2014-08-17 13:23:30","None"
257,2188721169,"MOHD AARIF","AarifSays","***",42,60,0,143,"Indian Occupied Kashmir","None","2013-11-20 11:27:24","None"
258,747063564,"khan habib","doctorhnk","I'm A Born Rebel",18,101,0,560,"","None","2012-08-09 11:33:38","None"
259,2668703159,"Sydney Mathonsi","sydneylupane","",299,1228,0,33,"","None","2014-07-03 17:58:22","None"
260,1389628818,"Anonymus","based_tweet","",105,288,1,2215,"","Midway Island","2013-04-29 14:42:45","None"
261,98510707,"cah karangmbongko","dulmuqit","",109,485,0,97,"Jakarta","Pacific Time (US & Canada)","2009-12-22 00:57:43","None"
262,2331646308,"Aymen FS","FiSyria_Aymen","",83,77,2,136,"","Athens","2014-02-07 10:22:48","None"
263,2563113937,"Alfilibini","abubakar2687","",67,215,0,182,"","None","2014-06-12 09:50:07","None"
264,562059099,"El Morisco ","R_Pach","#Andalucìa Pocos Pero Locos !!! Si tu RT plus vite que ton ombre je vais devoir t'unfollow. Balafres de pirate sur le visage appelle-moi Jack Sparrow !",464,1628,1,14681,"France","Athens","2012-04-24 12:22:22","http://t.co/yQdoL8mHxp"
265,100328453,"Abdel-Rahman Ibn ","ultime77","Allah est Grand et Unique sans associer",254,592,0,2365,"","Amsterdam","2009-12-29 21:47:20","None"
266,2802976663,"Omar Khattab","omarkhattab78","Truthseeker, Freelance Journalist, Historian Covering Middle east. PS. I Dont live in Middle east!",18,200,1,309,"","New Delhi","2014-09-11 03:32:19","None"
267,1054167320,"Kik44","Khizarulz","I m crazy goofy nuts serious Exciting to be around and very friendly..",31,418,0,266,"Mumbai","None","2013-01-02 04:16:56","None"
268,2304881346,"الأب يوسف سليمان","AbuYusuf97","‏لا إله إلا الله، محمد رسول الله",380,989,1,12673,"","None","2014-01-22 13:48:41","None"
269,909061453,"sin_fok99","ayokurd","The World Is At War",4,36,0,0,"","None","2012-10-27 22:38:29","None"
270,92951711,"Gunbatımı raki saati","selim2009","Balık ve Deniz, Fenerbahçe,",70,123,0,1295,"","Istanbul","2009-11-27 11:32:40","None"
271,522418147,"Ghalib","GhalibMohamad","",70,293,0,85,"","None","2012-03-12 17:13:53","None"
272,112959815,"syamsul reza","ixyam","Terlahir sebagai putra minang namun bukan rank sumando.........",21,103,0,36,"jakarta","None","2010-02-10 07:23:52","None"
273,1879095696,"Abu Muthana","Abu_Muthana","Student",505,525,5,1080,"","Amsterdam","2013-09-18 11:29:23","None"
274,2718020252,"Hans Worst","Lolzens","Lolze i like to lolzens para siempre halte mal die klappe bitte",4,98,0,3,"","None","2014-08-08 21:23:21","None"
275,2817269615,"Abu Dawud As Somali","secretakhi1","IM BACK AGAIN TWITTER 5th time getting suspended",104,86,0,68,"","None","2014-10-08 22:31:12","None"
276,2840301050,"abuhectic","abuhectic2014","retweet does not equal endorsement.",35,1039,0,167,"","None","2014-10-04 15:00:25","None"
277,536731409,"Voyager","deepakp92130740","Travel and current affairs. Re-tweets are not an endorsement for any group.",77,244,1,2310,"In this world","Amsterdam","2012-03-25 23:21:42","None"
278,946877060,"ɔɐɥsǝɹɯo","AlphaCetiaw",",.",205,1518,1,51,"","Bangkok","2012-11-14 01:52:30","None"
279,2817152440,"news","Newswatcher25","",0,58,0,0,"","None","2014-10-08 21:58:00","None"
280,2816928844,"Omar Rahim","OmarRahim7","",27,681,0,33,"","None","2014-10-08 21:10:23","None"
281,281269895,"Yunus ","YunusKurdo","",7,148,0,0,"","Copenhagen","2011-04-12 23:56:59","None"
282,342243228,"مم","maate_zzz","",181,625,1,1774,"","Karachi","2011-07-25 18:11:05","None"
283,50525209,"abu786","abooo786","",29,710,1,105,"","Kuala Lumpur","2009-06-25 02:35:52","None"
284,534047221,"Blue Domination","ChelseaFC010","Passionate Chelsea fan, AFL Dream team and Fantasy is so addicting. Melbourne,Australia",15,113,0,244,"Melbourne","Arizona","2012-03-23 08:33:15","None"
285,1900640790,"i-Khattab ","alamkubur777","",44,172,0,678,"","None","2013-09-24 14:32:49","None"
286,2743318841,"tu connais pas","AbouYassine92","",76,190,1,1191,"","None","2014-08-15 07:12:25","None"
287,231410756,"Abuu Haris","KawkabHussein","",38,278,0,482,"Dar es Salaam","Nairobi","2010-12-28 12:51:41","None"
288,29158788,"Mus'ab","003adam","",0,156,0,1,"","Baghdad","2009-04-06 06:54:30","None"
289,1522504082,"ShaDoW","obinoavey","Moral excellence comes about as a result of habit. We become just by doing just acts, temperate by doing temperate acts, brave by doing brave acts.",368,1700,0,5644,"Political Animal ","None","2013-06-16 15:39:38","http://t.co/ccnrBrI0A7"
290,2617756058,"nero81de","keinstressmann","Ich suche nur nach Infos mehr nicht.",0,7,0,11,"","None","2014-07-11 17:52:01","None"
291,2531893447,"Emilia Egawati","EgawatiEmilia","",32,132,0,5,"","None","2014-05-29 05:53:45","None"
292,2252207084,"TruthSeeker","truthseeker1684","Truth seeker | Researcher of Religions | Hate blind faith | Non biased | Peace | Non muslim | Current Affairs | Foodie | Follow/RT ≠ Endorsment",74,155,1,955,"","London","2013-12-18 16:09:30","None"
293,16652776,"Scott","bamapepper","Crimson Tide fan, study law, politics and economics, Wreaking havoc on the idiotic.........",282,1200,4,11019,"","Eastern Time (US & Canada)","2008-10-08 18:18:46","None"
294,2719732687,"sidi","Black_Flag_Army","",4,39,0,0,"","None","2014-08-09 16:54:52","None"
295,1736189353,"taleyildirim","taleyildirim","",1,15,0,27,"Türk Toprakları","None","2013-09-06 18:25:20","None"
296,25781057,"Michael O'Dell","Chinashark","The official voice of your unseen master",156,620,0,1555,"Washington, D.C.","Eastern Time (US & Canada)","2009-03-22 04:31:59","None"
297,2796814931,"Abu Zubayr As-Somal","blackflags_2014","tawheed. kufr bit taghout. Currently residing in biladul kufr",24,66,0,65,"","None","2014-10-01 00:40:46","None"
298,2515795693,"Omar Mohammed","OmaralbaghdadiO","",5,84,0,22,"","Baghdad","2014-05-22 16:11:17","None"
299,234896645,"Idfwolf1967","idfwolf1967","Research Analyst monitoring online Global Hate, Anti-Semitism and Terrorism. Proud Zionist, Animal lover, Israel, IDF.",35,563,7,11241,"","None","2011-01-06 21:05:32","None"
300,881668136,"RSA","mdeenmdeen","",12,78,0,84,"","None","2012-10-15 06:05:07","None"
301,220800741,"arben","ebuamina76","",32,241,0,1168,"","None","2010-11-28 21:37:48","None"
302,378113713,"Andrik Krüger","Kirdna69","",3,68,0,1,"Magdeburg","None","2011-09-22 17:22:03","None"
303,2565161887,"Mohamed #baqia","mo_abu_khadija","",145,285,0,1611,"Tetoun","Amsterdam","2014-06-13 11:32:59","None"
304,143260376,"dia ","diabaguette","",303,445,4,4507,"nyc","Central Time (US & Canada)","2010-05-13 01:01:22","None"
305,2557162476,"Jannatul Firdous","jannah4me","~Bring Back Khilafah~ May Allah Unite this ummah. Ameen Ameen Ameen",13,31,0,58,"Milky Way, Earth, UK, England","Amsterdam","2014-06-09 16:48:24","None"
306,2800074730,"Abu Ghareeb AlErhaby","SwalahSalim","No retreat No surrender.",26,194,0,58,"","None","2014-10-02 13:57:23","None"
307,449899473,"Halim Aygün","halimaygun","",29,334,0,253,"","Hawaii","2011-12-29 16:44:07","None"
308,2383648337,"Abu Yasien","Abu_Yasien","",37,256,0,61,"Planet Earth","None","2014-03-04 20:46:09","None"
309,2606976249,"Khadija","ghariba_khadija","",37,146,1,119,"","None","2014-06-13 19:40:20","None"
310,2544047400,"ibnudawla","ibnudawla","",161,477,1,963,"","None","2014-06-03 18:07:03","None"
311,1173954258,"इन्फेकटेड मशरूम","TheClever_Idiot","I am not someone who usually sends out threats. I warn only once  The day they touch one of my men the rule of law is over.",187,1026,1,8345,"India","New Delhi","2013-02-13 05:11:02","None"
312,2831848574,"battop","battop12","retweets if interesting",167,1585,1,56,"","London","2014-09-25 14:04:28","None"
313,2784242555,"fert mann  ","fertmannn","",8,228,0,0,"","None","2014-09-25 20:16:17","None"
314,2188412384,"()()()()()()()()()()","sippey_007","",42,1000,0,49,"","None","2013-11-11 13:45:16","None"
315,2486597802,"ibnhosen","ibnhosen","",9,156,0,20,"","None","2014-05-10 03:44:30","None"
316,2759764932,"Legend","Shit_witness","your opinion doesn't matter cause fu¢# hypocrite. Dictator. above man made law.",10,184,0,92,"Caliph's Landing","None","2014-08-23 18:33:09","None"
317,85114724,"my life my choice","aayanshax","(politics) game of power",858,1989,1,23203,"male maldives ","Islamabad","2009-10-25 16:36:48","None"
318,1539382543,"muhammed mudassir","mudassirmeme","",28,571,0,15,"","None","2013-06-22 19:33:49","None"
319,2414701525,"abu yusuf","mohamed74989469","",79,158,0,5,"","None","2014-03-27 17:40:03","None"
320,2806462481,"Abdullah","AbuMahdi_","Just watching. I have been here before.",485,106,5,239,"","Kyiv","2014-10-05 00:35:40","None"
321,2486998665,"Abu muslim","greenbird786786","",5,128,0,77,"Shaam","Athens","2014-04-15 17:20:14","None"
322,2811155481,"ghazi","abuqitta","Correspondent for the BBC. Tweets/fav/RT is not endorsement.",1330,218,9,1724,"Internet ","Monrovia","2014-10-06 18:59:26","None"
323,2806613236,"Asil Aslam","one__ummah_","9 account got suspended lol",545,215,6,231,"","None","2014-10-05 02:24:04","None"
324,2717557008,"al-Furât wa d-Dijlah","alfuratwadijlah","For Khilâfah Hassanî Hussaynî Hâchimî Qurayshî 'Adnânî 'Arabî",887,514,7,7381,"","Ljubljana","2014-08-08 17:29:28","None"
325,2782123004,"Akmal Dheen","DheenAkmal","",95,758,0,542,"Aluthgama Sri Lanka","None","2014-08-31 11:25:52","None"
326,2709732137,"larry tomson","TomsonLa","",87,1227,0,0,"","None","2014-07-14 07:42:22","None"
327,1875465750,"Abu Ibraheem","Abu_Ibraheem_23","Proponent of Islaamic Khilafah.",30,149,0,25,"Dunya","None","2013-09-17 13:22:02","None"
328,2725458706,"Michelle L Evans ","Michelle56Evans","",5,171,0,0,"","None","2014-07-26 17:43:43","None"
329,2737288442,"Abu Ammaar ","AbuAmmaar4","",171,191,0,1781,"","Paris","2014-08-16 14:06:25","None"
330,2425933170,"abu soulayman ","Abou_Soulayman2","",126,875,0,4153,"","None","2014-04-03 17:19:55","None"
331,504858195,"Umm Muhsinah","bukkyibiyeye","I want to die with my forehead on the ground, The Sunn'ah in my heart, ALLAH (سبحانه وتعالى) on my mind, Qur'an on my tongue, And tears in my Eyes!!!",181,360,2,1381,"Dunyah","None","2012-02-26 18:55:52","None"
332,2751942448,"sahraoui","jundi_ddawla","",54,430,0,41,"","Kyiv","2014-08-26 18:53:02","None"
333,2650291327,"Asadanbari","Asadromade","",51,462,0,2,"","None","2014-07-16 07:35:58","None"
334,2568986436,"Abu Shaker ","AbeShaker","",124,145,0,15,"","None","2014-06-15 13:08:36","None"
335,356289969,"Occupied Kashmir","Tweet_pelter","- Islamic State - (Add me on kik- Witnesskoshur)",627,672,16,3876,"Manhattan, NYC ","Hawaii","2011-08-16 16:42:03","http://t.co/0pnQMEJcHf"
336,2320178075,"al Mumtahanah.","meloudzi","ازهـد في الدنيايحبك الله وازهـدفيمافيماعندالناس يحبكالناس.  Z.Abdl Malik إن شاء الله.",880,764,2,15278,"Bilad al Kufr. Pas de DM.","Amsterdam","2014-02-02 15:33:36","None"
337,2608232085,"The Observer","AzerbaijaniMC","",51,529,2,468,"","None","2014-06-14 07:46:17","None"
338,2264740783,"Badrul yaqin kalia","mjtwitt_2013","",4,86,0,5,"","None","2013-12-27 18:19:24","None"
339,2803012475,"Islamic East Africa","Islam4EA5rica","Dar es Salaam, Zanzibar, Mombasa, Mogadishu, Zeila, Djibouti city.",310,664,0,644,"","London","2014-10-03 22:43:10","None"
340,2453028503,"amal badhawi","amalfuadi","",0,13,0,0,"","None","2014-04-01 18:33:34","None"
341,2718528614,"Truth Seeker","7aaqdtruth","",2,30,0,47,"","None","2014-08-09 03:35:55","None"
342,2798789410,"KhilafaWitness","KhilafaWitness_","Traveler.",4,74,0,84,"Everywhere","None","2014-10-01 19:33:30","http://t.co/M6SXIvNyRC"
343,1465476205,"KHIZAR HAYAT","KIZARK15","",32,664,0,9,"","None","2013-05-28 19:10:20","None"
344,2504856322,"shah khan","DrIhsan070","",52,777,0,23,"","None","2014-04-23 21:49:13","None"
345,237796149,"Ienayat Malik","Ienayat_Malik","If you heard that i died, Don't cry for me it won't bring me back to life just pray for me cause i will need it Badly ||",396,1564,0,1295,"Occupied Kashmir","Chennai","2011-01-13 17:10:19","http://t.co/yBzKoU54iV"
346,2716512269,"Ummi Abdullah","miahaseena","",139,322,0,48,"","None","2014-07-18 09:04:09","None"
347,950419070,"عمر المرديني","alxMardini","",142,285,1,93,"","West Central Africa","2012-11-15 20:26:08","None"
348,173804947,"Hammad","theonemee","Muslim Alhamdulilah I am moody |I.R| | PTI | Barça+Messi | Expectation is the root of all heartache.  #teamfollowback",895,1279,2,6420,"","Karachi","2010-08-02 11:57:27","None"
349,1160578130,"malik nassi","maliknaasi","",4,98,0,21,"","None","2013-02-08 16:12:28","None"
350,87966884,"frank","frank0_38","",37,604,0,75,"","None","2009-11-06 15:46:41","None"
351,249280201,"sayfullah","maradonka","",34,314,0,8,"kenya","None","2011-02-08 18:41:25","None"
352,25795516,"Sulaiman Khan","Swareem","Project Head - Event Management, Passion for fitness and health, travelling, foodie",301,1633,2,483,"Dunya","New Delhi","2009-03-22 07:41:17","None"
353,2814027737,"Fanface","fanfacekenya","",0,2,0,0,"","None","2014-10-07 13:41:01","None"
354,203973512,"umm_amaanah","princess_meena","baqiya bi'thnillah",49,66,0,81,"","None","2010-10-17 16:42:36","None"
355,2824813208,"Neil Bar","MegasNilash","",4,6,0,0,"","None","2014-09-21 18:43:56","None"
356,2570331301,"ابو عبد الله","RHA1991","",49,579,0,93,"","Almaty","2014-06-16 05:50:39","None"
357,578478009,"Merve Tekin","m_mrvtkn","",0,508,0,2937,"","Istanbul","2012-05-12 21:06:57","None"
358,2695137328,"Rehana","23Rehana","",20,214,0,44,"","None","2014-07-10 14:35:49","None"
359,1671798884,"Shafak al abir","al_shafak","-I am not a I.S or AL-NUSRA fighter.I just focus on KHILAFAH activities.Please Twitter not suspend my account.",30,170,2,136,"raqqa","None","2013-08-15 00:45:58","None"
360,825334915,"Stranger On Earth","EarthsStranger","♨ Islam began strange, and it will become strange again just like it was at the beginning, so blessed are the strangers. ♨",415,210,2,9479,"☣ ابو إسماعيل الصومالي ☣ ","London","2012-09-15 14:11:36","http://t.co/JXmqrJxLZu"
361,2769471017,"Mina al Baghdadi","Mina29062014","sanamdhi jumuu3an nadukkul 3idaa wa Qur'anu Rabbii lanaa mawridaa wayab3athu fiina yaqiinan jadiid fayawmu-sh shahaadah nasrun majiid",920,274,9,6636,"","None","2014-09-14 00:02:06","None"
362,2556845138,"عبدالله الرهيوي","Abdullah_Rahiwi","",53,308,0,122,"","None","2014-06-09 13:21:07","None"
363,108969810,"Abu Billi","Farhan_bin_AK","Muslim(Ahl As-Sunnah),Amateur Astronomer,Software&Hardware Tinkerer,Love Felines, NATIONALISTS, RACISTS, SHIA & FAGS SHOULD STAY AWAY",530,487,1,4847,"Darul Cats","Mumbai","2010-01-27 15:27:31","http://t.co/yVfwUNUzRZ"
364,2716543379,"ummi mujahideen","ummimujaahideen","Islam, sharia will rule the world #khilaafa ala minhaajin nabuwah",267,327,1,704,"","None","2014-07-18 09:54:13","None"
365,149209663,"habeeb","habeebc","Electronics and Communication Engineer",81,173,0,2633,"Milkway","Chennai","2010-05-28 18:07:53","None"
366,337457668,"Allah servant","AriezVV","",8,21,0,181,"","None","2011-07-18 02:09:31","None"
367,2663933143,"HamDha Solih","hamusalih","",13,94,0,298,"","None","2014-07-20 19:46:29","None"
368,2826239780,"Zeeshan Khan","zeeshankhan1113","",2,16,0,43,"","None","2014-09-22 11:58:52","None"
369,305043449,"ZhengHe","azoarch","Observer from the Himalayas",8,123,0,29,"Qinghai","Alaska","2011-05-25 15:02:04","None"
370,490505193,"Mujahideen supporter","albaghdadi313","My aim is to publish the news of the people who are sacrificing their present for the future of Ummah",345,712,2,910,"peshawar","None","2012-02-12 16:34:20","None"
371,2406048373,"Abu Qital, Bakistani","g3nn1e","Linux Server Administrator",117,186,3,1619,"UK","None","2014-03-23 04:49:33","None"
372,2230456042,"Farooq Khan","Farooq970Khan","",5,380,0,10,"","None","2013-12-17 17:49:10","None"
373,37182597,"David Thomson","_DavidThomson","Reporter @RFI - corres Tunisie/Libye 2011/13- Réalisateur du film Tunisie, la tentation du Jihad  http://t.co/VsOLfTqPU1 Auteur du livre Les Français jihadistes",21351,658,493,10077,"","Greenland","2009-05-02 11:44:12","http://t.co/lm3RKkoKpR"
374,118601451,"Jamal","sevensheva","ordinary man,forever newbie,bapake jiilan#srudukfollow",70,299,0,257,"@setu sawangan","None","2010-03-01 05:36:16","None"
375,2649112363,"Ali Shifau Shifau","alidmet","",3,43,0,45,"","None","2014-07-15 19:47:39","None"
376,2619576968,"Mueed'ul","Restorer99","",475,962,1,4297,"","Monrovia","2014-07-11 23:47:51","None"
377,272932756,"mohamed asarudeen","asarudeen1","YOUR BAD  ENEMY AND BEST FRIEND IS YOUR TONGUE....ITS A MATTER HOW TO USE AND CONTROL IT BY YOUR SELF....",12,146,0,468,"","None","2011-03-27 13:34:39","None"
378,2287286557,"Yacine  ﺱ","jabhat__","#AllVictoryIsFromAllahAlone",188,493,0,3164,"","Amsterdam","2014-01-11 23:00:06","http://t.co/VndeJKW0XB"
379,1078385935,"Henderman","GHenderman","",6,214,0,3,"","Urumqi","2013-01-11 03:20:26","None"
380,2729076425,"Abdul","mmubarakhos","",2,32,0,11,"","None","2014-07-30 14:45:59","None"
381,2766235900,"Falcon Of Quraysh","cloud700007","",6,37,0,27,"","None","2014-09-10 10:18:40","None"
382,2742765729,"Abu Maryam","AbuMary33366869","",11,85,0,6,"","None","2014-08-14 16:58:39","None"
383,2595358376,"tgnlnv","tgnlnv","",0,9,0,85,"","Atlantic Time (Canada)","2014-06-29 21:51:51","None"
384,15836569,"Pointystick","natesorensen","A noble spirit embiggens the smallest man",9,47,0,2,"interwebz ","Mountain Time (US & Canada)","2008-08-13 13:35:07","None"
385,2799670725,"Saifillah Mujaddid","shahadah_","Death is only once, so let it be shahadah | Observer / following news #Ummah #IS / RTs |     يا الله يا مجيب",34,178,0,145,"Permanent residency elsewhere","None","2014-10-02 11:00:50","http://t.co/hTr6B0S51C"
386,2609835691,"abu Aisha","awar911","",34,78,0,93,"","Ljubljana","2014-07-07 14:50:16","None"
387,1850822743,"Iqra'","integrityO1","Please read the Qur'an regularly, he'll be a friend in your grave",27,117,0,1269,"Bimasakti","None","2013-09-10 08:14:33","None"
388,2741886636,"Abu Rijal","aburijal001","Islam started strange and shall return to being strange, so blessed are the strangers.",45,66,0,24,"","Perth","2014-08-18 11:36:59","http://t.co/3inYkGwQBx"
389,1692064099,"أخلاقل جهاد","Aboud5Rogo","",7,36,0,7,"","Kyiv","2013-08-22 20:34:56","None"
390,2801347226,"Khulafaa-Ar-Rashidin","hikmat2359","",14,44,0,102,"","None","2014-09-10 08:08:17","None"
391,136421267,"...","aksua20","",38,278,0,497,"","Greenland","2010-04-23 22:21:43","None"
392,414623095,"Full name","S276SB","",4,200,0,2,"","None","2011-11-17 08:46:40","None"
393,552408407,"JUSTICE","Self_Def","",190,839,4,1836,"","None","2012-04-13 04:09:27","None"
394,2787481005,"Abu Muhajir","4bu_Muhaj1r","Islamic State",116,34,0,70,"Baqiyaa","None","2014-09-27 17:24:27","None"
395,2831052542,"nuruddin","nuruddin511","not affiliate with anything",4,58,0,14,"","None","2014-09-25 03:42:09","None"
396,2665761703,"del casey mastin","delcaseymastin","",3,92,0,2,"","None","2014-07-21 12:11:50","None"
397,2588538518,"Abu Mihjan","Abu_Mihjan","",39,221,0,8,"","None","2014-06-26 00:54:31","None"
398,2699387881,"Mard e Momin","MardeMomin10","",18,41,0,679,"","Baku","2014-08-01 23:24:57","None"
399,2788642834,"Kevin","kalcanadi","",1,31,0,0,"","None","2014-09-28 07:47:09","None"
400,2842205510,"Abu looth","AbuLooth","support islamic state",9,79,0,189,"","None","2014-10-06 10:03:53","None"
401,2815419046,".","news__follower1","tweets mainly about Syria's Jihad and foreign fighters , RT=not my opinion",6,295,0,16,"","Ljubljana","2014-10-08 13:48:34","None"
402,231400912,"Al Mulatham","tjstifler","Faith is not something to grasp, it is a state to grow into.",85,832,0,2206,"Out of nowhere","Urumqi","2010-12-28 12:16:12","http://t.co/F5GqALLiqh"
403,2807609733,"Umm Handhallah","Amaatullah_","I love coconuts ✌",214,244,2,74,"","None","2014-10-05 12:42:53","None"
404,39072270,"the traveller","syb0rkg","As the days pass by everything of this duniya looks strange and insignificant and yet stuck in it.",128,373,0,1691,"","Abu Dhabi","2009-05-10 16:36:18","None"
405,2685201942,"Mahz","Mahz4130","",7,151,0,18,"","None","2014-07-27 14:44:58","None"
406,356972011,"Django ","kashmir4ever","mere lafzun se na karr mere kirdaar ka faisla,, tera wajood mit jaega meri haqeeqat dhundtey dhundtey",129,269,0,4951,"","Quito","2011-08-17 17:03:33","None"
407,1322807594,"Noorman Al Fajr","NoormanAlFajr","",198,396,1,393,"","Bangkok","2013-04-02 16:21:02","None"
408,957537060,"musa","musaceesay18","",6,136,0,10,"","None","2012-11-19 14:34:38","None"
409,1053232026,"Mahmoud Salafi","mahmoud_salafi","",9,50,0,1,"","None","2013-01-01 18:50:16","None"
410,2810007247,"Abou Zayd","AbouZayd08","",97,191,0,240,"","None","2014-09-14 18:57:31","None"
411,2805938675,"AbuBakrAlTurki","AbuMusabAlTurki","Not Affiliated with IS / Not Coconut / RT",198,285,0,759,"Black House","None","2014-10-04 18:02:22","http://t.co/CHQFXLoErP"
412,1088436109,"WhyYouFollowMe","WatcherObserver","There is nothing serious about this account. Watching history in the making. Only love for my bro's and sisters.",152,503,0,8,"Desert","Brussels","2013-01-14 08:42:00","None"
413,2803201174,"DeduskaRiots","DedushkaRiots","Deep down in the jungles of Russia Bubuskhas and Deduskhas had enough of Western Imperialism and they are prepping for a fight for their bowl of Borscht!",13,181,0,302,"Челябинск Россия","Mazatlan","2014-10-04 00:02:15","None"
414,2793633527,"Abu qa'qaa","Aidrusali2014Qa","",296,194,3,735,"","None","2014-09-30 05:16:42","None"
415,1254903139,"Izdat Yousef","IzdatYousef","",15,41,0,11,"Local","New Caledonia","2013-03-09 17:16:04","http://t.co/q8sYPG50CF"
416,2772135180,"jafar al-malawi","jafaralmalawi","A Muslim observer. Not affiliated with any group.",232,328,2,237,"","Eastern Time (US & Canada)","2014-08-27 02:35:58","None"
417,57574944,"B.","fluturo","",55,169,0,305,"","Berlin","2009-07-17 06:46:18","None"
418,200449949,"ESZAIRY","eszairy","",43,20,6,0,"","Kuala Lumpur","2010-10-09 09:56:57","None"
419,1168738938,"Abdi kadir@somal","nasiib_badan","",14,223,0,8,"In the world","None","2013-02-11 12:25:08","None"
420,637312236,"Mads P. Søndergaard","mpsond","",41,768,0,198,"København","Athens","2012-07-16 19:53:34","None"
421,2339751867,"أبو موحد","AbuUmaymah2","RTs ≠ endorsementsfollowing ≠ endorsements",69,352,0,618,"","Baghdad","2014-02-12 18:14:56","None"
422,1424305874,"azrool","dubainiqqa","",36,388,0,302,"","Darwin","2013-05-13 00:26:57","None"
423,2377202394,"farooq","myhomeaziz","",6,31,0,285,"","None","2014-03-07 14:38:21","None"
424,816850801,"Saqib Raja","SaqibRaja6","In-Sha-Allah We'll Unite our land, regain our honor,  glory & Khalifa and AlQudus as Capital.Dawlat-ul-Islam Baqia",88,419,0,1034,"","Baku","2012-09-11 06:48:54","http://t.co/F7DCLKJvym"
425,2841033632,"Ranjit von Zain","RanjitZain","",5,111,0,13,"","None","2014-10-05 08:36:40","None"
426,482932215,"Muslim_witness","muslim_witness","",113,80,1,35,"","Baku","2012-02-04 13:20:51","None"
427,2568129654,"ابن ابن وقاس ","ibnibnwaqqas","",40,97,0,6,"","None","2014-06-15 02:13:25","None"
428,235159513,"sazzadur rahman","nishad689","",8,111,0,15,"","None","2011-01-07 14:15:01","None"
429,531564632,"islmicstate.com","islmicstate","",17,40,0,101,"jawa timur","Jakarta","2012-03-20 19:26:50","http://t.co/mXFp0KLM9u"
430,1544049684,"Sayed Razi","LeRazi","",28,358,1,9,"","Baghdad","2013-06-24 20:38:29","None"
431,2835444062,"al hussain","Hussain7Al","un musulman prêche la chaaria un laïc franc maçon prêche la démocratie et cela ou qu'il soit sur la terre, la démocratie n'est pas compatible avec la théocratie",101,361,0,1303,"","Ljubljana","2014-09-29 05:27:45","None"
432,2743445662,"B El Hammouti","hatoetie","",6,175,0,1,"","None","2014-08-15 10:46:45","None"
433,167687392,"Hanif","umarhanif","I'm not an indonesian, i'm a Muslim and i'm proud. #SyiahIsNotISLAM #SyiahBukanIslam",406,1210,2,6879,"nomaden","Pacific Time (US & Canada)","2010-07-17 06:30:59","None"
434,2593300842,"Saif Al-Rasheed","SaifAlRasheed97","",19,71,1,53,"","None","2014-06-28 16:09:58","None"
435,74944078,"Nick J","Blazin2k10","Proud father , Activist , Arkansas Football Music #IS Kingpin Productions",1035,1590,1,4909,"Worldwide","None","2009-09-17 05:44:56","None"
436,1381491726,"John Simpson","JohnSimpsonlink","Times journalist. This account used for contact requests etc. PLEASE FOLLOW BACK. Find me @thejohnsimpson for more regular updates.",40,231,0,174,"London","None","2013-04-26 09:40:30","http://t.co/2TAK2otHBJ"
437,2684828993,"Selim","mehmeta787","",1,101,0,0,"","None","2014-07-07 22:21:31","None"
438,447112225,"Blessed Believer","BlessedMuslim10","",27,652,0,0,"","None","2011-12-26 14:29:39","None"
439,2795465775,"Umm Salama","ummsalama15_","http://t.co/iCAAfCfdWJNot affliated with IS or any other group. RT does not always mean agreement",355,594,1,982,"","None","2014-09-30 16:42:23","None"
440,1027098830,"Yuda | انصار الخلافة","MeidyaYuda","‏‏‏‏‏‏‏‏‏‏‏‏‏‏الدولة الإسلامية باقية بإذن الله",338,579,1,1732,"Daarul kufr","Beijing","2012-12-21 20:27:27","http://t.co/CTwSuvKUJe"
441,2577974928,"Jamil Ahmed","jackunlifted","MBBS student",71,822,0,5650,"Assam","None","2014-06-20 04:05:52","None"
442,2574475190,"shazzz_32","RumySharfaraz","",107,932,0,214,"","None","2014-06-18 09:08:17","None"
443,2752033663,"darkMujahid","IndianMujahid","No affiliations with any group, just a twitter activist",235,242,2,2632,"","Urumqi","2014-08-21 12:14:56","None"
444,2552984221,"Saraya ♛","OneGreenPearl","",0,361,0,5,"","Stockholm","2014-06-07 17:11:06","None"
445,2451771199,"AlbanianWitness","Ridvan09479368","",293,643,2,848,"","None","2014-04-18 18:11:17","None"
446,2580999470,"Chyuka Ryori","ChyukaRyori1","",514,486,1,27020,"","Yerevan","2014-06-21 20:31:41","None"
447,2633552251,"Ms.Khan","tkghori","☆☆The Black Flags Will Rise☆☆ 17. Saudi Arabia",5,64,0,5,"","None","2014-07-12 23:30:52","None"
448,2499735376,"...","LemonTreeCat","^_^ Retweetos are no endorsmentos... Treehuggism| rainbow| toothfairy| colours...| I like fat lazy cats| I support protecting wild life.|Flowers and Trees ^_^",555,490,5,7230,"","None","2014-04-21 14:13:09","None"
449,2596600166,"Hais","Hais74","Not Affiliated with IS , just following the events and news ... Al Emran 54: they plan, and Allah Planned, and Allah is the best of planners. :) spread truth",601,273,5,5848,"","None","2014-06-30 16:31:18","http://t.co/nFeNkHBKHT"
450,964454720,"Shebnem","ShebnemShebnemx","",93,452,0,329,"","Baku","2012-11-22 15:28:09","None"
451,941529600,"Z.R","ZeroualR","",243,1241,0,0,"Earth","None","2012-11-11 15:27:15","None"
452,2694960730,"SeedsOfKhilafah","ArmyOvJustice","Witnessing the birth of the Khilafah. The men who love death as much as you love life.",71,35,1,393,"","None","2014-07-10 12:42:34","None"
453,2697204776,"M-D-K","y_dohak","",506,177,2,14008,"","Baghdad","2014-08-01 03:24:26","None"
454,607300702,"imara","Main_imara","Living life to the maximum..every day is new experience live it up to it.",119,57,1,396,"","None","2012-06-13 15:19:55","None"
455,2807622294,"faruq","lobis_roi","",27,70,0,34,"","None","2014-09-13 15:11:12","None"
456,324895032,"samiullah","samibinwakeel","",9,56,0,147,"","Islamabad","2011-06-27 11:50:20","None"
457,2707046283,"Ibn_Muhammad","jari_el","The Way Of Salaaf Of Our Righteous Predecessors| Just A Muslim Guy Striving For Jannaah. Ibn Muhammad Al Maghrabi",38,237,0,109,"","None","2014-07-13 13:23:18","None"
458,2780982204,"ثلاثة وعشرون","23Knowledge23","",8,112,0,2,"","None","2014-08-30 19:29:29","None"
459,2764265782,"Bakary Ceesay","bakary_ceesay","",3,58,0,10,"","None","2014-09-07 19:59:51","None"
460,2529403834,"Nourideen Zinki","NourideenZinki","",0,45,0,5,"","Ljubljana","2014-05-04 23:08:21","None"
461,2798445279,"Uummu kais","ummuukais","",172,263,0,109,"","None","2014-10-01 17:47:54","None"
462,2796683578,"قلب الأسد","LionessMikasa","Crusaders..decided to frighten the city into submission by showering it with the severed heads of murdered muslims catapulting them over the city's strong walls",313,692,0,2436,"","Mazatlan","2014-09-30 22:59:07","None"
463,2784027147,"Abu Jihad al-Amreeki","Abu_Jihad_","",163,119,4,631,"","None","2014-09-25 18:39:00","None"
464,119209826,"Dy","4mbo","",0,19,0,2,"","None","2010-03-03 00:14:14","None"
465,171300172,"Ghareeba","_Amatullah__","",151,192,0,1179,"","Sarajevo","2010-07-27 01:33:02","None"
466,1477880630,"Barcode","Barcode20","Bil ki, Allah'tan başka hak ilah yoktur.(Muhammed,19)",14,85,0,111,"","None","2013-06-02 18:10:31","None"
467,315710919,"shahrul haidi","shahrulhaidi","Kuala Lumpur. Muslim.",258,659,0,15319,"kl","None","2011-06-12 09:44:02","None"
468,2804535232,"Me Yesme","bavaryb","",3,61,0,0,"","None","2014-10-04 10:18:57","None"
469,2599550414,"abu khattab","chandabhome","",2,62,0,2,"","None","2014-07-02 09:50:07","None"
470,2785535653,"tquran16","tquran16","",16,131,0,132,"","None","2014-09-02 08:11:47","None"
471,525063795,"Joe Kamunyu","JoeKamunyu","Student at JKUAT",81,203,0,411,"","Baghdad","2012-03-15 05:30:29","None"
472,2739517694,"Amatullah88","VeriteSVP","RT&Follow =/= endorsement. Interested in news, knowledge about the Ummah. Not affiliated with any group. Searching for Truth.",8,167,0,276,"Dunya","Monrovia","2014-08-17 11:24:09","None"
473,2773972371,"Ibrahim al-Detroiti","aldetroiti","Takbir, ya Shaykh!",24,179,1,177,"Highland Park, Insha'allah","None","2014-09-17 23:33:08","None"
474,371746759,"أسد الحق","kuhelChowdhury","I am a very simple man",80,392,0,677,"Bangladesh","Dhaka","2011-09-11 12:49:07","None"
475,89909474,"Abu Mahathir","nazvedder","",21,140,0,77,"Shariff Aguak County","None","2009-11-14 09:59:59","http://t.co/AHHZFT6iMR"
476,2426303730,"omar moudjahid","moudjahid05","",34,160,0,71,"","None","2014-04-03 23:08:53","None"
477,2839550592,"Shahid Akbar","shahidakbar1064","",3,43,0,75,"","None","2014-10-04 03:15:54","None"
478,2577654097,"Johan Abirawa","JohanAbirawa","",4,34,0,30,"","None","2014-06-19 23:10:04","None"
479,2416084189,"musa","mujahidmusa123","‏الآن الآن جاء القتال :الدولة الاسلامية؟ باقية!!!",380,330,4,3883,"","None","2014-03-28 15:31:47","http://t.co/2eU54yBBLU"
480,2261922829,"Abu dhar","AbuDhar86","",6,44,0,8,"","None","2013-12-25 21:18:58","None"
481,1966862256,"greenturtle","monkeyturtles","Just because I retweet something it does not mean I share the same views. I just like to have as much information as possible before making judgement.",151,372,0,5622,"","None","2013-10-17 14:01:00","None"
482,494184144,"Azzam","bukuplus","",164,262,1,1420,"Indonesia","Jakarta","2012-02-16 16:26:49","None"
483,238494947,"umulbanat-Nomad س","ddnomade","Horse welfare activist, tree-hugger. Dislikes rape, torture, medical abuses and forced violent childbirth.",393,291,0,9016,"","Amsterdam","2011-01-15 09:03:09","None"
484,2650941212,"oluwa lodelade","kiniunojoye","A slave with the hope of mercy from his  Lord and fear HIS wrath.",24,197,0,142,"","None","2014-07-16 12:45:19","None"
485,2845071980,"AnsarAlUmmah2","ansaralummah3","IM BAAACK",387,307,1,521,"","None","2014-10-07 22:41:12","None"
486,1942810219,"Jacob Asad","JackAsad1","Anti-Lies - We Muslims Are Not Defeated By Our Enemies, We Are Defeated By The Hypocrites Among Us.",312,360,2,2892,"From  (Sham)","None","2013-10-07 03:09:09","None"
487,1355110922,"Follow Allah","shamus1924","Muslim Rights Activist. Writer, Researcher & Racer. May Allah Bless the Khilafah! Support the cause for humanities salvation from western designs of destruction",567,289,9,5777,"MAGHREB","Amsterdam","2013-04-15 19:12:59","None"
488,488708243,"Shah Javad","shahjavad","Ramadan Mubarak",8,19,0,3,"Bangalore","None","2012-02-10 19:10:49","None"
489,390025381,"halid ali","halid_ali","To ALLAH We belong and to HIM, We shall return.",50,89,0,132,"","None","2011-10-13 10:40:49","None"
490,2687307848,"montarin mamun","mamun_montarin","",27,302,0,56,"","None","2014-07-28 11:37:35","None"
491,762577514,"Grand Bombard","bombard1453","Islamic Resurrection | Judgement Day | Malhamah Kubro",140,150,0,2062,"","Jakarta","2012-08-16 23:53:07","None"
492,1489981951,"khilafah_is_here","abu_mutaz_","",64,87,0,174,"","None","2013-06-07 09:26:58","None"
493,145341268,"Al Isra","Al_Isra","",46,404,0,76,"","Greenland","2010-05-18 18:46:20","None"
494,471141045,"Mohammad","Muhammad_3232","SLAVE OF ALLAH.  proud Muslim.loves khilafah.NOT AFFILIATED WITH IS.No more coconut",24,152,0,342,"","Hawaii","2012-01-22 15:00:05","None"
495,2799671542,"Dustin S","DutnS","",8,100,0,0,"","None","2014-10-02 10:10:00","None"
496,391471763,"Мурад Атаев","murad4441","Информационный активист - #ИГ İnformation activist - #IS",503,1604,3,9285,"","None","2011-10-15 16:26:49","None"
497,2589843990,"zubri","wildboy80","",10,148,0,29,"","None","2014-06-26 16:22:24","None"
498,2790570579,"IS⚡FanBoy999☝","ISFanBoy999","I proudly love and support Islamic State. They are the true heroes of Islam. InshaAllah they will be victormious.",208,290,1,522,"","None","2014-09-29 03:34:41","None"
499,2777604579,"Mrking7804","mrking7804","",1,55,0,0,"","None","2014-09-20 10:41:25","None"
500,81401980,"Ibn Taha","Ibn_Taha","55:38 - So which of the favors of your Lord would you deny?",56,279,0,128,"","Greenland","2009-10-10 17:30:47","None"
501,2190070931,"Yvonne Maria Werner","yvonnemaria13","Jag är katolik och professor i historia vid Lunds universitet. I min min forskning har jag framför allt ägnat mig åt den katolska kyrkans modernare historia.",19,36,1,165,"Malmö i Skåne","Copenhagen","2013-11-21 15:53:03","http://t.co/FfKfELIdiF"
502,2740054094,"AHAMED ","Ahamedfathhhh","i do some thing my life being for Shaheed My Name : ShaheedLocation : Jannatul Firdows",6,105,0,11,"Islamic state","Midway Island","2014-08-17 16:36:10","None"
503,2692253190,"Abu Naaila","AbuNaaila","war expert and middle east analyst",5,68,0,8,"","None","2014-07-30 09:10:24","None"
504,943371032,"Mz01 _EC","ec_mz01","Easy going person, friendly and down to earth!",53,608,0,127,"","None","2012-11-12 11:54:46","None"
505,2796137542,"UmmKhaled13","UmmKhaled13","There Is No God But Allah And Muhammad Is His Messenger.  Revert since summer, alhamdullilah. Hoping Allah is patient while I learn.",52,431,0,36,"fi dunya","London","2014-09-30 19:32:37","None"
506,263885132,"Dmmmm","DHausaMan","Put all ur trust in Allah, and Allah will help u.",60,179,0,0,"","Casablanca","2011-03-10 22:55:52","None"
507,2841302713,"Seif bin Seif","rayrashcow26","Baaqiya Wa Tatamaddad☝️",15,176,0,6,"","None","2014-10-05 12:21:33","None"
508,2668412516,"zaid","Omer_Hassau","",19,79,0,236,"","None","2014-07-22 04:49:31","None"
509,752729762,"Mohamed Mufeed","mufeeee","",55,283,0,304,"","None","2012-08-12 08:22:02","None"
510,2748472006,"Khadija","PraySalat","Tweets, retweets, favourites & follows are for academic application only! Thanks!",56,199,0,502,"","Kyiv","2014-08-20 21:33:54","None"
511,46439785,"Robbert Salome","robbertsalome","verslaggever AD/Haagsche Courant",306,770,7,512,"","Greenland","2009-06-11 17:33:50","None"
512,2788306091,"Marwan ","BaniHillal","",1030,115,5,609,"","None","2014-09-28 01:18:36","None"
513,2836351759,"abu khattab australi","AbuAustrali","",261,174,2,134,"dar al kufr-down under","None","2014-10-01 07:01:44","None"
514,1093098680,"☝️","servantofallah3","Keeping up with the current affairs of the Ummah. Tweets/RT/Fav ≠ Endorsement.",44,177,0,16,"","None","2013-01-15 20:01:15","None"
515,401741819,"Ibrahim H.","IbrahimH_","",124,229,0,294,"","Amsterdam","2011-10-31 00:58:07","None"
516,2265743774,"Tahir Bin Yousuf","anikreal1","I'm a student.",157,1386,0,7151,"","None","2013-12-28 10:58:57","None"
517,2810234127,"Moist Police","Moist_Popo","الأمر بالمعروف والنهي عن المنكر(al-amr bi 'l-maʿruf wa 'n-nahy ʿani 'l-munkar)Enjoining good and forbidding what is evil",54,92,1,20,"","None","2014-10-06 13:05:30","None"
518,2796708638,"...","x__12345","volgt de nieuws in syrie/irak/midden oosten over IS",21,274,0,132,"","None","2014-09-07 21:53:42","None"
519,437578598,"Ali Nisar Ahmed","AliNisarAhmed","Anti-democracy, Anti-Capitalism, Anti-Imperialism, Anti-Nationalism, Anti-Patriotism, Anti-Secularism, Anti-Liberalism, Anti-Semitic.",64,468,0,256,"Karachi, Pakistan","Karachi","2011-12-15 15:45:34","None"
520,101669282,"Naushad2982","naushad2982","",31,306,1,860,"","None","2010-01-04 05:26:18","None"
521,486632518,"Bint Ahmad","esperanza543","I'm a linguist",724,504,5,10838,"","Kyiv","2012-02-08 14:04:24","None"
522,1630983498,"Miricle Witness","FarooqUmer86","",71,243,0,181,"","None","2013-07-29 18:49:26","None"
523,2816922678,"sohail shaikh","sohail1426","",2,75,0,0,"","None","2014-09-18 12:22:47","None"
524,2601832549,"ismvh","ismvh","",107,575,0,1313,"","None","2014-07-03 15:10:33","None"
525,2782324259,"umm ihsamana","SulaimahAbdul","",10,65,0,99,"","None","2014-09-24 09:49:39","None"
526,2757572152,"بنت بـغدآد#بآقيـة","sarahmo7medd","منآصره #الدولة_الاسلامية ||اميري#ابو_بكر_البغدادي |نحن العراقيين السنه والدولة الاسلامية واحد ارواحنا فداء لارواحهم ودمائنا فداء لدمائهم | الخاص للنساء فقط^^",2644,1576,9,4308,"دولتنا منصـوره^","None","2014-08-31 21:02:38","None"
527,582255615,"Kevin Bryce","KevinBryce1","Muslim,UK Hip Hop fan from day, Liverpool fan, Rugby League mad, Puroresu, boxing fanatic and got the cutest kid bar none!!!",81,400,0,2378,"London","None","2012-05-16 21:18:32","None"
528,18450890,"Qasim","EastSouthPaw","Muslim, Football (Arsenal), Boxing and Sneakers. RTs ≠ endorsements.Following ≠ endorsements",107,677,0,1079,"UK","None","2008-12-29 15:03:06","None"
529,102439034,"D","datFlyKidd","",1,23,0,0,"","None","2010-01-06 18:12:57","None"
530,2773137428,"Raharjo","akuraharjo","",3,101,0,19,"","None","2014-08-27 12:34:59","None"
531,272486371,"Django Diablo","Gosara1135","",0,77,2,5,"","Amsterdam","2011-03-26 16:20:39","None"
532,2793818645,"Ringtone","loudhatif","",751,407,9,2706,"","None","2014-09-30 07:31:08","None"
533,2337864620,"Truth","Junoodullah","I do not support terrorism. Not affiliated with any group. Use twitter for news and research.",77,108,1,769,"","None","2014-02-11 06:24:49","None"
534,429195854,"C`tje","__Carletto","",11,47,0,249,"the hood Delfshaven","Athens","2011-12-05 17:40:55","None"
535,2603695987,"Anas Bin Abdul Wahab","anas_abdulwahab","",25,169,0,5,"melbourne","None","2014-07-04 15:30:47","None"
536,846829453,"H. abdou afriki","habdou5038","I really love the #islamicState and insha allah will do anything to support it and it's khalifah  #baqiyah",35,104,3,174,"Jihad4life insh allah","None","2012-09-26 05:32:52","None"
537,2801362930,"Muhajirah Amatullah","BintWater","I`m just a random girl with access to the internet. I'm harmless. My views aren't discussed during IS Shurah meetings. #SleepEasy #Relax Formerly @MadeFromWater",267,89,0,271,"","None","2014-10-03 04:31:58","None"
538,2517099133,"Majutak Gentar","Majutak01","",56,347,0,2036,"","Jakarta","2014-05-23 06:06:49","None"
539,2197577153,"AlternateAngle9","AlternateAngle9","",211,763,2,29,"","None","2013-11-27 06:51:10","None"
540,2593662092,"Jeremy Ward","2jdward","",25,123,2,358,"","None","2014-06-28 20:52:43","None"
541,44822063,"M3diantara","M3diantara","",10,101,0,13,"ÜT: -6.390358,106.835008","Jakarta","2009-06-05 04:37:12","None"
542,1675823766,"Desert Knight","Knight4Desert","",18,161,0,9,"","Kyiv","2013-08-16 14:23:53","None"
543,2302475376,"Tariq Umar","dshazi10","",20,222,0,1113,"","New Delhi","2014-01-21 04:21:17","None"
544,231573091,"Ümm Łîñä","FreeFalasteen","Scots Lassie living in Algeria! Exposing zionism and fighting for the rights of a Free Palestine. Middle East & N.African politics, Slave of the Almighty Allah!",1543,1987,59,61280,"Algiers, Algeria","Amsterdam","2010-12-28 22:21:50","None"
545,2783822209,"أم فارس","bint_ishaaq","3rd account - formerly known as @amatur_rahman | If u don't find me in Jannah please ask about me.IG: amatur_rahman",633,574,9,2118,"","None","2014-09-01 09:02:18","http://t.co/UHhPz1SXmW"
546,457314688,"Abu Amatullah","nil1123","Baqiya! Biidhnillah",126,244,1,2992,"From water!!!","Atlantic Time (Canada)","2012-01-07 08:07:30","None"
547,191058806,"_sidetracked","tradiesplace","",1575,1811,11,19862,"","Melbourne","2010-09-15 14:24:11","None"
548,33522966,"Amir Putra","AmirPutraJumat","BAQIYA!",3,55,0,14,"","Alaska","2009-04-20 14:09:42","None"
549,2204190377,"Umm Uwais","ummuwais11","وَاعْبُدْ رَبَّكَ حَتَّىٰ يَأْتِيَكَ الْيَقِينُ.  ♥ الدولة الإسلامية♥",165,404,0,50,"طالب العلم","Kyiv","2013-12-02 06:20:45","None"
550,2670419059,"Hum Hindustani","kml_dans","",7,80,0,0,"","None","2014-07-22 19:30:33","None"
551,2242889534,"yusuf","Marwan52Mahdi","",51,216,0,199,"","None","2013-12-12 20:36:23","None"
552,297450801,"Mindvision","MindvisionMedia","No bad mind crosses over the next border, No babylon ship can dock up inna we harbour, No Wickedness, righteousness much broader.",44,402,0,221,"","None","2011-05-12 14:51:06","None"
553,1467446959,"Czar Mohammad Nash","CzarMohammad","",19,44,0,263,"","None","2013-05-29 14:34:01","None"
554,235870569,"Only My Railgun ...","Pasir_waktu","Close to U",74,327,0,186,"Fil Ardh","None","2011-01-09 07:48:22","None"
555,2275750808,"khamzat","khamzat13","",2,62,0,49,"","Islamabad","2014-01-04 07:51:59","None"
556,1035203550,"shiful","shiful333","",5,96,0,51,"","None","2012-12-25 17:13:41","http://t.co/kf4lxHkF"
557,2155711137,"Mohommed","AbdulQadir00","",31,414,0,0,"","Athens","2013-10-27 11:55:26","None"
558,2547651463,"Rizwan Khan","aliflr","",10,122,0,40,"","Karachi","2014-06-05 07:56:36","None"
559,2765609929,"Trainee Trepanner","TrepanningTroll","Learning the easy way to penetrate the cranium",9,45,0,191,"Under Bridges - In Mountains -","None","2014-08-25 07:06:09","None"
560,2798269099,"khilafah islam","khilafahi","",111,329,1,297,"","None","2014-09-08 16:42:44","None"
561,2809746206,"مخالب تحت أجنحتي","kh_khana","☝️Muslima; living in this dunya, aiming for jannah☝️إله واحد إلى أبد الآبدين ☝雌伏雄飛☝",101,379,0,2649,"","None","2014-09-14 16:25:06","None"
562,2610806869,"sup","gws333","",0,41,0,0,"","Brisbane","2014-07-08 01:23:12","None"
563,2827944631,"Abu Kamikaze","AbuKamikaze","reckless and self destructive. Pro Jihad. Pro Caliphate.",26,96,0,246,"","None","2014-09-23 11:30:49","None"
564,2741603118,"Muslim Girl","muslimgirl1994","If they do not withdraw from you, offer you peace, andrestrain their hands, then you shall take them and kill them where you find them [4:91]",67,69,0,358,"Earth","Kuala Lumpur","2014-08-18 08:01:29","None"
565,2795582920,"The Light ™ ","TheLightTrilogy","Series on Tawheed & Current Events for the purpose of Education, Research & Analysis. Cat lovers are welcome.",731,109,1,93,"","None","2014-09-30 16:57:10","http://t.co/2YAlTBVFY6"
566,378680084,"Ahmath Rihan","Ahmath_Rihan","#MedicalStudent #ImWithUGaza",25,132,0,300,"Srilanka","Chennai","2011-09-23 16:31:55","None"
567,340717498,"asfaque ahmed","asfaque_ahmed76","",14,91,0,103,"","None","2011-07-23 04:26:44","None"
568,107005340,"AHMAD BOKHARI","SixthBoo","This is my Official Sixth Bo accaunt. You may not going to miss what i am going to tell u.",34,212,0,99,"","Kuala Lumpur","2010-01-21 09:18:30","None"
569,2749809151,"١١٧٦","SalafiPasTalafi","الدولة الاسلامية",620,337,1,23246,"Sayf al Dawla, Alep","Paris","2014-08-20 17:42:27","None"
570,2591220511,"setup1x","zulkefliomar76","",12,230,0,193,"","Kuala Lumpur","2014-06-27 11:05:06","None"
571,2720413432,"Mohammed Shams","shamimb1y","Isreal terrorist state. Sheikh Abu Muhammad al Adnani, O Americans, O Europeans, #IS did not initiate a war against you, as your gov and media make you believe",551,354,10,10990,"Planet Earth","None","2014-07-22 03:57:11","None"
572,2835920131,"Abu Bakr س ","abubakrpro","So which of the favors of your Lord would you deny? - [55:13] http://t.co/Ll9vsQwZsw",1658,535,9,6409,"Baqiyah town","Monrovia","2014-09-30 14:57:58","None"
573,293186162,"Spickupiblic","Spici1","",5,107,0,499,"Macedonia","Greenland","2011-05-04 22:25:58","None"
574,2729470839,"Black_Glass","blackglass__","",163,584,2,2711,"far far north - min","None","2014-07-31 00:01:13","None"
575,2480980496,"Arba Ramzi","ArbaRamzi","",105,83,2,5297,"","Mexico City","2014-05-07 01:29:35","None"
576,106029201,"kausar","kausarazmi","",209,1457,1,138,"lucknow india / nawabi city","New Delhi","2010-01-18 07:54:53","None"
577,2503789981,"Imkan Suleyman","ImkanSuleyman","Against DRUGS. Against Injustice. Against Murdering innocents. Against Prostitution",297,65,3,597,"Caliphate","None","2014-05-18 08:07:30","None"
578,2606528929,"Talha Shakeel","talha_pak","",4,101,0,1,"","None","2014-07-06 01:37:59","None"
579,65869603,"•","adeebbaig","",106,458,3,1489,"Dar Al Kufr","Hawaii","2009-08-15 09:53:52","None"
580,2290119846,"دولـةالخلافـة #اردو","IS_0rdu","اول حساب ينقل #‏اخباردولـةالخلافـة الاسلامية #‏بلغةالاردو ۔ دولـةالخلافـة الاسلامية کی خبریں نشر کرنے والا پہلا اردو اکاؤنٹ",1785,502,7,212,"ولاية باکستان ","Monrovia","2014-01-13 19:35:13","http://t.co/fXasnBF34N"
581,2793378549,"Hazim_Nasser","HazmNasr","Observers from Martian. I'm back, and I'm back because my thabaat and sabr is high for supporting the deen! Obversing since 2001. RT's aren't endorsement.",749,69,5,1419,"","None","2014-09-30 02:43:24","None"
582,2793645171,"المسلم يفكر ","TheMuslimThink2","متخصاص اقتصادي, باحث ومطلع في تاريخ القديم و المعاصر و انساب العرب افتخر اني مسلم متفكر",471,956,2,1259,"","None","2014-09-30 05:43:39","None"
583,2621296537,"abuu ayman as somali","kalfadhi","",18,70,0,82,"","None","2014-07-12 08:04:44","None"
584,128940861,"Suhail Yusufzai","SuhailAsSalafi","Just a Muslim. No Affiliation to Any Group. RT ≠ endorsement. Tweets in English, Pashto & Arabic.",1328,438,9,9368,"Accountancy Student ","London","2010-04-02 17:38:44","None"
585,2809061065,"aziz khan","ravidas9085","MAN IS MORTAL",120,714,0,2203,"","None","2014-09-14 08:24:01","None"
586,1630487928,"Ahmed Aflal","a_aflal","",25,436,0,1,"Malè","None","2013-07-29 14:41:07","None"
587,2677242969,"Abu Bakr Al 3raqi","dodo1924d","- Dowlat Al Khilafah Baqiyah -",197,122,1,321,"","None","2014-07-05 23:49:56","None"
588,2795786943,"Al Arabi (س)","AlArabi__","Tweets on the Arab world. Iraq and Ash-Shaam, the imminent collapse of Israel. Technology, History etc. RT =/= endorsements.",1409,104,11,1065,"Muslim/Arab World ","London","2014-09-30 18:06:56","None"
589,2602010280,"NusantaraWitness","NusantarWitness","Analyst and Observer of Indonesian History, Political Development and Islamic Awakening",795,231,9,4231,"","None","2014-07-03 17:54:08","https://t.co/UMEhgHFwu8"
590,2814344970,"Abu_Syrie","AbuSyrie","",9,214,0,1,"","None","2014-09-17 06:47:25","None"
591,138971898,"Hana","Hana1_155","SUBAHAANALAAH",114,247,0,246,"","Brisbane","2010-05-01 04:53:09","None"
592,56716934,"EPIC ☝","epicloser","23. Stranger than ever. Living in great irony.",4276,3696,38,112524,"Malé . Maldives . Khurasan","Islamabad","2009-07-14 15:01:58","None"
593,2741136792,"bruangkoko","bruangkoko","",1,21,0,3,"","None","2014-08-18 03:29:42","None"
594,2805889528,"Umm Hurayra","Raging_lioness","A raging Lioness - ready to rip Kuffs,coco's, n their ilk with my claws! RaaAAaaWrrrR! Suspend my Account again and I'll BRB :)",163,163,1,172,"The Jungle","None","2014-10-04 17:26:46","None"
595,2260318100,"║ αηтιнεяσ ║","ASupercivilian","Humor, the only redemption of dignity, reality, and personality this country leaves us with.ربعاويhttp://t.co/KuMlvdhSjg",484,348,8,33823,"","Cairo","2013-12-24 14:14:47","None"
596,2574946785,"Dawlat al islam ","mustafaghurabah","",273,582,1,1773,"","None","2014-06-01 08:40:57","None"
597,2799016939,"Ummu Zakiyya","Ummu_Zakiyya","Khilaphah is the solution !!!http://t.co/kGmmnQqczb",478,239,2,3305,"","Baku","2014-09-09 01:42:02","None"
598,149169332,"Tepati Hak Kewajiban","tepatihk","g4pt3k",0,336,0,30,"","None","2010-05-28 15:57:31","None"
599,2451577776,"Al Wardanie","balek15","Having Imaan is most important thing that a servant of Allaah can possess there you can find peace and satisfaction",98,197,1,853,"","None","2014-04-18 15:59:33","None"
600,2342068546,"Hamza A/Rahman Bello","HamzaBello9","Son Of Islam",9,91,0,240,"","None","2014-02-13 21:22:54","None"
601,2756104449,"CruSAYders","CruSAYders","Peaceful Muslims present no problem. Those who don't condemn terrorism are complicit in it. Radical terrorists must be eradicated.",427,1000,2,939,"crusaders@nym.hush.com","None","2014-08-30 19:12:52","None"
602,428318892,"آبو صبر الخراساني","masoodnejrab","",86,526,0,343,"","None","2011-12-04 16:25:29","None"
603,2506363110,"Elmahdi","StatoIslamico","",45,205,0,127,"","None","2014-05-19 04:31:05","None"
604,2249806422,"Zulfi Hoxha","ZulfiHoxha","",8,16,0,47,"","None","2013-12-17 04:39:35","None"
605,2578136382,"عمر ابراهیم","sharifmd2","",40,150,0,198,"Herat, Afghanistan","None","2014-06-20 06:20:49","None"
606,2595016494,"Auleeya Kareem","auleeya_kareem","",138,346,1,2557,"","Jakarta","2014-06-29 16:42:48","None"
607,2836867200,"muraasil","muraasil_","",22,257,0,0,"","None","2014-10-01 16:24:44","None"
608,137450308,"oct. 14th ‼️","2fatNcrazy","Not pro-War or Pro-islam neither am I against them . Pro-Peace",913,481,0,18183,"NC","Eastern Time (US & Canada)","2010-04-26 19:57:01","None"
609,2587176104,"Observer","observerincog","Not affiliated with any group. RTs, favs, tweets not endorsement",171,442,1,1629,"Planet Earth","Baku","2014-06-25 09:12:44","None"
610,2587258794,"Jan Jansen","JanJans07770664","",3,134,0,0,"","Casablanca","2014-06-25 10:27:09","None"
611,2222233640,"Khaled Al-Waled","KhaledAlWaled18","Anti Thogut",38,38,0,58,"Balikpapan","Beijing","2013-11-30 00:48:28","http://t.co/Hzvea0UWZX"
612,2799493919,"Abu Bakr Al-Kashmiri","abubakr1492","Pigs Suspended my acc again!Abu Bakr Al-Kashmiri;) My Allegiance is to Allaah, His Messenger SAAS & Khalifatul Muslimeen Abu Bakr Al-Baghdadi",512,771,2,971,"Dar Al......","None","2014-10-02 06:57:36","http://t.co/teVPjTswwo"
613,255470513,"AllTurkey's Mother","Allyn3237","",408,1260,3,4622,"Islamic States","None","2011-02-21 12:41:15","None"
614,2809901051,"faith full","AramDusky","",19,188,0,162,"","None","2014-10-06 09:42:20","None"
615,2154441645,"Islam will win ☝️","HalieSheikh","Islam is peace and will propagate that so long as I live. RTs are not endorsements Annoy me N Ur blocked. Not affiliated with IS . Political student",1585,54,17,8017,"in the kitchen making sandwich","None","2013-10-26 15:17:09","http://t.co/EyFTYrs53O"
